"Id","Cement","Blast_Furnace_Slag","Fly Ash","Water","Superplasticizer","Coarse_Aggregate","Fine_Aggregate","Age","Concrete_compressive_strength"
1.00,540.00,0.00,0.00,162.00,2.50,1040.00,676.00,28.00,79.98
2.00,540.00,0.00,0.00,162.00,2.50,1055.00,676.00,28.00,61.88
3.00,332.50,142.50,0.00,228.00,0.00,932.00,594.00,270.00,40.26
4.00,332.50,142.50,0.00,228.00,0.00,932.00,594.00,365.00,41.05
5.00,198.60,132.40,0.00,192.00,0.00,978.40,825.50,360.00,44.29
6.00,266.00,114.00,0.00,228.00,0.00,932.00,670.00,90.00,47.02
7.00,380.00,95.00,0.00,228.00,0.00,932.00,594.00,365.00,43.69
8.00,380.00,95.00,0.00,228.00,0.00,932.00,594.00,28.00,36.44
9.00,266.00,114.00,0.00,228.00,0.00,932.00,670.00,28.00,45.85
10.00,475.00,0.00,0.00,228.00,0.00,932.00,594.00,28.00,39.28
11.00,198.60,132.40,0.00,192.00,0.00,978.40,825.50,90.00,38.07
12.00,198.60,132.40,0.00,192.00,0.00,978.40,825.50,28.00,28.02
13.00,427.50,47.50,0.00,228.00,0.00,932.00,594.00,270.00,43.01
14.00,190.00,190.00,0.00,228.00,0.00,932.00,670.00,90.00,42.32
15.00,304.00,76.00,0.00,228.00,0.00,932.00,670.00,28.00,47.81
16.00,380.00,0.00,0.00,228.00,0.00,932.00,670.00,90.00,52.90
17.00,139.60,209.40,0.00,192.00,0.00,1047.00,806.90,90.00,39.35
18.00,342.00,38.00,0.00,228.00,0.00,932.00,670.00,365.00,56.14
19.00,380.00,95.00,0.00,228.00,0.00,932.00,594.00,90.00,40.56
20.00,475.00,0.00,0.00,228.00,0.00,932.00,594.00,180.00,42.62
21.00,427.50,47.50,0.00,228.00,0.00,932.00,594.00,180.00,41.83
22.00,139.60,209.40,0.00,192.00,0.00,1047.00,806.90,28.00,28.23
23.00,139.60,209.40,0.00,192.00,0.00,1047.00,806.90,3.00,8.06
24.00,139.60,209.40,0.00,192.00,0.00,1047.00,806.90,180.00,44.20
25.00,380.00,0.00,0.00,228.00,0.00,932.00,670.00,365.00,52.51
26.00,380.00,0.00,0.00,228.00,0.00,932.00,670.00,270.00,53.30
27.00,380.00,95.00,0.00,228.00,0.00,932.00,594.00,270.00,41.15
28.00,342.00,38.00,0.00,228.00,0.00,932.00,670.00,180.00,52.12
29.00,427.50,47.50,0.00,228.00,0.00,932.00,594.00,28.00,37.42
30.00,475.00,0.00,0.00,228.00,0.00,932.00,594.00,7.00,38.60
31.00,304.00,76.00,0.00,228.00,0.00,932.00,670.00,365.00,55.26
32.00,266.00,114.00,0.00,228.00,0.00,932.00,670.00,365.00,52.90
33.00,198.60,132.40,0.00,192.00,0.00,978.40,825.50,180.00,41.71
34.00,475.00,0.00,0.00,228.00,0.00,932.00,594.00,270.00,42.13
35.00,190.00,190.00,0.00,228.00,0.00,932.00,670.00,365.00,53.69
36.00,237.50,237.50,0.00,228.00,0.00,932.00,594.00,270.00,38.40
37.00,237.50,237.50,0.00,228.00,0.00,932.00,594.00,28.00,30.07
38.00,332.50,142.50,0.00,228.00,0.00,932.00,594.00,90.00,37.72
39.00,475.00,0.00,0.00,228.00,0.00,932.00,594.00,90.00,42.22
40.00,237.50,237.50,0.00,228.00,0.00,932.00,594.00,180.00,36.25
41.00,342.00,38.00,0.00,228.00,0.00,932.00,670.00,90.00,50.45
42.00,427.50,47.50,0.00,228.00,0.00,932.00,594.00,365.00,43.69
43.00,237.50,237.50,0.00,228.00,0.00,932.00,594.00,365.00,38.99
44.00,380.00,0.00,0.00,228.00,0.00,932.00,670.00,180.00,53.10
45.00,427.50,47.50,0.00,228.00,0.00,932.00,594.00,90.00,41.54
46.00,427.50,47.50,0.00,228.00,0.00,932.00,594.00,7.00,35.07
47.00,349.00,0.00,0.00,192.00,0.00,1047.00,806.90,3.00,15.04
48.00,380.00,95.00,0.00,228.00,0.00,932.00,594.00,180.00,40.75
49.00,237.50,237.50,0.00,228.00,0.00,932.00,594.00,7.00,26.25
50.00,380.00,95.00,0.00,228.00,0.00,932.00,594.00,7.00,32.82
51.00,332.50,142.50,0.00,228.00,0.00,932.00,594.00,180.00,39.77
52.00,190.00,190.00,0.00,228.00,0.00,932.00,670.00,180.00,46.93
53.00,237.50,237.50,0.00,228.00,0.00,932.00,594.00,90.00,33.11
54.00,304.00,76.00,0.00,228.00,0.00,932.00,670.00,90.00,49.18
55.00,139.60,209.40,0.00,192.00,0.00,1047.00,806.90,7.00,14.58
56.00,198.60,132.40,0.00,192.00,0.00,978.40,825.50,7.00,14.63
57.00,475.00,0.00,0.00,228.00,0.00,932.00,594.00,365.00,41.93
58.00,198.60,132.40,0.00,192.00,0.00,978.40,825.50,3.00,9.13
59.00,304.00,76.00,0.00,228.00,0.00,932.00,670.00,180.00,50.94
60.00,332.50,142.50,0.00,228.00,0.00,932.00,594.00,28.00,33.01
61.00,304.00,76.00,0.00,228.00,0.00,932.00,670.00,270.00,54.37
62.00,266.00,114.00,0.00,228.00,0.00,932.00,670.00,270.00,51.73
63.00,310.00,0.00,0.00,192.00,0.00,971.00,850.60,3.00,9.86
64.00,190.00,190.00,0.00,228.00,0.00,932.00,670.00,270.00,50.65
65.00,266.00,114.00,0.00,228.00,0.00,932.00,670.00,180.00,48.69
66.00,342.00,38.00,0.00,228.00,0.00,932.00,670.00,270.00,55.06
67.00,139.60,209.40,0.00,192.00,0.00,1047.00,806.90,360.00,44.69
68.00,332.50,142.50,0.00,228.00,0.00,932.00,594.00,7.00,30.27
69.00,190.00,190.00,0.00,228.00,0.00,932.00,670.00,28.00,40.85
70.00,485.00,0.00,0.00,146.00,0.00,1120.00,800.00,28.00,71.98
71.00,374.00,189.20,0.00,170.10,10.10,926.10,756.70,3.00,34.39
72.00,313.30,262.20,0.00,175.50,8.60,1046.90,611.80,3.00,28.79
73.00,425.00,106.30,0.00,153.50,16.50,852.10,887.10,3.00,33.39
74.00,425.00,106.30,0.00,151.40,18.60,936.00,803.70,3.00,36.30
75.00,375.00,93.80,0.00,126.60,23.40,852.10,992.60,3.00,28.99
76.00,475.00,118.80,0.00,181.10,8.90,852.10,781.50,3.00,37.79
77.00,469.00,117.20,0.00,137.80,32.20,852.10,840.50,3.00,40.19
78.00,425.00,106.30,0.00,153.50,16.50,852.10,887.10,3.00,33.39
79.00,388.60,97.10,0.00,157.90,12.10,852.10,925.70,3.00,28.09
80.00,531.30,0.00,0.00,141.80,28.20,852.10,893.70,3.00,41.29
81.00,425.00,106.30,0.00,153.50,16.50,852.10,887.10,3.00,33.39
82.00,318.80,212.50,0.00,155.70,14.30,852.10,880.40,3.00,25.20
83.00,401.80,94.70,0.00,147.40,11.40,946.80,852.10,3.00,41.09
84.00,362.60,189.00,0.00,164.90,11.60,944.70,755.80,3.00,35.30
85.00,323.70,282.80,0.00,183.80,10.30,942.70,659.90,3.00,28.29
86.00,379.50,151.20,0.00,153.90,15.90,1134.30,605.00,3.00,28.59
87.00,362.60,189.00,0.00,164.90,11.60,944.70,755.80,3.00,35.30
88.00,286.30,200.90,0.00,144.70,11.20,1004.60,803.70,3.00,24.40
89.00,362.60,189.00,0.00,164.90,11.60,944.70,755.80,3.00,35.30
90.00,439.00,177.00,0.00,186.00,11.10,884.90,707.90,3.00,39.30
91.00,389.90,189.00,0.00,145.90,22.00,944.70,755.80,3.00,40.59
92.00,362.60,189.00,0.00,164.90,11.60,944.70,755.80,3.00,35.30
93.00,337.90,189.00,0.00,174.90,9.50,944.70,755.80,3.00,24.09
94.00,374.00,189.20,0.00,170.10,10.10,926.10,756.70,7.00,46.20
95.00,313.30,262.20,0.00,175.50,8.60,1046.90,611.80,7.00,42.79
96.00,425.00,106.30,0.00,153.50,16.50,852.10,887.10,7.00,49.20
97.00,425.00,106.30,0.00,151.40,18.60,936.00,803.70,7.00,46.80
98.00,375.00,93.80,0.00,126.60,23.40,852.10,992.60,7.00,45.69
99.00,475.00,118.80,0.00,181.10,8.90,852.10,781.50,7.00,55.59
100.00,469.00,117.20,0.00,137.80,32.20,852.10,840.50,7.00,54.89
101.00,425.00,106.30,0.00,153.50,16.50,852.10,887.10,7.00,49.20
102.00,388.60,97.10,0.00,157.90,12.10,852.10,925.70,7.00,34.90
103.00,531.30,0.00,0.00,141.80,28.20,852.10,893.70,7.00,46.89
104.00,425.00,106.30,0.00,153.50,16.50,852.10,887.10,7.00,49.20
105.00,318.80,212.50,0.00,155.70,14.30,852.10,880.40,7.00,33.39
106.00,401.80,94.70,0.00,147.40,11.40,946.80,852.10,7.00,54.09
107.00,362.60,189.00,0.00,164.90,11.60,944.70,755.80,7.00,55.89
108.00,323.70,282.80,0.00,183.80,10.30,942.70,659.90,7.00,49.80
109.00,379.50,151.20,0.00,153.90,15.90,1134.30,605.00,7.00,47.09
110.00,362.60,189.00,0.00,164.90,11.60,944.70,755.80,7.00,55.89
111.00,286.30,200.90,0.00,144.70,11.20,1004.60,803.70,7.00,37.99
112.00,362.60,189.00,0.00,164.90,11.60,944.70,755.80,7.00,55.89
113.00,439.00,177.00,0.00,186.00,11.10,884.90,707.90,7.00,56.09
114.00,389.90,189.00,0.00,145.90,22.00,944.70,755.80,7.00,59.09
115.00,362.60,189.00,0.00,164.90,11.60,944.70,755.80,7.00,22.89
116.00,337.90,189.00,0.00,174.90,9.50,944.70,755.80,7.00,35.10
117.00,374.00,189.20,0.00,170.10,10.10,926.10,756.70,28.00,61.09
118.00,313.30,262.20,0.00,175.50,8.60,1046.90,611.80,28.00,59.79
119.00,425.00,106.30,0.00,153.50,16.50,852.10,887.10,28.00,60.29
120.00,425.00,106.30,0.00,151.40,18.60,936.00,803.70,28.00,61.79
121.00,375.00,93.80,0.00,126.60,23.40,852.10,992.60,28.00,56.69
122.00,475.00,118.80,0.00,181.10,8.90,852.10,781.50,28.00,68.29
123.00,469.00,117.20,0.00,137.80,32.20,852.10,840.50,28.00,66.89
124.00,425.00,106.30,0.00,153.50,16.50,852.10,887.10,28.00,60.29
125.00,388.60,97.10,0.00,157.90,12.10,852.10,925.70,28.00,50.69
126.00,531.30,0.00,0.00,141.80,28.20,852.10,893.70,28.00,56.39
127.00,425.00,106.30,0.00,153.50,16.50,852.10,887.10,28.00,60.29
128.00,318.80,212.50,0.00,155.70,14.30,852.10,880.40,28.00,55.49
129.00,401.80,94.70,0.00,147.40,11.40,946.80,852.10,28.00,68.49
130.00,362.60,189.00,0.00,164.90,11.60,944.70,755.80,28.00,71.29
131.00,323.70,282.80,0.00,183.80,10.30,942.70,659.90,28.00,74.69
132.00,379.50,151.20,0.00,153.90,15.90,1134.30,605.00,28.00,52.20
133.00,362.60,189.00,0.00,164.90,11.60,944.70,755.80,28.00,71.29
134.00,286.30,200.90,0.00,144.70,11.20,1004.60,803.70,28.00,67.69
135.00,362.60,189.00,0.00,164.90,11.60,944.70,755.80,28.00,71.29
136.00,439.00,177.00,0.00,186.00,11.10,884.90,707.90,28.00,65.99
137.00,389.90,189.00,0.00,145.90,22.00,944.70,755.80,28.00,74.49
138.00,362.60,189.00,0.00,164.90,11.60,944.70,755.80,28.00,71.29
139.00,337.90,189.00,0.00,174.90,9.50,944.70,755.80,28.00,49.89
140.00,374.00,189.20,0.00,170.10,10.10,926.10,756.70,56.00,63.39
141.00,313.30,262.20,0.00,175.50,8.60,1046.90,611.80,56.00,64.90
142.00,425.00,106.30,0.00,153.50,16.50,852.10,887.10,56.00,64.30
143.00,425.00,106.30,0.00,151.40,18.60,936.00,803.70,56.00,64.90
144.00,375.00,93.80,0.00,126.60,23.40,852.10,992.60,56.00,60.19
145.00,475.00,118.80,0.00,181.10,8.90,852.10,781.50,56.00,72.29
146.00,469.00,117.20,0.00,137.80,32.20,852.10,840.50,56.00,69.29
147.00,425.00,106.30,0.00,153.50,16.50,852.10,887.10,56.00,64.30
148.00,388.60,97.10,0.00,157.90,12.10,852.10,925.70,56.00,55.19
149.00,531.30,0.00,0.00,141.80,28.20,852.10,893.70,56.00,58.79
150.00,425.00,106.30,0.00,153.50,16.50,852.10,887.10,56.00,64.30
151.00,318.80,212.50,0.00,155.70,14.30,852.10,880.40,56.00,66.10
152.00,401.80,94.70,0.00,147.40,11.40,946.80,852.10,56.00,73.69
153.00,362.60,189.00,0.00,164.90,11.60,944.70,755.80,56.00,77.29
154.00,323.70,282.80,0.00,183.80,10.30,942.70,659.90,56.00,80.19
155.00,379.50,151.20,0.00,153.90,15.90,1134.30,605.00,56.00,54.89
156.00,362.60,189.00,0.00,164.90,11.60,944.70,755.80,56.00,77.29
157.00,286.30,200.90,0.00,144.70,11.20,1004.60,803.70,56.00,72.99
158.00,362.60,189.00,0.00,164.90,11.60,944.70,755.80,56.00,77.29
159.00,439.00,177.00,0.00,186.00,11.10,884.90,707.90,56.00,71.69
160.00,389.90,189.00,0.00,145.90,22.00,944.70,755.80,56.00,79.40
161.00,362.60,189.00,0.00,164.90,11.60,944.70,755.80,56.00,77.29
162.00,337.90,189.00,0.00,174.90,9.50,944.70,755.80,56.00,59.89
163.00,374.00,189.20,0.00,170.10,10.10,926.10,756.70,91.00,64.90
164.00,313.30,262.20,0.00,175.50,8.60,1046.90,611.80,91.00,66.59
165.00,425.00,106.30,0.00,153.50,16.50,852.10,887.10,91.00,65.19
166.00,425.00,106.30,0.00,151.40,18.60,936.00,803.70,91.00,66.69
167.00,375.00,93.80,0.00,126.60,23.40,852.10,992.60,91.00,62.50
168.00,475.00,118.80,0.00,181.10,8.90,852.10,781.50,91.00,74.19
169.00,469.00,117.20,0.00,137.80,32.20,852.10,840.50,91.00,70.69
170.00,425.00,106.30,0.00,153.50,16.50,852.10,887.10,91.00,65.19
171.00,388.60,97.10,0.00,157.90,12.10,852.10,925.70,91.00,57.59
172.00,531.30,0.00,0.00,141.80,28.20,852.10,893.70,91.00,59.19
173.00,425.00,106.30,0.00,153.50,16.50,852.10,887.10,91.00,65.19
174.00,318.80,212.50,0.00,155.70,14.30,852.10,880.40,91.00,68.09
175.00,401.80,94.70,0.00,147.40,11.40,946.80,852.10,91.00,75.49
176.00,362.60,189.00,0.00,164.90,11.60,944.70,755.80,91.00,79.29
177.00,379.50,151.20,0.00,153.90,15.90,1134.30,605.00,91.00,56.49
178.00,362.60,189.00,0.00,164.90,11.60,944.70,755.80,91.00,79.29
179.00,286.30,200.90,0.00,144.70,11.20,1004.60,803.70,91.00,76.80
180.00,362.60,189.00,0.00,164.90,11.60,944.70,755.80,91.00,79.29
181.00,439.00,177.00,0.00,186.00,11.10,884.90,707.90,91.00,73.29
182.00,389.90,189.00,0.00,145.90,22.00,944.70,755.80,91.00,82.59
183.00,362.60,189.00,0.00,164.90,11.60,944.70,755.80,91.00,79.29
184.00,337.90,189.00,0.00,174.90,9.50,944.70,755.80,91.00,67.79
185.00,222.36,0.00,96.67,189.29,4.46,967.08,870.32,3.00,11.57
186.00,222.36,0.00,96.67,189.29,4.46,967.08,870.32,14.00,24.44
187.00,222.36,0.00,96.67,189.29,4.46,967.08,870.32,28.00,24.89
188.00,222.36,0.00,96.67,189.29,4.46,967.08,870.32,56.00,29.44
189.00,222.36,0.00,96.67,189.29,4.46,967.08,870.32,100.00,40.71
190.00,233.81,0.00,94.58,197.89,4.56,947.04,852.16,3.00,10.38
191.00,233.81,0.00,94.58,197.89,4.56,947.04,852.16,14.00,22.13
192.00,233.81,0.00,94.58,197.89,4.56,947.04,852.16,28.00,22.83
193.00,233.81,0.00,94.58,197.89,4.56,947.04,852.16,56.00,27.66
194.00,233.81,0.00,94.58,197.89,4.56,947.04,852.16,100.00,34.55
195.00,194.68,0.00,100.52,165.62,7.48,1006.40,905.90,3.00,12.45
196.00,194.68,0.00,100.52,165.62,7.48,1006.40,905.90,14.00,24.98
197.00,194.68,0.00,100.52,165.62,7.48,1006.40,905.90,28.00,25.72
198.00,194.68,0.00,100.52,165.62,7.48,1006.40,905.90,56.00,33.96
199.00,194.68,0.00,100.52,165.62,7.48,1006.40,905.90,100.00,37.34
200.00,190.68,0.00,125.40,162.14,7.77,1090.00,804.01,3.00,15.04
201.00,190.68,0.00,125.40,162.14,7.77,1090.00,804.01,14.00,21.06
202.00,190.68,0.00,125.40,162.14,7.77,1090.00,804.01,28.00,26.40
203.00,190.68,0.00,125.40,162.14,7.77,1090.00,804.01,56.00,35.34
204.00,190.68,0.00,125.40,162.14,7.77,1090.00,804.01,100.00,40.56
205.00,212.07,0.00,121.62,180.31,5.69,1057.60,779.32,3.00,12.47
206.00,212.07,0.00,121.62,180.31,5.69,1057.60,779.32,14.00,20.91
207.00,212.07,0.00,121.62,180.31,5.69,1057.60,779.32,28.00,24.90
208.00,212.07,0.00,121.62,180.31,5.69,1057.60,779.32,56.00,34.20
209.00,212.07,0.00,121.62,180.31,5.69,1057.60,779.32,100.00,39.61
210.00,229.97,0.00,118.31,195.47,4.63,1029.40,758.59,3.00,10.03
211.00,229.97,0.00,118.31,195.47,4.63,1029.40,758.59,14.00,20.08
212.00,229.97,0.00,118.31,195.47,4.63,1029.40,758.59,28.00,24.48
213.00,229.97,0.00,118.31,195.47,4.63,1029.40,758.59,56.00,31.53
214.00,229.97,0.00,118.31,195.47,4.63,1029.40,758.59,100.00,35.34
215.00,190.34,0.00,125.18,161.85,9.88,1088.10,802.59,3.00,9.44
216.00,190.34,0.00,125.18,161.85,9.88,1088.10,802.59,14.00,22.71
217.00,190.34,0.00,125.18,161.85,9.88,1088.10,802.59,28.00,28.46
218.00,190.34,0.00,125.18,161.85,9.88,1088.10,802.59,56.00,38.56
219.00,190.34,0.00,125.18,161.85,9.88,1088.10,802.59,100.00,40.38
220.00,166.09,0.00,163.27,176.46,4.49,1058.60,780.09,3.00,10.76
221.00,166.09,0.00,163.27,176.46,4.49,1058.60,780.09,14.00,25.48
222.00,166.09,0.00,163.27,176.46,4.49,1058.60,780.09,28.00,21.53
223.00,166.09,0.00,163.27,176.46,4.49,1058.60,780.09,56.00,28.62
224.00,166.09,0.00,163.27,176.46,4.49,1058.60,780.09,100.00,33.54
225.00,167.95,42.08,163.83,121.75,5.72,1058.70,780.11,3.00,7.74
226.00,167.95,42.08,163.83,121.75,5.72,1058.70,780.11,14.00,17.82
227.00,167.95,42.08,163.83,121.75,5.72,1058.70,780.11,28.00,24.24
228.00,167.95,42.08,163.83,121.75,5.72,1058.70,780.11,56.00,32.85
229.00,167.95,42.08,163.83,121.75,5.72,1058.70,780.11,100.00,39.23
230.00,213.72,98.05,24.51,181.71,6.86,1065.80,785.38,3.00,17.99
231.00,213.72,98.05,24.51,181.71,6.86,1065.80,785.38,14.00,30.38
232.00,213.72,98.05,24.51,181.71,6.86,1065.80,785.38,28.00,45.70
233.00,213.72,98.05,24.51,181.71,6.86,1065.80,785.38,56.00,50.77
234.00,213.72,98.05,24.51,181.71,6.86,1065.80,785.38,100.00,53.90
235.00,213.76,98.06,24.52,181.74,6.65,1066.00,785.52,3.00,13.18
236.00,213.76,98.06,24.52,181.74,6.65,1066.00,785.52,14.00,17.83
237.00,213.76,98.06,24.52,181.74,6.65,1066.00,785.52,28.00,40.23
238.00,213.76,98.06,24.52,181.74,6.65,1066.00,785.52,56.00,47.13
239.00,213.76,98.06,24.52,181.74,6.65,1066.00,785.52,100.00,49.97
240.00,229.68,0.00,118.16,195.23,6.13,1028.10,757.63,3.00,13.35
241.00,229.68,0.00,118.16,195.23,6.13,1028.10,757.63,14.00,22.31
242.00,229.68,0.00,118.16,195.23,6.13,1028.10,757.63,28.00,24.53
243.00,229.68,0.00,118.16,195.23,6.13,1028.10,757.63,56.00,31.35
244.00,229.68,0.00,118.16,195.23,6.13,1028.10,757.63,100.00,40.85
245.00,238.05,0.00,94.11,186.66,7.00,949.91,847.01,3.00,19.93
246.00,238.05,0.00,94.11,186.66,7.00,949.91,847.01,14.00,25.68
247.00,238.05,0.00,94.11,186.66,7.00,949.91,847.01,28.00,30.23
248.00,238.05,0.00,94.11,186.66,7.00,949.91,847.01,56.00,39.58
249.00,238.05,0.00,94.11,186.66,7.00,949.91,847.01,100.00,44.29
250.00,250.00,0.00,95.69,187.42,5.53,956.86,861.17,3.00,13.81
251.00,250.00,0.00,95.69,187.42,5.53,956.86,861.17,14.00,24.91
252.00,250.00,0.00,95.69,187.42,5.53,956.86,861.17,28.00,29.21
253.00,250.00,0.00,95.69,187.42,5.53,956.86,861.17,56.00,38.32
254.00,250.00,0.00,95.69,187.42,5.53,956.86,861.17,100.00,42.34
255.00,212.52,0.00,100.37,159.32,8.71,1007.80,903.59,3.00,13.54
256.00,212.52,0.00,100.37,159.32,8.71,1007.80,903.59,14.00,26.31
257.00,212.52,0.00,100.37,159.32,8.71,1007.80,903.59,28.00,31.64
258.00,212.52,0.00,100.37,159.32,8.71,1007.80,903.59,56.00,42.54
259.00,212.52,0.00,100.37,159.32,8.71,1007.80,903.59,100.00,42.91
260.00,212.57,0.00,100.39,159.35,10.37,1003.80,903.79,3.00,13.33
261.00,212.57,0.00,100.39,159.35,10.37,1003.80,903.79,14.00,25.37
262.00,212.57,0.00,100.39,159.35,10.37,1003.80,903.79,28.00,37.40
263.00,212.57,0.00,100.39,159.35,10.37,1003.80,903.79,56.00,44.39
264.00,212.57,0.00,100.39,159.35,10.37,1003.80,903.79,100.00,47.73
265.00,212.00,0.00,124.78,159.00,7.84,1085.40,799.54,3.00,19.51
266.00,212.00,0.00,124.78,159.00,7.84,1085.40,799.54,14.00,31.35
267.00,212.00,0.00,124.78,159.00,7.84,1085.40,799.54,28.00,38.50
268.00,212.00,0.00,124.78,159.00,7.84,1085.40,799.54,56.00,45.08
269.00,212.00,0.00,124.78,159.00,7.84,1085.40,799.54,100.00,47.81
270.00,231.75,0.00,121.62,173.96,6.72,1056.40,778.45,3.00,15.43
271.00,231.75,0.00,121.62,173.96,6.72,1056.40,778.45,14.00,26.77
272.00,231.75,0.00,121.62,173.96,6.72,1056.40,778.45,28.00,33.72
273.00,231.75,0.00,121.62,173.96,6.72,1056.40,778.45,56.00,42.69
274.00,231.75,0.00,121.62,173.96,6.72,1056.40,778.45,100.00,45.83
275.00,251.37,0.00,118.27,188.45,5.75,1028.40,757.73,3.00,17.22
276.00,251.37,0.00,118.27,188.45,5.75,1028.40,757.73,14.00,29.93
277.00,251.37,0.00,118.27,188.45,5.75,1028.40,757.73,28.00,29.65
278.00,251.37,0.00,118.27,188.45,5.75,1028.40,757.73,56.00,36.96
279.00,251.37,0.00,118.27,188.45,5.75,1028.40,757.73,100.00,43.58
280.00,251.37,0.00,118.27,188.45,6.35,1028.40,757.73,3.00,13.12
281.00,251.37,0.00,118.27,188.45,6.35,1028.40,757.73,14.00,24.42
282.00,251.37,0.00,118.27,188.45,6.35,1028.40,757.73,28.00,32.66
283.00,251.37,0.00,118.27,188.45,6.35,1028.40,757.73,56.00,36.63
284.00,251.37,0.00,118.27,188.45,6.35,1028.40,757.73,100.00,44.20
285.00,181.38,0.00,167.01,169.59,7.56,1055.60,777.80,3.00,13.62
286.00,181.38,0.00,167.01,169.59,7.56,1055.60,777.80,14.00,21.60
287.00,181.38,0.00,167.01,169.59,7.56,1055.60,777.80,28.00,27.77
288.00,181.38,0.00,167.01,169.59,7.56,1055.60,777.80,56.00,35.57
289.00,181.38,0.00,167.01,169.59,7.56,1055.60,777.80,100.00,45.36
290.00,182.04,45.21,121.97,170.21,8.19,1059.40,780.65,3.00,7.31
291.00,182.04,45.21,121.97,170.21,8.19,1059.40,780.65,14.00,21.50
292.00,182.04,45.21,121.97,170.21,8.19,1059.40,780.65,28.00,31.26
293.00,182.04,45.21,121.97,170.21,8.19,1059.40,780.65,56.00,43.49
294.00,182.04,45.21,121.97,170.21,8.19,1059.40,780.65,100.00,48.67
295.00,168.88,42.22,124.25,158.33,10.83,1080.80,796.15,3.00,7.39
296.00,168.88,42.22,124.25,158.33,10.83,1080.80,796.15,14.00,23.51
297.00,168.88,42.22,124.25,158.33,10.83,1080.80,796.15,28.00,31.11
298.00,168.88,42.22,124.25,158.33,10.83,1080.80,796.15,56.00,39.14
299.00,168.88,42.22,124.25,158.33,10.83,1080.80,796.15,100.00,48.15
300.00,290.35,0.00,96.18,168.08,9.41,961.18,865.00,3.00,22.50
301.00,290.35,0.00,96.18,168.08,9.41,961.18,865.00,14.00,34.67
302.00,290.35,0.00,96.18,168.08,9.41,961.18,865.00,28.00,34.73
303.00,290.35,0.00,96.18,168.08,9.41,961.18,865.00,56.00,45.08
304.00,290.35,0.00,96.18,168.08,9.41,961.18,865.00,100.00,48.97
305.00,277.05,0.00,97.39,160.60,11.83,973.90,875.61,3.00,23.13
306.00,277.05,0.00,97.39,160.60,11.83,973.90,875.61,14.00,41.88
307.00,277.05,0.00,97.39,160.60,11.83,973.90,875.61,28.00,48.28
308.00,277.05,0.00,97.39,160.60,11.83,973.90,875.61,56.00,51.03
309.00,277.05,0.00,97.39,160.60,11.83,973.90,875.61,100.00,55.64
310.00,295.71,0.00,95.64,171.54,8.87,955.14,859.20,3.00,22.94
311.00,295.71,0.00,95.64,171.54,8.87,955.14,859.20,14.00,35.23
312.00,295.71,0.00,95.64,171.54,8.87,955.14,859.20,28.00,39.94
313.00,295.71,0.00,95.64,171.54,8.87,955.14,859.20,56.00,48.71
314.00,295.71,0.00,95.64,171.54,8.87,955.14,859.20,100.00,52.04
315.00,251.81,0.00,99.94,146.14,12.35,1006.00,899.76,3.00,21.02
316.00,251.81,0.00,99.94,146.14,12.35,1006.00,899.76,14.00,33.35
317.00,251.81,0.00,99.94,146.14,12.35,1006.00,899.76,28.00,33.94
318.00,251.81,0.00,99.94,146.14,12.35,1006.00,899.76,56.00,44.14
319.00,251.81,0.00,99.94,146.14,12.35,1006.00,899.76,100.00,45.36
320.00,249.10,0.00,98.75,158.11,12.80,987.76,889.01,3.00,15.36
321.00,249.10,0.00,98.75,158.11,12.80,987.76,889.01,14.00,28.68
322.00,249.10,0.00,98.75,158.11,12.80,987.76,889.01,28.00,30.84
323.00,249.10,0.00,98.75,158.11,12.80,987.76,889.01,56.00,42.03
324.00,249.10,0.00,98.75,158.11,12.80,987.76,889.01,100.00,51.05
325.00,252.31,0.00,98.75,146.25,14.17,987.76,889.01,3.00,21.78
326.00,252.31,0.00,98.75,146.25,14.17,987.76,889.01,14.00,42.29
327.00,252.31,0.00,98.75,146.25,14.17,987.76,889.01,28.00,50.60
328.00,252.31,0.00,98.75,146.25,14.17,987.76,889.01,56.00,55.82
329.00,252.31,0.00,98.75,146.25,14.17,987.76,889.01,100.00,60.94
330.00,246.83,0.00,125.08,143.30,11.99,1086.80,800.89,3.00,23.52
331.00,246.83,0.00,125.08,143.30,11.99,1086.80,800.89,14.00,42.21
332.00,246.83,0.00,125.08,143.30,11.99,1086.80,800.89,28.00,52.50
333.00,246.83,0.00,125.08,143.30,11.99,1086.80,800.89,56.00,60.32
334.00,246.83,0.00,125.08,143.30,11.99,1086.80,800.89,100.00,66.42
335.00,275.07,0.00,121.35,159.48,9.90,1053.60,777.50,3.00,23.80
336.00,275.07,0.00,121.35,159.48,9.90,1053.60,777.50,14.00,38.76
337.00,275.07,0.00,121.35,159.48,9.90,1053.60,777.50,28.00,51.33
338.00,275.07,0.00,121.35,159.48,9.90,1053.60,777.50,56.00,56.84
339.00,275.07,0.00,121.35,159.48,9.90,1053.60,777.50,100.00,58.60
340.00,297.16,0.00,117.54,174.80,9.52,1022.80,753.45,3.00,21.91
341.00,297.16,0.00,117.54,174.80,9.52,1022.80,753.45,14.00,36.99
342.00,297.16,0.00,117.54,174.80,9.52,1022.80,753.45,28.00,47.40
343.00,297.16,0.00,117.54,174.80,9.52,1022.80,753.45,56.00,51.95
344.00,297.16,0.00,117.54,174.80,9.52,1022.80,753.45,100.00,56.74
345.00,213.74,0.00,174.74,154.79,10.16,1053.50,776.35,3.00,17.57
346.00,213.74,0.00,174.74,154.79,10.16,1053.50,776.35,14.00,33.72
347.00,213.74,0.00,174.74,154.79,10.16,1053.50,776.35,28.00,40.14
348.00,213.74,0.00,174.74,154.79,10.16,1053.50,776.35,56.00,46.64
349.00,213.74,0.00,174.74,154.79,10.16,1053.50,776.35,100.00,50.07
350.00,213.50,0.00,174.24,154.61,11.66,1052.30,775.48,3.00,17.36
351.00,213.50,0.00,174.24,154.61,11.66,1052.30,775.48,14.00,33.70
352.00,213.50,0.00,174.24,154.61,11.66,1052.30,775.48,28.00,45.93
353.00,213.50,0.00,174.24,154.61,11.66,1052.30,775.48,56.00,51.43
354.00,213.50,0.00,174.24,154.61,11.66,1052.30,775.48,100.00,59.30
355.00,277.19,97.82,24.46,160.70,11.19,1061.70,782.46,3.00,30.44
356.00,277.19,97.82,24.46,160.70,11.19,1061.70,782.46,14.00,47.71
357.00,277.19,97.82,24.46,160.70,11.19,1061.70,782.46,28.00,63.14
358.00,277.19,97.82,24.46,160.70,11.19,1061.70,782.46,56.00,66.82
359.00,277.19,97.82,24.46,160.70,11.19,1061.70,782.46,100.00,66.94
360.00,218.23,54.64,123.78,140.75,11.91,1075.70,792.67,3.00,27.42
361.00,218.23,54.64,123.78,140.75,11.91,1075.70,792.67,14.00,35.95
362.00,218.23,54.64,123.78,140.75,11.91,1075.70,792.67,28.00,55.50
363.00,218.23,54.64,123.78,140.75,11.91,1075.70,792.67,56.00,61.99
364.00,218.23,54.64,123.78,140.75,11.91,1075.70,792.67,100.00,63.52
365.00,214.90,53.80,121.89,155.63,9.61,1014.30,780.58,3.00,18.01
366.00,214.90,53.80,121.89,155.63,9.61,1014.30,780.58,14.00,38.60
367.00,214.90,53.80,121.89,155.63,9.61,1014.30,780.58,28.00,52.20
368.00,214.90,53.80,121.89,155.63,9.61,1014.30,780.58,56.00,53.95
369.00,214.90,53.80,121.89,155.63,9.61,1014.30,780.58,100.00,56.63
370.00,218.85,0.00,124.13,158.49,11.33,1078.70,794.91,3.00,15.34
371.00,218.85,0.00,124.13,158.49,11.33,1078.70,794.91,14.00,26.04
372.00,218.85,0.00,124.13,158.49,11.33,1078.70,794.91,28.00,30.21
373.00,218.85,0.00,124.13,158.49,11.33,1078.70,794.91,56.00,37.26
374.00,218.85,0.00,124.13,158.49,11.33,1078.70,794.91,100.00,46.22
375.00,376.00,0.00,0.00,214.60,0.00,1003.50,762.36,3.00,16.27
376.00,376.00,0.00,0.00,214.60,0.00,1003.50,762.36,14.00,25.62
377.00,376.00,0.00,0.00,214.60,0.00,1003.50,762.36,28.00,31.97
378.00,376.00,0.00,0.00,214.60,0.00,1003.50,762.36,56.00,36.30
379.00,376.00,0.00,0.00,214.60,0.00,1003.50,762.36,100.00,43.05
380.00,500.00,0.00,0.00,140.00,4.00,966.00,853.00,28.00,67.56
381.00,475.00,0.00,59.00,142.00,1.90,1098.00,641.00,28.00,57.22
382.00,315.00,137.00,0.00,145.00,5.90,1130.00,745.00,28.00,81.75
383.00,505.00,0.00,60.00,195.00,0.00,1030.00,630.00,28.00,64.01
384.00,451.00,0.00,0.00,165.00,11.25,1030.00,745.00,28.00,78.80
385.00,516.00,0.00,0.00,162.00,8.20,801.00,802.00,28.00,41.36
386.00,520.00,0.00,0.00,170.00,5.20,855.00,855.00,28.00,60.28
387.00,528.00,0.00,0.00,185.00,6.86,920.00,720.00,28.00,56.83
388.00,520.00,0.00,0.00,175.00,5.20,870.00,805.00,28.00,51.02
389.00,385.00,0.00,136.00,158.00,20.00,903.00,768.00,28.00,55.55
390.00,500.10,0.00,0.00,200.00,3.00,1124.40,613.20,28.00,44.13
391.00,450.10,50.00,0.00,200.00,3.00,1124.40,613.20,28.00,39.37
392.00,397.00,17.20,158.00,167.00,20.80,967.00,633.00,28.00,55.64
393.00,333.00,17.50,163.00,167.00,17.90,996.00,652.00,28.00,47.27
394.00,334.00,17.60,158.00,189.00,15.30,967.00,633.00,28.00,44.32
395.00,405.00,0.00,0.00,175.00,0.00,1120.00,695.00,28.00,52.30
396.00,200.00,200.00,0.00,190.00,0.00,1145.00,660.00,28.00,49.24
397.00,516.00,0.00,0.00,162.00,8.26,801.00,802.00,28.00,41.36
398.00,145.00,116.00,119.00,184.00,5.70,833.00,880.00,28.00,29.15
399.00,160.00,128.00,122.00,182.00,6.40,824.00,879.00,28.00,39.39
400.00,234.00,156.00,0.00,189.00,5.85,981.00,760.00,28.00,39.30
401.00,250.00,180.00,95.00,159.00,9.45,860.00,800.00,28.00,67.86
402.00,475.00,0.00,0.00,162.00,9.50,1044.00,662.00,28.00,58.52
403.00,285.00,190.00,0.00,163.00,7.60,1031.00,685.00,28.00,53.57
404.00,356.00,119.00,0.00,160.00,9.03,1061.00,657.00,28.00,58.99
405.00,275.00,180.00,120.00,162.00,10.35,830.00,765.00,28.00,76.23
406.00,500.00,0.00,0.00,151.00,9.00,1033.00,655.00,28.00,69.83
407.00,165.00,0.02,143.57,163.81,0.00,1005.60,900.90,3.00,14.39
408.00,165.00,128.50,132.10,175.06,8.08,1005.80,746.60,3.00,19.41
409.00,178.03,129.80,118.60,179.94,3.57,1007.30,746.80,3.00,20.72
410.00,167.35,129.90,128.62,175.46,7.79,1006.30,746.60,3.00,14.94
411.00,172.38,13.61,172.37,156.76,4.14,1006.30,856.40,3.00,21.29
412.00,173.54,50.05,173.53,164.77,6.47,1006.20,793.50,3.00,23.07
413.00,167.00,75.40,167.00,164.03,7.91,1007.30,770.10,3.00,15.52
414.00,173.81,93.37,159.90,172.34,9.73,1007.20,746.60,3.00,15.81
415.00,190.34,0.00,125.18,166.61,9.88,1079.00,798.90,3.00,12.54
416.00,250.00,0.00,95.69,191.84,5.33,948.90,857.20,3.00,8.48
417.00,213.50,0.00,174.24,159.21,11.66,1043.60,771.90,3.00,15.60
418.00,194.68,0.00,100.52,170.17,7.48,998.00,901.80,3.00,12.17
419.00,251.37,0.00,118.27,192.94,5.75,1043.60,754.30,3.00,11.98
420.00,165.00,0.02,143.57,163.81,0.00,1005.60,900.90,14.00,16.87
421.00,165.00,128.50,132.10,175.06,8.08,1005.80,746.60,14.00,33.08
422.00,178.03,129.80,118.60,179.94,3.57,1007.30,746.80,14.00,34.23
423.00,167.35,129.90,128.62,175.46,7.79,1006.30,746.60,14.00,31.81
424.00,172.38,13.61,172.37,156.76,4.14,1006.30,856.40,14.00,29.75
425.00,173.54,50.05,173.53,164.77,6.47,1006.20,793.50,14.00,33.00
426.00,167.00,75.40,167.00,164.03,7.91,1007.30,770.10,14.00,32.90
427.00,173.81,93.37,159.90,172.34,9.73,1007.20,746.60,14.00,29.55
428.00,190.34,0.00,125.18,166.61,9.88,1079.00,798.90,14.00,19.41
429.00,250.00,0.00,95.69,191.84,5.33,948.90,857.20,14.00,24.65
430.00,213.50,0.00,174.24,159.21,11.66,1043.60,771.90,14.00,29.59
431.00,194.68,0.00,100.52,170.17,7.48,998.00,901.80,14.00,24.28
432.00,251.37,0.00,118.27,192.94,5.75,1043.60,754.30,14.00,20.72
433.00,165.00,0.02,143.57,163.81,0.00,1005.60,900.90,28.00,26.20
434.00,165.00,128.50,132.10,175.06,8.08,1005.80,746.60,28.00,46.38
435.00,178.03,129.80,118.60,179.94,3.57,1007.30,746.80,28.00,39.16
436.00,167.35,129.90,128.62,175.46,7.79,1006.30,746.60,28.00,41.20
437.00,172.38,13.61,172.37,156.76,4.14,1006.30,856.40,28.00,33.68
438.00,173.54,50.05,173.53,164.77,6.47,1006.20,793.50,28.00,38.20
439.00,167.00,75.40,167.00,164.03,7.91,1007.30,770.10,28.00,41.40
440.00,173.81,93.37,159.90,172.34,9.73,1007.20,746.60,28.00,37.81
441.00,190.34,0.00,125.18,166.61,9.88,1079.00,798.90,28.00,24.84
442.00,250.00,0.00,95.69,191.84,5.33,948.90,857.20,28.00,27.22
443.00,213.50,0.00,174.24,159.21,11.66,1043.60,771.90,28.00,44.63
444.00,194.68,0.00,100.52,170.17,7.48,998.00,901.80,28.00,37.26
445.00,251.37,0.00,118.27,192.94,5.75,1043.60,754.30,28.00,33.27
446.00,165.00,0.02,143.57,163.81,0.00,1005.60,900.90,56.00,36.56
447.00,165.00,128.50,132.10,175.06,8.08,1005.80,746.60,56.00,53.72
448.00,178.03,129.80,118.60,179.94,3.57,1007.30,746.80,56.00,48.58
449.00,167.35,129.90,128.62,175.46,7.79,1006.30,746.60,56.00,51.72
450.00,172.38,13.61,172.37,156.76,4.14,1006.30,856.40,56.00,35.85
451.00,173.54,50.05,173.53,164.77,6.47,1006.20,793.50,56.00,53.77
452.00,167.00,75.40,167.00,164.03,7.91,1007.30,770.10,56.00,53.46
453.00,173.81,93.37,159.90,172.34,9.73,1007.20,746.60,56.00,48.98
454.00,190.34,0.00,125.18,166.61,9.88,1079.00,798.90,56.00,31.71
455.00,250.00,0.00,95.69,191.84,5.33,948.90,857.20,56.00,39.64
456.00,213.50,0.00,174.24,159.21,11.66,1043.60,771.90,56.00,51.25
457.00,194.68,0.00,100.52,170.17,7.48,998.00,901.80,56.00,43.38
458.00,251.37,0.00,118.27,192.94,5.75,1043.60,754.30,56.00,39.26
459.00,165.00,0.02,143.57,163.81,0.00,1005.60,900.90,100.00,37.95
460.00,165.00,128.50,132.10,175.06,8.08,1005.80,746.60,100.00,55.02
461.00,178.03,129.80,118.60,179.94,3.57,1007.30,746.80,100.00,49.99
462.00,167.35,129.90,128.62,175.46,7.79,1006.30,746.60,100.00,53.65
463.00,172.38,13.61,172.37,156.76,4.14,1006.30,856.40,100.00,37.67
464.00,173.54,50.05,173.53,164.77,6.47,1006.20,793.50,100.00,56.06
465.00,167.00,75.40,167.00,164.03,7.91,1007.30,770.10,100.00,56.81
466.00,173.81,93.37,159.90,172.34,9.73,1007.20,746.60,100.00,50.93
467.00,190.34,0.00,125.18,166.61,9.88,1079.00,798.90,100.00,33.56
468.00,250.00,0.00,95.69,191.84,5.33,948.90,857.20,100.00,41.16
469.00,213.50,0.00,174.24,159.21,11.66,1043.60,771.90,100.00,52.95
470.00,194.68,0.00,100.52,170.17,7.48,998.00,901.80,100.00,44.27
471.00,251.37,0.00,118.27,192.94,5.75,1043.60,754.30,100.00,40.14
472.00,446.00,24.00,79.00,162.00,11.61,967.00,712.00,28.00,57.02
473.00,446.00,24.00,79.00,162.00,11.64,967.00,712.00,28.00,44.42
474.00,446.00,24.00,79.00,162.00,11.64,967.00,712.00,28.00,51.02
475.00,446.00,24.00,79.00,162.00,10.30,967.00,712.00,28.00,53.38
476.00,446.00,24.00,79.00,162.00,11.61,967.00,712.00,3.00,35.36
477.00,446.00,24.00,79.00,162.00,11.64,967.00,712.00,3.00,25.02
478.00,446.00,24.00,79.00,162.00,11.64,967.00,712.00,3.00,23.34
479.00,446.00,24.00,79.00,162.00,11.61,967.00,712.00,7.00,52.00
480.00,446.00,24.00,79.00,162.00,11.64,967.00,712.00,7.00,38.01
481.00,446.00,24.00,79.00,162.00,11.64,967.00,712.00,7.00,39.30
482.00,446.00,24.00,79.00,162.00,11.61,967.00,712.00,56.00,61.06
483.00,446.00,24.00,79.00,162.00,11.64,967.00,712.00,56.00,56.14
484.00,446.00,24.00,79.00,162.00,11.64,967.00,712.00,56.00,55.25
485.00,446.00,24.00,79.00,162.00,10.30,967.00,712.00,56.00,54.76
486.00,387.00,20.00,94.00,157.00,14.32,938.00,845.00,28.00,50.23
487.00,387.00,20.00,94.00,157.00,13.93,938.00,845.00,28.00,46.68
488.00,387.00,20.00,94.00,157.00,11.61,938.00,845.00,28.00,46.68
489.00,387.00,20.00,94.00,157.00,14.32,938.00,845.00,3.00,22.75
490.00,387.00,20.00,94.00,157.00,13.93,938.00,845.00,3.00,25.51
491.00,387.00,20.00,94.00,157.00,11.61,938.00,845.00,3.00,34.77
492.00,387.00,20.00,94.00,157.00,14.32,938.00,845.00,7.00,36.83
493.00,387.00,20.00,94.00,157.00,13.93,938.00,845.00,7.00,45.89
494.00,387.00,20.00,94.00,157.00,11.61,938.00,845.00,7.00,41.66
495.00,387.00,20.00,94.00,157.00,14.32,938.00,845.00,56.00,56.33
496.00,387.00,20.00,94.00,157.00,13.93,938.00,845.00,56.00,47.96
497.00,387.00,20.00,94.00,157.00,11.61,938.00,845.00,56.00,61.45
498.00,355.00,19.00,97.00,145.00,13.13,967.00,871.00,28.00,44.02
499.00,355.00,19.00,97.00,145.00,12.25,967.00,871.00,28.00,55.45
500.00,491.00,26.00,123.00,210.00,3.93,882.00,699.00,28.00,55.55
501.00,491.00,26.00,123.00,201.00,3.93,822.00,699.00,28.00,57.91
502.00,491.00,26.00,123.00,210.00,3.93,882.00,699.00,3.00,25.60
503.00,491.00,26.00,123.00,210.00,3.93,882.00,699.00,7.00,33.48
504.00,491.00,26.00,123.00,210.00,3.93,882.00,699.00,56.00,59.59
505.00,491.00,26.00,123.00,201.00,3.93,822.00,699.00,3.00,29.54
506.00,491.00,26.00,123.00,201.00,3.93,822.00,699.00,7.00,37.92
507.00,491.00,26.00,123.00,201.00,3.93,822.00,699.00,56.00,61.85
508.00,424.00,22.00,132.00,178.00,8.48,822.00,750.00,28.00,62.05
509.00,424.00,22.00,132.00,178.00,8.48,882.00,750.00,3.00,32.01
510.00,424.00,22.00,132.00,168.00,8.92,822.00,750.00,28.00,72.09
511.00,424.00,22.00,132.00,178.00,8.48,822.00,750.00,7.00,39.00
512.00,424.00,22.00,132.00,178.00,8.48,822.00,750.00,56.00,65.69
513.00,424.00,22.00,132.00,168.00,8.92,822.00,750.00,3.00,32.10
514.00,424.00,22.00,132.00,168.00,8.92,822.00,750.00,7.00,40.28
515.00,424.00,22.00,132.00,168.00,8.92,822.00,750.00,56.00,74.36
516.00,202.00,11.00,141.00,206.00,1.72,942.00,801.00,28.00,21.96
517.00,202.00,11.00,141.00,206.00,1.72,942.00,801.00,3.00,9.84
518.00,202.00,11.00,141.00,206.00,1.72,942.00,801.00,7.00,15.06
519.00,202.00,11.00,141.00,206.00,1.72,942.00,801.00,56.00,23.24
520.00,284.00,15.00,141.00,179.00,5.46,842.00,801.00,28.00,43.73
521.00,284.00,15.00,141.00,179.00,5.46,842.00,801.00,3.00,13.39
522.00,284.00,15.00,141.00,179.00,5.46,842.00,801.00,7.00,24.13
523.00,284.00,15.00,141.00,179.00,5.46,842.00,801.00,56.00,44.52
524.00,359.00,19.00,141.00,154.00,10.91,942.00,801.00,28.00,62.93
525.00,359.00,19.00,141.00,154.00,10.91,942.00,801.00,28.00,59.49
526.00,359.00,19.00,141.00,154.00,10.91,942.00,801.00,3.00,25.11
527.00,359.00,19.00,141.00,154.00,10.91,942.00,801.00,3.00,23.63
528.00,359.00,19.00,141.00,154.00,10.91,942.00,801.00,7.00,35.75
529.00,359.00,19.00,141.00,154.00,10.91,942.00,801.00,7.00,38.61
530.00,359.00,19.00,141.00,154.00,10.91,942.00,801.00,56.00,68.75
531.00,359.00,19.00,141.00,154.00,10.91,942.00,801.00,56.00,66.78
532.00,436.00,0.00,0.00,218.00,0.00,838.40,719.70,28.00,23.84
533.00,289.00,0.00,0.00,192.00,0.00,913.20,895.30,90.00,32.06
534.00,289.00,0.00,0.00,192.00,0.00,913.20,895.30,3.00,11.65
535.00,393.00,0.00,0.00,192.00,0.00,940.60,785.60,3.00,19.19
536.00,393.00,0.00,0.00,192.00,0.00,940.60,785.60,90.00,48.84
537.00,393.00,0.00,0.00,192.00,0.00,940.60,785.60,28.00,39.60
538.00,480.00,0.00,0.00,192.00,0.00,936.20,712.20,28.00,43.94
539.00,480.00,0.00,0.00,192.00,0.00,936.20,712.20,7.00,34.56
540.00,480.00,0.00,0.00,192.00,0.00,936.20,712.20,90.00,54.31
541.00,480.00,0.00,0.00,192.00,0.00,936.20,712.20,3.00,24.40
542.00,333.00,0.00,0.00,192.00,0.00,931.20,842.60,3.00,15.61
543.00,255.00,0.00,0.00,192.00,0.00,889.80,945.00,90.00,21.85
544.00,255.00,0.00,0.00,192.00,0.00,889.80,945.00,7.00,10.22
545.00,289.00,0.00,0.00,192.00,0.00,913.20,895.30,7.00,14.59
546.00,255.00,0.00,0.00,192.00,0.00,889.80,945.00,28.00,18.74
547.00,333.00,0.00,0.00,192.00,0.00,931.20,842.60,28.00,31.96
548.00,333.00,0.00,0.00,192.00,0.00,931.20,842.60,7.00,23.40
549.00,289.00,0.00,0.00,192.00,0.00,913.20,895.30,28.00,25.57
550.00,333.00,0.00,0.00,192.00,0.00,931.20,842.60,90.00,41.68
551.00,393.00,0.00,0.00,192.00,0.00,940.60,785.60,7.00,27.74
552.00,255.00,0.00,0.00,192.00,0.00,889.80,945.00,3.00,8.20
553.00,158.80,238.20,0.00,185.70,0.00,1040.60,734.30,7.00,9.61
554.00,239.60,359.40,0.00,185.70,0.00,941.60,664.30,7.00,25.42
555.00,238.20,158.80,0.00,185.70,0.00,1040.60,734.30,7.00,15.69
556.00,181.90,272.80,0.00,185.70,0.00,1012.40,714.30,28.00,27.93
557.00,193.50,290.20,0.00,185.70,0.00,998.20,704.30,28.00,32.62
558.00,255.50,170.30,0.00,185.70,0.00,1026.60,724.30,7.00,17.23
559.00,272.80,181.90,0.00,185.70,0.00,1012.40,714.30,7.00,19.76
560.00,239.60,359.40,0.00,185.70,0.00,941.60,664.30,28.00,39.43
561.00,220.80,147.20,0.00,185.70,0.00,1055.00,744.30,28.00,25.74
562.00,397.00,0.00,0.00,185.70,0.00,1040.60,734.30,28.00,33.08
563.00,382.50,0.00,0.00,185.70,0.00,1047.80,739.30,7.00,24.06
564.00,210.70,316.10,0.00,185.70,0.00,977.00,689.30,7.00,21.81
565.00,158.80,238.20,0.00,185.70,0.00,1040.60,734.30,28.00,21.06
566.00,295.80,0.00,0.00,185.70,0.00,1091.40,769.30,7.00,14.84
567.00,255.50,170.30,0.00,185.70,0.00,1026.60,724.30,28.00,32.05
568.00,203.50,135.70,0.00,185.70,0.00,1076.20,759.30,7.00,11.95
569.00,397.00,0.00,0.00,185.70,0.00,1040.60,734.30,7.00,25.44
570.00,381.40,0.00,0.00,185.70,0.00,1104.60,784.30,28.00,22.48
571.00,295.80,0.00,0.00,185.70,0.00,1091.40,769.30,28.00,25.21
572.00,228.00,342.10,0.00,185.70,0.00,955.80,674.30,28.00,39.69
573.00,220.80,147.20,0.00,185.70,0.00,1055.00,744.30,7.00,13.08
574.00,316.10,210.70,0.00,185.70,0.00,977.00,689.30,28.00,38.70
575.00,135.70,203.50,0.00,185.70,0.00,1076.20,759.30,7.00,7.50
576.00,238.10,0.00,0.00,185.70,0.00,1118.80,789.30,28.00,17.57
577.00,339.20,0.00,0.00,185.70,0.00,1069.20,754.30,7.00,21.17
578.00,135.70,203.50,0.00,185.70,0.00,1076.20,759.30,28.00,18.19
579.00,193.50,290.20,0.00,185.70,0.00,998.20,704.30,7.00,17.20
580.00,203.50,135.70,0.00,185.70,0.00,1076.20,759.30,28.00,22.62
581.00,290.20,193.50,0.00,185.70,0.00,998.20,704.30,7.00,21.85
582.00,181.90,272.80,0.00,185.70,0.00,1012.40,714.30,7.00,12.37
583.00,170.30,155.50,0.00,185.70,0.00,1026.60,724.30,28.00,25.72
584.00,210.70,316.10,0.00,185.70,0.00,977.00,689.30,28.00,37.81
585.00,228.00,342.10,0.00,185.70,0.00,955.80,674.30,7.00,21.91
586.00,290.20,193.50,0.00,185.70,0.00,998.20,704.30,28.00,33.04
587.00,381.40,0.00,0.00,185.70,0.00,1104.60,784.30,7.00,14.54
588.00,238.20,158.80,0.00,185.70,0.00,1040.60,734.30,28.00,26.91
589.00,186.20,124.10,0.00,185.70,0.00,1083.40,764.30,7.00,7.99
590.00,339.20,0.00,0.00,185.70,0.00,1069.20,754.30,28.00,31.89
591.00,238.10,0.00,0.00,185.70,0.00,1118.80,789.30,7.00,10.33
592.00,252.50,0.00,0.00,185.70,0.00,1111.60,784.30,28.00,19.76
593.00,382.50,0.00,0.00,185.70,0.00,1047.80,739.30,28.00,37.43
594.00,252.50,0.00,0.00,185.70,0.00,1111.60,784.30,7.00,11.48
595.00,316.10,210.70,0.00,185.70,0.00,977.00,689.30,7.00,24.43
596.00,186.20,124.10,0.00,185.70,0.00,1083.40,764.30,28.00,17.59
597.00,170.30,155.50,0.00,185.70,0.00,1026.60,724.30,7.00,10.73
598.00,272.80,181.90,0.00,185.70,0.00,1012.40,714.30,28.00,31.38
599.00,339.00,0.00,0.00,197.00,0.00,968.00,781.00,3.00,13.22
600.00,339.00,0.00,0.00,197.00,0.00,968.00,781.00,7.00,20.96
601.00,339.00,0.00,0.00,197.00,0.00,968.00,781.00,14.00,27.04
602.00,339.00,0.00,0.00,197.00,0.00,968.00,781.00,28.00,32.03
603.00,339.00,0.00,0.00,197.00,0.00,968.00,781.00,90.00,35.17
604.00,339.00,0.00,0.00,197.00,0.00,968.00,781.00,180.00,36.44
605.00,339.00,0.00,0.00,197.00,0.00,968.00,781.00,365.00,38.89
606.00,236.00,0.00,0.00,194.00,0.00,968.00,885.00,3.00,6.46
607.00,236.00,0.00,0.00,194.00,0.00,968.00,885.00,14.00,12.83
608.00,236.00,0.00,0.00,194.00,0.00,968.00,885.00,28.00,18.41
609.00,236.00,0.00,0.00,194.00,0.00,968.00,885.00,90.00,21.94
610.00,236.00,0.00,0.00,193.00,0.00,968.00,885.00,180.00,24.10
611.00,236.00,0.00,0.00,193.00,0.00,968.00,885.00,365.00,25.08
612.00,277.00,0.00,0.00,191.00,0.00,968.00,856.00,14.00,21.26
613.00,277.00,0.00,0.00,191.00,0.00,968.00,856.00,28.00,25.96
614.00,277.00,0.00,0.00,191.00,0.00,968.00,856.00,3.00,11.36
615.00,277.00,0.00,0.00,191.00,0.00,968.00,856.00,90.00,31.25
616.00,277.00,0.00,0.00,191.00,0.00,968.00,856.00,180.00,32.32
617.00,277.00,0.00,0.00,191.00,0.00,968.00,856.00,360.00,33.70
618.00,254.00,0.00,0.00,198.00,0.00,968.00,863.00,3.00,9.30
619.00,254.00,0.00,0.00,198.00,0.00,968.00,863.00,90.00,26.94
620.00,254.00,0.00,0.00,198.00,0.00,968.00,863.00,180.00,27.62
621.00,254.00,0.00,0.00,198.00,0.00,968.00,863.00,365.00,29.78
622.00,307.00,0.00,0.00,193.00,0.00,968.00,812.00,180.00,34.48
623.00,307.00,0.00,0.00,193.00,0.00,968.00,812.00,365.00,36.14
624.00,307.00,0.00,0.00,193.00,0.00,968.00,812.00,3.00,12.54
625.00,307.00,0.00,0.00,193.00,0.00,968.00,812.00,28.00,27.53
626.00,307.00,0.00,0.00,193.00,0.00,968.00,812.00,90.00,32.92
627.00,236.00,0.00,0.00,193.00,0.00,968.00,885.00,7.00,9.99
628.00,200.00,0.00,0.00,180.00,0.00,1125.00,845.00,7.00,7.83
629.00,200.00,0.00,0.00,180.00,0.00,1125.00,845.00,28.00,12.24
630.00,225.00,0.00,0.00,181.00,0.00,1113.00,833.00,7.00,11.16
631.00,225.00,0.00,0.00,181.00,0.00,1113.00,833.00,28.00,17.34
632.00,325.00,0.00,0.00,184.00,0.00,1063.00,783.00,7.00,17.54
633.00,325.00,0.00,0.00,184.00,0.00,1063.00,783.00,28.00,30.57
634.00,275.00,0.00,0.00,183.00,0.00,1088.00,808.00,7.00,14.20
635.00,275.00,0.00,0.00,183.00,0.00,1088.00,808.00,28.00,24.49
636.00,300.00,0.00,0.00,184.00,0.00,1075.00,795.00,7.00,15.57
637.00,300.00,0.00,0.00,184.00,0.00,1075.00,795.00,28.00,26.84
638.00,375.00,0.00,0.00,186.00,0.00,1038.00,758.00,7.00,26.06
639.00,375.00,0.00,0.00,186.00,0.00,1038.00,758.00,28.00,38.21
640.00,400.00,0.00,0.00,187.00,0.00,1025.00,745.00,28.00,43.69
641.00,400.00,0.00,0.00,187.00,0.00,1025.00,745.00,7.00,30.14
642.00,250.00,0.00,0.00,182.00,0.00,1100.00,820.00,7.00,12.73
643.00,250.00,0.00,0.00,182.00,0.00,1100.00,820.00,28.00,20.87
644.00,350.00,0.00,0.00,186.00,0.00,1050.00,770.00,7.00,20.27
645.00,350.00,0.00,0.00,186.00,0.00,1050.00,770.00,28.00,34.29
646.00,203.50,305.30,0.00,203.50,0.00,963.40,630.00,7.00,19.53
647.00,250.20,166.80,0.00,203.50,0.00,977.60,694.10,90.00,47.71
648.00,157.00,236.00,0.00,192.00,0.00,935.40,781.20,90.00,43.37
649.00,141.30,212.00,0.00,203.50,0.00,971.80,748.50,28.00,29.89
650.00,166.80,250.20,0.00,203.50,0.00,975.60,692.60,3.00,6.90
651.00,122.60,183.90,0.00,203.50,0.00,958.20,800.10,90.00,33.19
652.00,183.90,122.60,0.00,203.50,0.00,959.20,800.00,3.00,4.90
653.00,102.00,153.00,0.00,192.00,0.00,887.00,942.00,3.00,4.56
654.00,102.00,153.00,0.00,192.00,0.00,887.00,942.00,90.00,25.46
655.00,122.60,183.90,0.00,203.50,0.00,958.20,800.10,28.00,24.29
656.00,166.80,250.20,0.00,203.50,0.00,975.60,692.60,28.00,33.94
657.00,200.00,133.00,0.00,192.00,0.00,965.40,806.20,3.00,11.41
658.00,108.30,162.40,0.00,203.50,0.00,938.20,849.00,28.00,20.59
659.00,305.30,203.50,0.00,203.50,0.00,965.40,631.00,7.00,25.89
660.00,108.30,162.40,0.00,203.50,0.00,938.20,849.00,90.00,29.23
661.00,116.00,173.00,0.00,192.00,0.00,909.80,891.90,90.00,31.02
662.00,141.30,212.00,0.00,203.50,0.00,971.80,748.50,7.00,10.39
663.00,157.00,236.00,0.00,192.00,0.00,935.40,781.20,28.00,33.66
664.00,133.00,200.00,0.00,192.00,0.00,927.40,839.20,28.00,27.87
665.00,250.20,166.80,0.00,203.50,0.00,977.60,694.10,7.00,19.35
666.00,173.00,116.00,0.00,192.00,0.00,946.80,856.80,7.00,11.39
667.00,192.00,288.00,0.00,192.00,0.00,929.80,716.10,3.00,12.78
668.00,192.00,288.00,0.00,192.00,0.00,929.80,716.10,28.00,39.32
669.00,153.00,102.00,0.00,192.00,0.00,888.00,943.10,3.00,4.78
670.00,288.00,192.00,0.00,192.00,0.00,932.00,717.80,3.00,16.10
671.00,305.30,203.50,0.00,203.50,0.00,965.40,631.00,28.00,43.37
672.00,236.00,157.00,0.00,192.00,0.00,972.60,749.10,7.00,20.41
673.00,173.00,116.00,0.00,192.00,0.00,946.80,856.80,3.00,6.94
674.00,212.00,141.30,0.00,203.50,0.00,973.40,750.00,7.00,15.03
675.00,236.00,157.00,0.00,192.00,0.00,972.60,749.10,3.00,13.56
676.00,183.90,122.60,0.00,203.50,0.00,959.20,800.00,90.00,32.53
677.00,166.80,250.20,0.00,203.50,0.00,975.60,692.60,7.00,15.74
678.00,102.00,153.00,0.00,192.00,0.00,887.00,942.00,7.00,7.67
679.00,288.00,192.00,0.00,192.00,0.00,932.00,717.80,28.00,38.80
680.00,212.00,141.30,0.00,203.50,0.00,973.40,750.00,28.00,33.00
681.00,102.00,153.00,0.00,192.00,0.00,887.00,942.00,28.00,17.27
682.00,173.00,116.00,0.00,192.00,0.00,946.80,856.80,28.00,24.28
683.00,183.90,122.60,0.00,203.50,0.00,959.20,800.00,28.00,24.04
684.00,133.00,200.00,0.00,192.00,0.00,927.40,839.20,90.00,36.58
685.00,192.00,288.00,0.00,192.00,0.00,929.80,716.10,90.00,50.73
686.00,133.00,200.00,0.00,192.00,0.00,927.40,839.20,7.00,13.66
687.00,305.30,203.50,0.00,203.50,0.00,965.40,631.00,3.00,14.14
688.00,236.00,157.00,0.00,192.00,0.00,972.60,749.10,90.00,47.78
689.00,108.30,162.40,0.00,203.50,0.00,938.20,849.00,3.00,2.33
690.00,157.00,236.00,0.00,192.00,0.00,935.40,781.20,7.00,16.88
691.00,288.00,192.00,0.00,192.00,0.00,932.00,717.80,7.00,23.52
692.00,212.00,141.30,0.00,203.50,0.00,973.40,750.00,3.00,6.80
693.00,212.00,141.30,0.00,203.50,0.00,973.40,750.00,90.00,39.70
694.00,153.00,102.00,0.00,192.00,0.00,888.00,943.10,28.00,17.96
695.00,236.00,157.00,0.00,192.00,0.00,972.60,749.10,28.00,32.88
696.00,116.00,173.00,0.00,192.00,0.00,909.80,891.90,28.00,22.34
697.00,183.90,122.60,0.00,203.50,0.00,959.20,800.00,7.00,10.78
698.00,108.30,162.40,0.00,203.50,0.00,938.20,849.00,7.00,7.72
699.00,203.50,305.30,0.00,203.50,0.00,963.40,630.00,28.00,41.68
700.00,203.50,305.30,0.00,203.50,0.00,963.40,630.00,3.00,9.56
701.00,133.00,200.00,0.00,192.00,0.00,927.40,839.20,3.00,6.88
702.00,288.00,192.00,0.00,192.00,0.00,932.00,717.80,90.00,50.52
703.00,200.00,133.00,0.00,192.00,0.00,965.40,806.20,7.00,17.16
704.00,200.00,133.00,0.00,192.00,0.00,965.40,806.20,28.00,30.43
705.00,250.20,166.80,0.00,203.50,0.00,977.60,694.10,3.00,9.73
706.00,122.60,183.90,0.00,203.50,0.00,958.20,800.10,3.00,3.31
707.00,153.00,102.00,0.00,192.00,0.00,888.00,943.10,90.00,26.32
708.00,200.00,133.00,0.00,192.00,0.00,965.40,806.20,90.00,43.25
709.00,116.00,173.00,0.00,192.00,0.00,909.80,891.90,3.00,6.28
710.00,173.00,116.00,0.00,192.00,0.00,946.80,856.80,90.00,32.10
711.00,250.20,166.80,0.00,203.50,0.00,977.60,694.10,28.00,36.96
712.00,305.30,203.50,0.00,203.50,0.00,965.40,631.00,90.00,54.59
713.00,192.00,288.00,0.00,192.00,0.00,929.80,716.10,7.00,21.48
714.00,157.00,236.00,0.00,192.00,0.00,935.40,781.20,3.00,9.69
715.00,153.00,102.00,0.00,192.00,0.00,888.00,943.10,7.00,8.37
716.00,141.30,212.00,0.00,203.50,0.00,971.80,748.50,90.00,39.66
717.00,116.00,173.00,0.00,192.00,0.00,909.80,891.90,7.00,10.08
718.00,141.30,212.00,0.00,203.50,0.00,971.80,748.50,3.00,4.82
719.00,122.60,183.90,0.00,203.50,0.00,958.20,800.10,7.00,10.35
720.00,166.80,250.20,0.00,203.50,0.00,975.60,692.60,90.00,43.56
721.00,203.50,305.30,0.00,203.50,0.00,963.40,630.00,90.00,51.86
722.00,310.00,0.00,0.00,192.00,0.00,1012.00,830.00,3.00,11.85
723.00,310.00,0.00,0.00,192.00,0.00,1012.00,830.00,7.00,17.24
724.00,310.00,0.00,0.00,192.00,0.00,1012.00,830.00,28.00,27.82
725.00,310.00,0.00,0.00,192.00,0.00,1012.00,830.00,90.00,35.76
726.00,310.00,0.00,0.00,192.00,0.00,1012.00,830.00,120.00,38.70
727.00,331.00,0.00,0.00,192.00,0.00,1025.00,821.00,3.00,14.30
728.00,331.00,0.00,0.00,192.00,0.00,1025.00,821.00,7.00,17.43
729.00,331.00,0.00,0.00,192.00,0.00,1025.00,821.00,28.00,31.74
730.00,331.00,0.00,0.00,192.00,0.00,1025.00,821.00,90.00,37.91
731.00,331.00,0.00,0.00,192.00,0.00,1025.00,821.00,120.00,39.38
732.00,349.00,0.00,0.00,192.00,0.00,1056.00,809.00,3.00,15.87
733.00,349.00,0.00,0.00,192.00,0.00,1056.00,809.00,7.00,9.01
734.00,349.00,0.00,0.00,192.00,0.00,1056.00,809.00,28.00,33.60
735.00,349.00,0.00,0.00,192.00,0.00,1056.00,809.00,90.00,40.65
736.00,349.00,0.00,0.00,192.00,0.00,1056.00,809.00,120.00,40.85
737.00,238.00,0.00,0.00,186.00,0.00,1119.00,789.00,7.00,12.05
738.00,238.00,0.00,0.00,186.00,0.00,1119.00,789.00,28.00,17.54
739.00,296.00,0.00,0.00,186.00,0.00,1090.00,769.00,7.00,18.91
740.00,296.00,0.00,0.00,186.00,0.00,1090.00,769.00,28.00,25.17
741.00,297.00,0.00,0.00,186.00,0.00,1040.00,734.00,7.00,30.95
742.00,480.00,0.00,0.00,192.00,0.00,936.00,721.00,28.00,43.89
743.00,480.00,0.00,0.00,192.00,0.00,936.00,721.00,90.00,54.27
744.00,397.00,0.00,0.00,186.00,0.00,1040.00,734.00,28.00,36.93
745.00,281.00,0.00,0.00,186.00,0.00,1104.00,774.00,7.00,14.49
746.00,281.00,0.00,0.00,185.00,0.00,1104.00,774.00,28.00,22.43
747.00,500.00,0.00,0.00,200.00,0.00,1125.00,613.00,1.00,12.63
748.00,500.00,0.00,0.00,200.00,0.00,1125.00,613.00,3.00,26.06
749.00,500.00,0.00,0.00,200.00,0.00,1125.00,613.00,7.00,33.21
750.00,500.00,0.00,0.00,200.00,0.00,1125.00,613.00,14.00,36.93
751.00,500.00,0.00,0.00,200.00,0.00,1125.00,613.00,28.00,44.09
752.00,540.00,0.00,0.00,173.00,0.00,1125.00,613.00,7.00,52.61
753.00,540.00,0.00,0.00,173.00,0.00,1125.00,613.00,14.00,59.76
754.00,540.00,0.00,0.00,173.00,0.00,1125.00,613.00,28.00,67.30
755.00,540.00,0.00,0.00,173.00,0.00,1125.00,613.00,90.00,69.65
756.00,540.00,0.00,0.00,173.00,0.00,1125.00,613.00,180.00,71.62
757.00,540.00,0.00,0.00,173.00,0.00,1125.00,613.00,270.00,74.16
758.00,350.00,0.00,0.00,203.00,0.00,974.00,775.00,7.00,18.12
759.00,350.00,0.00,0.00,203.00,0.00,974.00,775.00,14.00,22.53
760.00,350.00,0.00,0.00,203.00,0.00,974.00,775.00,28.00,27.33
761.00,350.00,0.00,0.00,203.00,0.00,974.00,775.00,56.00,29.97
762.00,350.00,0.00,0.00,203.00,0.00,974.00,775.00,90.00,31.35
763.00,350.00,0.00,0.00,203.00,0.00,974.00,775.00,180.00,32.72
764.00,385.00,0.00,0.00,186.00,0.00,966.00,763.00,1.00,6.26
765.00,385.00,0.00,0.00,186.00,0.00,966.00,763.00,3.00,14.69
766.00,385.00,0.00,0.00,186.00,0.00,966.00,763.00,7.00,23.22
767.00,385.00,0.00,0.00,186.00,0.00,966.00,763.00,14.00,27.92
768.00,385.00,0.00,0.00,186.00,0.00,966.00,763.00,28.00,31.35
769.00,331.00,0.00,0.00,192.00,0.00,978.00,825.00,180.00,38.99
770.00,331.00,0.00,0.00,192.00,0.00,978.00,825.00,360.00,41.24
771.00,349.00,0.00,0.00,192.00,0.00,1047.00,806.00,3.00,14.98
772.00,331.00,0.00,0.00,192.00,0.00,978.00,825.00,3.00,13.52
773.00,382.00,0.00,0.00,186.00,0.00,1047.00,739.00,7.00,24.00
774.00,382.00,0.00,0.00,186.00,0.00,1047.00,739.00,28.00,37.42
775.00,382.00,0.00,0.00,186.00,0.00,1111.00,784.00,7.00,11.46
776.00,281.00,0.00,0.00,186.00,0.00,1104.00,774.00,28.00,22.43
777.00,339.00,0.00,0.00,185.00,0.00,1069.00,754.00,7.00,21.16
778.00,339.00,0.00,0.00,185.00,0.00,1069.00,754.00,28.00,31.84
779.00,295.00,0.00,0.00,185.00,0.00,1069.00,769.00,7.00,14.79
780.00,295.00,0.00,0.00,185.00,0.00,1069.00,769.00,28.00,25.17
781.00,238.00,0.00,0.00,185.00,0.00,1118.00,789.00,28.00,17.54
782.00,296.00,0.00,0.00,192.00,0.00,1085.00,765.00,7.00,14.20
783.00,296.00,0.00,0.00,192.00,0.00,1085.00,765.00,28.00,21.64
784.00,296.00,0.00,0.00,192.00,0.00,1085.00,765.00,90.00,29.39
785.00,331.00,0.00,0.00,192.00,0.00,879.00,825.00,3.00,13.52
786.00,331.00,0.00,0.00,192.00,0.00,978.00,825.00,7.00,16.26
787.00,331.00,0.00,0.00,192.00,0.00,978.00,825.00,28.00,31.44
788.00,331.00,0.00,0.00,192.00,0.00,978.00,825.00,90.00,37.23
789.00,349.00,0.00,0.00,192.00,0.00,1047.00,806.00,7.00,18.12
790.00,349.00,0.00,0.00,192.00,0.00,1047.00,806.00,28.00,32.72
791.00,349.00,0.00,0.00,192.00,0.00,1047.00,806.00,90.00,39.48
792.00,349.00,0.00,0.00,192.00,0.00,1047.00,806.00,180.00,41.05
793.00,349.00,0.00,0.00,192.00,0.00,1047.00,806.00,360.00,42.12
794.00,302.00,0.00,0.00,203.00,0.00,974.00,817.00,14.00,18.12
795.00,302.00,0.00,0.00,203.00,0.00,974.00,817.00,180.00,26.74
796.00,525.00,0.00,0.00,189.00,0.00,1125.00,613.00,180.00,61.92
797.00,500.00,0.00,0.00,200.00,0.00,1125.00,613.00,90.00,47.22
798.00,500.00,0.00,0.00,200.00,0.00,1125.00,613.00,180.00,51.04
799.00,500.00,0.00,0.00,200.00,0.00,1125.00,613.00,270.00,55.15
800.00,540.00,0.00,0.00,173.00,0.00,1125.00,613.00,3.00,41.63
801.00,252.00,0.00,0.00,185.00,0.00,1111.00,784.00,7.00,13.71
802.00,252.00,0.00,0.00,185.00,0.00,1111.00,784.00,28.00,19.69
803.00,339.00,0.00,0.00,185.00,0.00,1060.00,754.00,28.00,31.64
804.00,393.00,0.00,0.00,192.00,0.00,940.00,758.00,3.00,19.10
805.00,393.00,0.00,0.00,192.00,0.00,940.00,758.00,28.00,39.58
806.00,393.00,0.00,0.00,192.00,0.00,940.00,758.00,90.00,48.79
807.00,382.00,0.00,0.00,185.00,0.00,1047.00,739.00,7.00,24.00
808.00,382.00,0.00,0.00,185.00,0.00,1047.00,739.00,28.00,37.42
809.00,252.00,0.00,0.00,186.00,0.00,1111.00,784.00,7.00,11.46
810.00,252.00,0.00,0.00,185.00,0.00,1111.00,784.00,28.00,19.69
811.00,310.00,0.00,0.00,192.00,0.00,970.00,850.00,7.00,14.98
812.00,310.00,0.00,0.00,192.00,0.00,970.00,850.00,28.00,27.92
813.00,310.00,0.00,0.00,192.00,0.00,970.00,850.00,90.00,34.68
814.00,310.00,0.00,0.00,192.00,0.00,970.00,850.00,180.00,37.32
815.00,310.00,0.00,0.00,192.00,0.00,970.00,850.00,360.00,38.11
816.00,525.00,0.00,0.00,189.00,0.00,1125.00,613.00,3.00,33.79
817.00,525.00,0.00,0.00,189.00,0.00,1125.00,613.00,7.00,42.42
818.00,525.00,0.00,0.00,189.00,0.00,1125.00,613.00,14.00,48.40
819.00,525.00,0.00,0.00,189.00,0.00,1125.00,613.00,28.00,55.94
820.00,525.00,0.00,0.00,189.00,0.00,1125.00,613.00,90.00,58.78
821.00,525.00,0.00,0.00,189.00,0.00,1125.00,613.00,270.00,67.11
822.00,322.00,0.00,0.00,203.00,0.00,974.00,800.00,14.00,20.77
823.00,322.00,0.00,0.00,203.00,0.00,974.00,800.00,28.00,25.17
824.00,322.00,0.00,0.00,203.00,0.00,974.00,800.00,180.00,29.58
825.00,302.00,0.00,0.00,203.00,0.00,974.00,817.00,28.00,21.75
826.00,397.00,0.00,0.00,185.00,0.00,1040.00,734.00,28.00,39.09
827.00,480.00,0.00,0.00,192.00,0.00,936.00,721.00,3.00,24.39
828.00,522.00,0.00,0.00,146.00,0.00,896.00,896.00,7.00,50.51
829.00,522.00,0.00,0.00,146.00,0.00,896.00,896.00,28.00,74.98
830.00,273.00,105.00,82.00,210.00,9.00,904.00,680.00,28.00,37.16
831.00,162.00,190.00,148.00,179.00,19.00,838.00,741.00,28.00,33.75
832.00,154.00,144.00,112.00,220.00,10.00,923.00,658.00,28.00,16.49
833.00,147.00,115.00,89.00,202.00,9.00,860.00,829.00,28.00,19.98
834.00,152.00,178.00,139.00,168.00,18.00,944.00,695.00,28.00,36.34
835.00,310.00,143.00,111.00,168.00,22.00,914.00,651.00,28.00,33.68
836.00,144.00,0.00,175.00,158.00,18.00,943.00,844.00,28.00,15.41
837.00,304.00,140.00,0.00,214.00,6.00,895.00,722.00,28.00,33.41
838.00,374.00,0.00,0.00,190.00,7.00,1013.00,730.00,28.00,39.05
839.00,159.00,149.00,116.00,175.00,15.00,953.00,720.00,28.00,27.67
840.00,153.00,239.00,0.00,200.00,6.00,1002.00,684.00,28.00,26.85
841.00,310.00,143.00,0.00,168.00,10.00,914.00,804.00,28.00,45.29
842.00,305.00,0.00,100.00,196.00,10.00,959.00,705.00,28.00,30.12
843.00,151.00,0.00,184.00,167.00,12.00,991.00,772.00,28.00,15.56
844.00,142.00,167.00,130.00,174.00,11.00,883.00,785.00,28.00,44.60
845.00,298.00,137.00,107.00,201.00,6.00,878.00,655.00,28.00,53.52
846.00,321.00,164.00,0.00,190.00,5.00,870.00,774.00,28.00,57.21
847.00,366.00,187.00,0.00,191.00,7.00,824.00,757.00,28.00,65.90
848.00,280.00,129.00,100.00,172.00,9.00,825.00,805.00,28.00,52.82
849.00,252.00,97.00,76.00,194.00,8.00,835.00,821.00,28.00,33.39
850.00,165.00,0.00,150.00,182.00,12.00,1023.00,729.00,28.00,18.02
851.00,156.00,243.00,0.00,180.00,11.00,1022.00,698.00,28.00,37.36
852.00,160.00,188.00,146.00,203.00,11.00,829.00,710.00,28.00,32.83
853.00,298.00,0.00,107.00,186.00,6.00,879.00,815.00,28.00,42.63
854.00,318.00,0.00,126.00,210.00,6.00,861.00,737.00,28.00,40.05
855.00,287.00,121.00,94.00,188.00,9.00,904.00,696.00,28.00,41.94
856.00,326.00,166.00,0.00,174.00,9.00,882.00,790.00,28.00,61.23
857.00,356.00,0.00,142.00,193.00,11.00,801.00,778.00,28.00,40.86
858.00,132.00,207.00,161.00,179.00,5.00,867.00,736.00,28.00,33.30
859.00,322.00,149.00,0.00,186.00,8.00,951.00,709.00,28.00,52.42
860.00,164.00,0.00,200.00,181.00,13.00,849.00,846.00,28.00,15.08
861.00,314.00,0.00,113.00,170.00,10.00,925.00,783.00,28.00,38.45
862.00,321.00,0.00,128.00,182.00,11.00,870.00,780.00,28.00,37.25
863.00,140.00,164.00,128.00,237.00,6.00,869.00,656.00,28.00,35.22
864.00,288.00,121.00,0.00,177.00,7.00,908.00,829.00,28.00,42.13
865.00,298.00,0.00,107.00,210.00,11.00,880.00,744.00,28.00,31.87
866.00,265.00,111.00,86.00,195.00,6.00,833.00,790.00,28.00,41.54
867.00,160.00,250.00,0.00,168.00,12.00,1049.00,688.00,28.00,39.45
868.00,166.00,260.00,0.00,183.00,13.00,859.00,827.00,28.00,37.91
869.00,276.00,116.00,90.00,180.00,9.00,870.00,768.00,28.00,44.27
870.00,322.00,0.00,116.00,196.00,10.00,818.00,813.00,28.00,31.17
871.00,149.00,139.00,109.00,193.00,6.00,892.00,780.00,28.00,23.69
872.00,159.00,187.00,0.00,176.00,11.00,990.00,789.00,28.00,32.76
873.00,261.00,100.00,78.00,201.00,9.00,864.00,761.00,28.00,32.39
874.00,237.00,92.00,71.00,247.00,6.00,853.00,695.00,28.00,28.62
875.00,313.00,0.00,113.00,178.00,8.00,1002.00,689.00,28.00,36.80
876.00,155.00,183.00,0.00,193.00,9.00,1047.00,697.00,28.00,18.28
877.00,146.00,230.00,0.00,202.00,3.00,827.00,872.00,28.00,33.06
878.00,296.00,0.00,107.00,221.00,11.00,819.00,778.00,28.00,31.41
879.00,133.00,210.00,0.00,196.00,3.00,949.00,795.00,28.00,31.02
880.00,313.00,145.00,0.00,178.00,8.00,867.00,824.00,28.00,44.38
881.00,152.00,0.00,112.00,184.00,8.00,992.00,816.00,28.00,12.17
882.00,153.00,145.00,113.00,178.00,8.00,1002.00,689.00,28.00,25.55
883.00,140.00,133.00,103.00,200.00,7.00,916.00,753.00,28.00,36.43
884.00,149.00,236.00,0.00,176.00,13.00,847.00,893.00,28.00,32.95
885.00,300.00,0.00,120.00,212.00,10.00,878.00,728.00,28.00,23.83
886.00,153.00,145.00,113.00,178.00,8.00,867.00,824.00,28.00,26.22
887.00,148.00,0.00,137.00,158.00,16.00,1002.00,830.00,28.00,17.95
888.00,326.00,0.00,138.00,199.00,11.00,801.00,792.00,28.00,40.67
889.00,153.00,145.00,0.00,178.00,8.00,1000.00,822.00,28.00,19.00
890.00,262.00,111.00,86.00,195.00,5.00,895.00,733.00,28.00,33.71
891.00,158.00,0.00,195.00,220.00,11.00,898.00,713.00,28.00,8.53
892.00,151.00,0.00,185.00,167.00,16.00,1074.00,678.00,28.00,13.45
893.00,273.00,0.00,90.00,199.00,11.00,931.00,762.00,28.00,32.23
894.00,149.00,118.00,92.00,183.00,7.00,953.00,780.00,28.00,23.51
895.00,143.00,169.00,143.00,191.00,8.00,967.00,643.00,28.00,29.72
896.00,260.00,101.00,78.00,171.00,10.00,936.00,763.00,28.00,49.77
897.00,313.00,161.00,0.00,178.00,10.00,917.00,759.00,28.00,52.44
898.00,284.00,120.00,0.00,168.00,7.00,970.00,794.00,28.00,40.93
899.00,336.00,0.00,0.00,182.00,3.00,986.00,817.00,28.00,44.86
900.00,145.00,0.00,134.00,181.00,11.00,979.00,812.00,28.00,13.19
901.00,150.00,237.00,0.00,174.00,12.00,1069.00,675.00,28.00,37.43
902.00,144.00,170.00,133.00,192.00,8.00,814.00,805.00,28.00,29.86
903.00,331.00,170.00,0.00,195.00,8.00,811.00,802.00,28.00,56.61
904.00,155.00,0.00,143.00,193.00,9.00,1047.00,697.00,28.00,12.45
905.00,155.00,183.00,0.00,193.00,9.00,877.00,868.00,28.00,23.78
906.00,135.00,0.00,166.00,180.00,10.00,961.00,805.00,28.00,13.29
907.00,266.00,112.00,87.00,178.00,10.00,910.00,745.00,28.00,39.41
908.00,314.00,145.00,113.00,179.00,8.00,869.00,690.00,28.00,46.22
909.00,313.00,145.00,0.00,127.00,8.00,1000.00,822.00,28.00,44.51
910.00,146.00,173.00,0.00,182.00,3.00,986.00,817.00,28.00,23.73
911.00,144.00,136.00,106.00,178.00,7.00,941.00,774.00,28.00,26.14
912.00,148.00,0.00,182.00,181.00,15.00,839.00,884.00,28.00,15.52
913.00,277.00,117.00,91.00,191.00,7.00,946.00,666.00,28.00,43.57
914.00,298.00,0.00,107.00,164.00,13.00,953.00,784.00,28.00,35.85
915.00,313.00,145.00,0.00,178.00,8.00,1002.00,689.00,28.00,41.05
916.00,155.00,184.00,143.00,194.00,9.00,880.00,699.00,28.00,28.98
917.00,289.00,134.00,0.00,195.00,6.00,924.00,760.00,28.00,46.24
918.00,148.00,175.00,0.00,171.00,2.00,1000.00,828.00,28.00,26.91
919.00,145.00,0.00,179.00,202.00,8.00,824.00,869.00,28.00,10.53
920.00,313.00,0.00,0.00,178.00,8.00,1000.00,822.00,28.00,25.09
921.00,136.00,162.00,126.00,172.00,10.00,923.00,764.00,28.00,29.06
922.00,155.00,0.00,143.00,193.00,9.00,877.00,868.00,28.00,9.73
923.00,255.00,99.00,77.00,189.00,6.00,919.00,749.00,28.00,33.79
924.00,162.00,207.00,172.00,216.00,10.00,822.00,638.00,28.00,39.84
925.00,136.00,196.00,98.00,199.00,6.00,847.00,783.00,28.00,26.96
926.00,164.00,163.00,128.00,197.00,8.00,961.00,641.00,28.00,27.23
927.00,162.00,214.00,164.00,202.00,10.00,820.00,680.00,28.00,30.64
928.00,157.00,214.00,152.00,200.00,9.00,819.00,704.00,28.00,33.05
929.00,149.00,153.00,194.00,192.00,8.00,935.00,623.00,28.00,24.57
930.00,135.00,105.00,193.00,196.00,6.00,965.00,643.00,28.00,21.91
931.00,159.00,209.00,161.00,201.00,7.00,848.00,669.00,28.00,30.88
932.00,144.00,15.00,195.00,176.00,6.00,1021.00,709.00,28.00,15.34
933.00,154.00,174.00,185.00,228.00,7.00,845.00,612.00,28.00,24.33
934.00,167.00,187.00,195.00,185.00,7.00,898.00,636.00,28.00,23.89
935.00,184.00,86.00,190.00,213.00,6.00,923.00,623.00,28.00,22.93
936.00,156.00,178.00,187.00,221.00,7.00,854.00,614.00,28.00,29.41
937.00,236.90,91.70,71.50,246.90,6.00,852.90,695.40,28.00,28.62
938.00,313.30,0.00,113.00,178.50,8.00,1001.90,688.70,28.00,36.80
939.00,154.80,183.40,0.00,193.30,9.10,1047.40,696.70,28.00,18.28
940.00,145.90,230.50,0.00,202.50,3.40,827.00,871.80,28.00,32.72
941.00,296.00,0.00,106.70,221.40,10.50,819.20,778.40,28.00,31.42
942.00,133.10,210.20,0.00,195.70,3.10,949.40,795.30,28.00,28.93
943.00,313.30,145.00,0.00,178.50,8.00,867.20,824.00,28.00,40.92
944.00,151.60,0.00,111.90,184.40,7.90,992.00,815.90,28.00,12.18
945.00,153.10,145.00,113.00,178.50,8.00,1001.90,688.70,28.00,25.55
946.00,139.90,132.60,103.30,200.30,7.40,916.00,753.40,28.00,36.44
947.00,149.50,236.00,0.00,175.80,12.60,846.80,892.70,28.00,32.96
948.00,299.80,0.00,119.80,211.50,9.90,878.20,727.60,28.00,23.83
949.00,153.10,145.00,113.00,178.50,8.00,867.20,824.00,28.00,26.23
950.00,148.10,0.00,136.60,158.10,16.10,1001.80,830.10,28.00,17.95
951.00,326.50,0.00,137.90,199.00,10.80,801.10,792.50,28.00,38.63
952.00,152.70,144.70,0.00,178.10,8.00,999.70,822.20,28.00,19.00
953.00,261.90,110.50,86.10,195.40,5.00,895.20,732.60,28.00,33.71
954.00,158.40,0.00,194.90,219.70,11.00,897.70,712.90,28.00,8.53
955.00,150.70,0.00,185.30,166.70,15.60,1074.50,678.00,28.00,13.46
956.00,272.60,0.00,89.60,198.70,10.60,931.30,762.20,28.00,32.24
957.00,149.00,117.60,91.70,182.90,7.10,953.40,780.30,28.00,23.52
958.00,143.00,169.40,142.70,190.70,8.40,967.40,643.50,28.00,29.72
959.00,259.90,100.60,78.40,170.60,10.40,935.70,762.90,28.00,49.77
960.00,312.90,160.50,0.00,177.60,9.60,916.60,759.50,28.00,52.44
961.00,284.00,119.70,0.00,168.30,7.20,970.40,794.20,28.00,40.93
962.00,336.50,0.00,0.00,181.90,3.40,985.80,816.80,28.00,44.86
963.00,144.80,0.00,133.60,180.80,11.10,979.50,811.50,28.00,13.20
964.00,150.00,236.80,0.00,173.80,11.90,1069.30,674.80,28.00,37.43
965.00,143.70,170.20,132.60,191.60,8.50,814.10,805.30,28.00,29.87
966.00,330.50,169.60,0.00,194.90,8.10,811.00,802.30,28.00,56.61
967.00,154.80,0.00,142.80,193.30,9.10,1047.40,696.70,28.00,12.45
968.00,154.80,183.40,0.00,193.30,9.10,877.20,867.70,28.00,23.78
969.00,134.70,0.00,165.70,180.20,10.00,961.00,804.90,28.00,13.29
970.00,266.20,112.30,87.50,177.90,10.40,909.70,744.50,28.00,39.42
971.00,314.00,145.30,113.20,178.90,8.00,869.10,690.20,28.00,46.23
972.00,312.70,144.70,0.00,127.30,8.00,999.70,822.20,28.00,44.52
973.00,145.70,172.60,0.00,181.90,3.40,985.80,816.80,28.00,23.74
974.00,143.80,136.30,106.20,178.10,7.50,941.50,774.30,28.00,26.14
975.00,148.10,0.00,182.10,181.40,15.00,838.90,884.30,28.00,15.52
976.00,277.00,116.80,91.00,190.60,7.00,946.50,665.60,28.00,43.57
977.00,298.10,0.00,107.50,163.60,12.80,953.20,784.00,28.00,35.86
978.00,313.30,145.00,0.00,178.50,8.00,1001.90,688.70,28.00,41.05
979.00,155.20,183.90,143.20,193.80,9.20,879.60,698.50,28.00,28.99
980.00,289.00,133.70,0.00,194.90,5.50,924.10,760.10,28.00,46.24
981.00,147.80,175.10,0.00,171.20,2.20,1000.00,828.50,28.00,26.92
982.00,145.40,0.00,178.90,201.70,7.80,824.00,868.70,28.00,10.53
983.00,312.70,0.00,0.00,178.10,8.00,999.70,822.20,28.00,25.10
984.00,136.40,161.60,125.80,171.60,10.40,922.60,764.40,28.00,29.07
985.00,154.80,0.00,142.80,193.30,9.10,877.20,867.70,28.00,9.73
986.00,255.30,98.80,77.00,188.60,6.50,919.00,749.30,28.00,33.79
987.00,272.80,105.10,81.80,209.70,9.00,904.00,679.70,28.00,37.17
988.00,162.00,190.10,148.10,178.80,18.80,838.10,741.40,28.00,33.76
989.00,153.60,144.20,112.30,220.10,10.10,923.20,657.90,28.00,16.50
990.00,146.50,114.60,89.30,201.90,8.80,860.00,829.50,28.00,19.98
991.00,151.80,178.10,138.70,167.50,18.30,944.00,694.60,28.00,36.34
992.00,309.90,142.80,111.20,167.80,22.10,913.90,651.20,28.00,38.21
993.00,143.60,0.00,174.90,158.40,17.90,942.70,844.50,28.00,15.42
994.00,303.60,139.90,0.00,213.50,6.20,895.50,722.50,28.00,33.41
995.00,374.30,0.00,0.00,190.20,6.70,1013.20,730.40,28.00,39.05
996.00,158.60,148.90,116.00,175.10,15.00,953.30,719.70,28.00,27.68
997.00,152.60,238.70,0.00,200.00,6.30,1001.80,683.90,28.00,26.85
998.00,310.00,142.80,0.00,167.90,10.00,914.30,804.00,28.00,45.30
999.00,304.80,0.00,99.60,196.00,9.80,959.40,705.20,28.00,30.12
1000.00,150.90,0.00,183.90,166.60,11.60,991.20,772.20,28.00,15.56
1001.00,141.90,166.60,129.70,173.50,10.90,882.60,785.30,28.00,44.61
1002.00,297.80,137.20,106.90,201.30,6.00,878.40,655.30,28.00,53.52
1003.00,321.30,164.20,0.00,190.50,4.60,870.00,774.00,28.00,57.21
1004.00,366.00,187.00,0.00,191.30,6.60,824.30,756.90,28.00,65.90
1005.00,279.80,128.90,100.40,172.40,9.50,825.10,804.90,28.00,52.82
1006.00,252.10,97.10,75.60,193.80,8.30,835.50,821.40,28.00,33.39
1007.00,164.60,0.00,150.40,181.60,11.70,1023.30,728.90,28.00,18.03
1008.00,155.60,243.50,0.00,180.30,10.70,1022.00,697.70,28.00,37.36
1009.00,160.20,188.00,146.40,203.20,11.30,828.70,709.70,28.00,35.31
1010.00,298.10,0.00,107.00,186.40,6.10,879.00,815.20,28.00,42.64
1011.00,317.90,0.00,126.50,209.70,5.70,860.50,736.60,28.00,40.06
1012.00,287.30,120.50,93.90,187.60,9.20,904.40,695.90,28.00,43.79
1013.00,325.60,166.40,0.00,174.00,8.90,881.60,790.00,28.00,61.23
1014.00,355.90,0.00,141.60,193.30,11.00,801.40,778.40,28.00,40.86
1015.00,132.00,206.50,160.90,178.90,5.50,866.90,735.60,28.00,33.30
1016.00,322.50,148.60,0.00,185.80,8.50,951.00,709.50,28.00,52.42
1017.00,164.20,0.00,200.10,181.20,12.60,849.30,846.00,28.00,15.09
1018.00,313.80,0.00,112.60,169.90,10.10,925.30,782.90,28.00,38.46
1019.00,321.40,0.00,127.90,182.50,11.50,870.10,779.70,28.00,37.26
1020.00,139.70,163.90,127.70,236.70,5.80,868.60,655.60,28.00,35.22
1021.00,288.40,121.00,0.00,177.40,7.00,907.90,829.50,28.00,42.14
1022.00,298.20,0.00,107.00,209.70,11.10,879.60,744.20,28.00,31.87
1023.00,264.50,111.00,86.50,195.50,5.90,832.60,790.40,28.00,41.54
1024.00,159.80,250.00,0.00,168.40,12.20,1049.30,688.20,28.00,39.45
1025.00,166.00,259.70,0.00,183.20,12.70,858.80,826.80,28.00,37.91
1026.00,276.40,116.00,90.30,179.60,8.90,870.10,768.30,28.00,44.28
1027.00,322.20,0.00,115.60,196.00,10.40,817.90,813.40,28.00,31.17
1028.00,148.50,139.40,108.60,192.70,6.10,892.40,780.00,28.00,23.69
1029.00,159.10,186.70,0.00,175.60,11.30,989.60,788.90,28.00,32.76
1030.00,260.90,100.50,78.30,200.60,8.60,864.50,761.50,28.00,32.40
