"Country","Area","Birth_rate","Current_account_balance","Death_rate","Debt","Electricity_consumption","Electricity_production","Exports","GDP","GDP_per_captia","GDP_growth_rate","HIV_AIDS_adults_prev","HIV_AIDS_deaths","HIV/AIDS_people","Highways","Imports","Industrial_production_rate","Infant_mortality_rate","Inflation rate (consumer prices)(%)","Internet_hosts","Internet_users","Investment","Labor_force","Life_expectancy","Military_expenditures_dollars","Military_expenditures_GDP","Natural_gas_consumption","Natural_gas_exports","Natural_gas_imports","Natural_gas_production","Natural_gas_reserves","Oil_consumption","Oil_exports","Oil_imports","Oil_production","Oil_proved reserves","Population","Public_debt","Railways","foreign_exchange_reserves","Telephones_main_lines","Telephones_mobile_cellular","Total_fertility_rate","Unemployment_rate"
"Afghanistan",647500.00,47.02,,20.75,8000000000.00,652200000.00,540000000.00,446000000.00,21500000000.00,800.00,7.50,0.01,,,21000.00,3759000000.00,,163.07,10.30,,1000.00,,11800000.00,42.90,188400000.00,2.60,220000000.00,0.00,0.00,220000000.00,49980000000.00,3500.00,,,0.00,0.00,29928987.00,,,,33100.00,15000.00,6.75,
"Akrotiri",123.00,,,,,,,,,,,,,,,,,,,,,,,,,,,,,,,,,,,,,,,,,,,
"Albania",28748.00,15.08,-504000000.00,5.12,1410000000.00,6760000000.00,5680000000.00,552400000.00,17460000000.00,4900.00,5.60,,,,18000.00,2076000000.00,3.10,21.52,3.20,455.00,30000.00,18.40,1090000.00,77.24,56500000.00,1.49,30000000.00,0.00,0.00,30000000.00,3316000000.00,7500.00,0.00,5500.00,2000.00,185500000.00,3563112.00,,447.00,1206000000.00,255000.00,1100000.00,2.04,14.80
"Algeria",2381740.00,17.13,11900000000.00,4.60,21900000000.00,23610000000.00,25760000000.00,32160000000.00,212300000000.00,6600.00,6.10,0.10,500.00,9100.00,104000.00,15250000000.00,6.00,31.00,3.10,897.00,500000.00,26.20,9910000.00,73.00,2480000000.00,3.20,22320000000.00,57980000000.00,0.00,80300000000.00,4739000000000.00,209000.00,,,1200000.00,11870000000.00,32531853.00,37.40,3973.00,43550000000.00,2199600.00,1447310.00,1.92,25.40
"American Samoa",199.00,23.13,,3.33,,120900000.00,130000000.00,30000000.00,500000000.00,8000.00,,,,,185.00,123000000.00,,9.27,,,,,14000.00,75.84,,,,,,,,3800.00,,,0.00,,57881.00,,,,15000.00,2377.00,3.25,6.00
"Andorra",468.00,9.00,,6.07,,,,58000000.00,1900000000.00,26800.00,2.00,,,,269.00,1077000000.00,,4.05,4.30,4144.00,24500.00,,33000.00,83.51,,,,,,,,,,,,,70549.00,,,,35000.00,23500.00,1.29,0.00
"Angola",1246700.00,44.64,-37880000.00,25.90,10450000000.00,1587000000.00,1707000000.00,12760000000.00,23170000000.00,2100.00,11.70,3.90,21000.00,240000.00,51429.00,4896000000.00,1.00,191.19,43.80,17.00,41000.00,34.50,5410000.00,36.61,183580000.00,10.60,530000000.00,0.00,0.00,530000000.00,79570000000.00,31000.00,,,980000.00,22880000000.00,11190786.00,,2761.00,800000000.00,96300.00,130000.00,6.27,
"Anguilla",102.00,14.26,,5.43,8800000.00,42600000.00,,2600000.00,112000000.00,7500.00,2.80,,,,105.00,80900000.00,3.10,21.03,2.30,,3000.00,,6049.00,77.11,,,,,,,,,,,,,13254.00,,,,6200.00,1800.00,1.73,8.00
"Antarctica",14000000.00,,,,,,,,,,,,,,,,,,,,,,,,,,,,,,,,,,,,,,,,0.00,,,
"Antigua and Barbuda",443.00,17.26,,5.44,231000000.00,103000000.00,110800000.00,689000000.00,750000000.00,11000.00,3.00,,,,250.00,692000000.00,6.00,19.46,0.40,1665.00,10000.00,,30000.00,71.90,,,,,,,,3600.00,,,0.00,,68722.00,,,,38000.00,38200.00,2.26,11.00
"Argentina",2766890.00,16.90,5473000000.00,7.56,157700000000.00,81650000000.00,81390000000.00,33780000000.00,483500000000.00,12400.00,8.30,0.70,1500.00,130000.00,215471.00,22060000000.00,12.00,15.18,6.10,742358.00,4100000.00,18.30,15040000.00,75.91,4300000000.00,1.30,31100000000.00,6050000000.00,0.00,37150000000.00,768000000000.00,486000.00,,,755000.00,2900000000.00,39537943.00,118.00,34091.00,19470000000.00,8009400.00,6500000.00,2.19,14.80
"Armenia",29800.00,11.76,-240400000.00,8.16,905000000.00,5797000000.00,6492000000.00,850000000.00,13650000000.00,4600.00,9.00,0.10,200.00,2600.00,8431.00,1300000000.00,15.00,23.28,3.50,2206.00,150000.00,19.80,1400000.00,71.55,135000000.00,6.50,1400000000.00,0.00,1400000000.00,0.00,,5700.00,,,0.00,,2982904.00,,845.00,555000000.00,562600.00,114400.00,1.32,30.00
"Aruba",193.00,11.26,,6.57,285000000.00,751200000.00,807700000.00,128000000.00,1940000000.00,28000.00,-1.50,,,,800.00,841000000.00,,5.89,3.20,923.00,24000.00,,41500.00,79.14,,,,,,,,6500.00,,,0.00,,71566.00,,,,37100.00,53000.00,1.79,0.60
"Ashmore and Cartier Islands",5.00,,,,,,,,,,,,,,,,,,,,,,,,,,,,,,,,,,,,,,,,,,,
"Australia",7686850.00,12.26,-38300000000.00,7.44,308700000000.00,195600000000.00,210300000000.00,86890000000.00,611700000000.00,30700.00,3.50,0.10,,14000.00,811603.00,98100000000.00,1.90,4.69,2.30,2847763.00,9472000.00,25.30,10350000.00,80.39,1665000000.00,2.70,23330000000.00,9744000000.00,0.00,33080000000.00,2407000000000.00,796500.00,523400.00,530800.00,537500.00,3664000000.00,20090437.00,17.40,43802.00,35140000000.00,10815000.00,14347000.00,1.76,5.10
"Austria",83870.00,8.81,-3283000000.00,9.70,15500000000.00,55090000000.00,58490000000.00,102700000000.00,255900000000.00,31300.00,1.90,0.30,100.00,10000.00,200000.00,101200000000.00,3.30,4.66,1.80,387006.00,3730000.00,22.60,3450000.00,78.92,1497000000.00,0.90,7810000000.00,403000000.00,6033000000.00,1731000000.00,24900000000.00,262400.00,35470.00,262000.00,20670.00,85690000.00,8184691.00,64.20,6021.00,12730000000.00,3881000.00,7094500.00,1.36,4.40
"Azerbaijan",86600.00,20.40,-2899000000.00,9.86,1832000000.00,17370000000.00,17550000000.00,3168000000.00,30010000000.00,3800.00,9.80,0.10,100.00,1400.00,28030.00,3622000000.00,4.00,81.74,4.60,586.00,300000.00,65.10,5090000.00,63.35,121000000.00,2.60,6720000000.00,0.00,1000000000.00,5720000000.00,62300000000.00,140000.00,,,312800.00,589000000.00,7911974.00,18.90,2957.00,875000000.00,923800.00,870000.00,2.44,1.20
"Bahamas The",13940.00,17.87,,8.97,308500000.00,1596000000.00,1716000000.00,636000000.00,5295000000.00,17700.00,3.00,3.00,200.00,5600.00,2693.00,1630000000.00,,25.21,1.20,302.00,84000.00,,156000.00,65.54,,,,,,,,23000.00,29000.00,,0.00,,301790.00,,,,131700.00,121800.00,2.20,10.20
"Bahrain",665.00,18.10,586100000.00,4.08,6215000000.00,6379000000.00,6860000000.00,8205000000.00,13010000000.00,19200.00,5.60,0.20,200.00,600.00,3459.00,5870000000.00,2.00,17.27,2.10,1334.00,195700.00,12.80,370000.00,74.23,628900000.00,6.30,32700000000.00,0.00,0.00,32700000000.00,46000000000.00,40000.00,,,44000.00,126000000.00,688345.00,63.80,,2141000000.00,185800.00,443100.00,2.63,15.00
"Baker Island",1.00,,,,,,,,,,,,,,,,,,,,,,,,,,,,,,,,,,,,,,,,,,,
"Bangladesh",144000.00,30.01,216600000.00,8.40,19970000000.00,15300000000.00,16450000000.00,7478000000.00,275700000000.00,2000.00,4.90,0.10,650.00,13000.00,207486.00,10030000000.00,6.50,62.60,6.00,1.00,243000.00,23.50,65490000.00,62.08,995300000.00,1.80,9900000000.00,0.00,0.00,9900000000.00,150300000000.00,71000.00,,,3581.00,28450000.00,144319628.00,43.00,2706.00,3000000000.00,740000.00,1365000.00,3.13,40.00
"Barbados",431.00,12.83,,9.17,668000000.00,744000000.00,800000000.00,206000000.00,4569000000.00,16400.00,2.30,1.50,200.00,2500.00,1600.00,1039000000.00,-3.20,12.50,-0.50,204.00,100000.00,,128500.00,71.41,,,29170000.00,0.00,0.00,29170000.00,70790000.00,10900.00,,,1271.00,1254000.00,279254.00,,,,134000.00,140000.00,1.65,10.70
"Bassas da India",0.00,,,,,,,,,,,,,,,,,,,,,,,,,,,,,,,,,,,,,,,,,,,
"Belarus",207600.00,10.83,-1119000000.00,14.15,600000000.00,34300000000.00,30000000000.00,11470000000.00,70500000000.00,6800.00,6.40,0.30,1000.00,15000.00,79990.00,13570000000.00,4.00,13.37,17.40,5308.00,1391900.00,21.80,4305000.00,68.72,176100000.00,1.40,18800000000.00,0.00,18500000000.00,250000000.00,,285000.00,14500.00,360000.00,36000.00,,10300483.00,,5523.00,770200000.00,3071300.00,1118000.00,1.39,2.00
"Belgium",30528.00,10.48,11400000000.00,10.22,28300000000.00,78820000000.00,76580000000.00,255700000000.00,316200000000.00,30600.00,2.60,0.20,100.00,10000.00,149028.00,235000000000.00,3.50,4.68,1.90,166799.00,3400000.00,19.10,4750000.00,78.62,3999000000.00,1.30,15500000000.00,0.00,15400000000.00,0.00,,595100.00,450000.00,1042000.00,0.00,,10364388.00,96.20,3518.00,14450000000.00,5120400.00,8135500.00,1.64,12.00
"Belize",22966.00,29.34,-115000000.00,6.04,1362000000.00,108800000.00,117000000.00,401400000.00,1778000000.00,6500.00,3.50,2.40,,3600.00,2872.00,579900000.00,4.60,25.69,2.90,2613.00,30000.00,33.60,90000.00,67.49,18000000.00,2.00,,,,,,5000.00,,,0.00,,279457.00,,,111100000.00,33300.00,60400.00,3.68,12.90
"Benin",112620.00,41.99,-159900000.00,13.76,1600000000.00,565200000.00,285200000.00,720900000.00,8338000000.00,1200.00,5.00,1.90,5800.00,68000.00,6787.00,934500000.00,8.30,85.00,2.80,879.00,70000.00,19.30,,50.51,96500000.00,2.40,,,,,608800000.00,11500.00,,,700.00,4105000.00,7460025.00,,578.00,839300000.00,66500.00,236200.00,5.86,
"Bermuda",53.00,11.60,,7.63,160000000.00,598000000.00,643000000.00,879000000.00,2330000000.00,36000.00,2.00,,,,450.00,5523000000.00,,8.53,3.30,5161.00,34500.00,,37470.00,77.79,4030000.00,0.11,,,,,,4000.00,,,0.00,,65365.00,,,,56000.00,37873.00,1.89,5.00
"Bhutan",47000.00,34.03,,12.94,245000000.00,312900000.00,2001000000.00,154000000.00,2900000000.00,1400.00,5.30,0.10,,100.00,4007.00,196000000.00,9.30,100.44,3.00,985.00,15000.00,,,54.39,13700000.00,1.80,,,,,,1020.00,,,0.00,,2232291.00,,,,25200.00,22000.00,4.81,
"Bolivia",1098580.00,23.76,273000000.00,7.64,5439000000.00,3848000000.00,4132000000.00,1986000000.00,22330000000.00,2600.00,3.70,0.10,,4900.00,60282.00,1595000000.00,5.70,53.11,4.90,7080.00,270000.00,10.40,3800000.00,65.50,132200000.00,1.60,1150000000.00,2900000000.00,0.00,8440000000.00,727200000000.00,49000.00,,,39000.00,458800000.00,8857870.00,,3519.00,1214000000.00,600100.00,1401500.00,2.94,9.20
"Bosnia and Herzegovina",51129.00,12.49,-2100000000.00,8.44,3000000000.00,8318000000.00,10040000000.00,1700000000.00,26210000000.00,6500.00,5.00,0.10,100.00,900.00,21846.00,5200000000.00,5.50,21.05,1.10,6994.00,100000.00,,1026000.00,72.85,234300000.00,4.50,300000000.00,0.00,300000000.00,0.00,,20000.00,,,0.00,,4025476.00,,1021.00,2000000000.00,938000.00,1050000.00,1.71,44.00
"Botswana",600370.00,23.33,337000000.00,29.36,531000000.00,1890000000.00,930000000.00,2940000000.00,15050000000.00,9200.00,3.50,37.30,33000.00,350000.00,10217.00,2255000000.00,4.40,54.58,7.00,1920.00,60000.00,25.50,264000.00,33.87,338500000.00,3.90,,,,,,16000.00,,,0.00,,1640115.00,8.60,888.00,5700000000.00,142400.00,435000.00,2.85,23.80
"Bouvet Island",59.00,,,,,,,,,,,,,,,,,,,,,,,,,,,,,,,,,,,,,,,,,,,
"Brazil",8511965.00,16.83,8000000000.00,6.15,219800000000.00,351900000000.00,339000000000.00,95000000000.00,1492000000000.00,8100.00,5.10,0.70,15000.00,660000.00,1724929.00,61000000000.00,6.00,29.61,7.60,3163349.00,14300000.00,19.80,89000000.00,71.69,11000000000.00,1.80,9590000000.00,0.00,3640000000.00,5950000000.00,221700000000.00,2199000.00,,,1788000.00,13900000000.00,186112794.00,52.00,29412.00,52940000000.00,38810000.00,46373300.00,1.93,11.50
"British Indian Ocean Territory",60.00,,,,,,,,,,,,,,,,,,,,,,,,,,,,,,,,,,,,,,,,,,,
"British Virgin Islands",153.00,14.96,,4.42,36100000.00,33740000.00,36280000.00,25300000.00,2498000000.00,38500.00,1.00,,,,177.00,187000000.00,,18.05,2.50,,4000.00,,12770.00,76.27,,,,,,,,420.00,,,0.00,,22643.00,,,,11700.00,8000.00,1.72,3.00
"Brunei",5770.00,19.01,,3.42,0.00,2286000000.00,2458000000.00,7700000000.00,6842000000.00,23600.00,3.20,0.10,200.00,200.00,2525.00,5200000000.00,5.00,12.61,0.30,6409.00,35000.00,,158000.00,74.80,290700000.00,5.10,1350000000.00,9000000000.00,0.00,10350000000.00,315000000000.00,13000.00,199000.00,,204000.00,1255000000.00,372361.00,,,,90000.00,137000.00,2.30,3.20
"Bulgaria",110910.00,9.66,682900000.00,14.26,16100000000.00,32710000000.00,43070000000.00,9134000000.00,61630000000.00,8200.00,5.30,0.10,100.00,346.00,37077.00,12230000000.00,5.20,20.55,6.10,53421.00,630000.00,18.60,3398000.00,72.03,356000000.00,2.60,5804000000.00,0.00,5800000000.00,4000000.00,3724000000.00,94000.00,,,603.00,8100000.00,7450349.00,41.90,4294.00,7526000000.00,2868200.00,2597500.00,1.38,12.70
"Burkina Faso",274200.00,44.17,-471700000.00,18.86,1300000000.00,335700000.00,361000000.00,418600000.00,15740000000.00,1200.00,4.80,4.20,29000.00,300000.00,12506.00,866300000.00,14.00,97.57,2.40,442.00,48000.00,29.10,5000000.00,43.92,64200000.00,1.30,,,,,,8000.00,,,0.00,,13925313.00,,622.00,474900000.00,65400.00,227000.00,6.23,
"Burma",678500.00,18.11,-185000000.00,12.15,6752000000.00,3484000000.00,5068000000.00,2137000000.00,74300000000.00,1700.00,-1.30,1.20,20000.00,330000.00,28200.00,1754000000.00,,67.24,17.20,3.00,28000.00,10.20,27010000.00,56.22,39000000.00,2.10,1569000000.00,8424000000.00,0.00,9980000000.00,2460000000000.00,60950.00,3356.00,49230.00,17550.00,3200000000.00,42909464.00,,3955.00,590000000.00,357300.00,66500.00,2.01,5.20
"Burundi",27830.00,39.66,-59500000.00,17.43,1133000000.00,137800000.00,132000000.00,31840000.00,4001000000.00,600.00,3.00,6.00,25000.00,250000.00,14480.00,138200000.00,18.00,69.29,8.50,22.00,14000.00,10.70,2990000.00,43.50,38700000.00,6.00,,,,,,2750.00,,,0.00,,6370609.00,,,76890000.00,23900.00,64000.00,5.81,
"Cambodia",181040.00,27.08,-316200000.00,8.97,2400000000.00,100600000.00,122000000.00,2311000000.00,26990000000.00,2000.00,5.40,2.60,15000.00,170000.00,12323.00,3129000000.00,22.00,71.48,3.10,818.00,30000.00,20.90,7000000.00,58.87,112000000.00,3.00,,,,,,7200.00,,,0.00,,13607069.00,,602.00,997500000.00,35400.00,380000.00,3.44,2.50
"Cameroon",475440.00,34.67,-149100000.00,15.40,8460000000.00,3321000000.00,3571000000.00,2445000000.00,30170000000.00,1900.00,4.90,6.90,49000.00,560000.00,34300.00,1979000000.00,4.20,68.26,1.00,479.00,60000.00,16.10,6680000.00,47.84,221100000.00,1.60,0.00,0.00,0.00,0.00,55220000000.00,22000.00,,,94000.00,80000000.00,16380005.00,69.10,1008.00,687500000.00,110900.00,1077000.00,4.47,30.00
"Canada",9984670.00,10.84,28200000000.00,7.73,570000000000.00,487300000000.00,548900000000.00,315600000000.00,1023000000000.00,31500.00,2.40,0.30,1500.00,56000.00,1408800.00,256100000000.00,2.00,4.75,1.90,3210081.00,16110000.00,19.40,17370000.00,80.10,9801700000.00,1.10,55800000000.00,91520000000.00,8730000000.00,165800000000.00,1691000000000.00,2200000.00,1370000.00,987000.00,3110000.00,178900000000.00,32805041.00,,48909.00,36270000000.00,19950900.00,13221800.00,1.61,7.00
"Cape Verde",4033.00,25.33,-93760000.00,6.62,325000000.00,40060000.00,43080000.00,61110000.00,600000000.00,1400.00,5.00,0.04,225.00,775.00,1100.00,387300000.00,,47.77,1.50,118.00,20400.00,19.20,,70.45,14100000.00,1.50,,,,,,2000.00,,,0.00,,418224.00,,,112700000.00,71700.00,53300.00,3.48,21.00
"Cayman Islands",262.00,12.92,,4.81,70000000.00,382100000.00,410800000.00,1200000.00,1391000000.00,32300.00,1.70,,,,785.00,457400000.00,,8.19,2.80,,9909.00,,19820.00,79.95,,,,,,,,2400.00,,,0.00,,44270.00,,,,38000.00,17000.00,1.90,4.10
"Central African Republic",622984.00,35.17,,20.27,881400000.00,98580000.00,106000000.00,172000000.00,4248000000.00,1100.00,0.50,13.50,23000.00,260000.00,23810.00,136000000.00,3.00,91.00,3.60,6.00,5000.00,,,41.01,15500000.00,1.00,,,,,,2400.00,,,0.00,,3799897.00,,,,9000.00,13000.00,4.50,8.00
"Chad",1284000.00,45.98,330200000.00,16.41,1100000000.00,89400000.00,96130000.00,365000000.00,15660000000.00,1600.00,38.00,4.80,18000.00,200000.00,33400.00,500700000.00,5.00,93.82,8.00,8.00,15000.00,24.70,,47.94,101300000.00,2.10,,,,,,1500.00,,,200000.00,,9826419.00,,,652700000.00,11800.00,65000.00,6.32,
"Chile",756950.00,15.44,2185000000.00,5.76,44600000000.00,41800000000.00,48600000000.00,29200000000.00,169100000000.00,10700.00,5.80,0.30,1400.00,26000.00,79605.00,22530000000.00,7.80,8.80,2.40,202429.00,3575000.00,23.90,6200000.00,76.58,3420000000.00,3.80,6517000000.00,0.00,5337000000.00,1180000000.00,99050000000.00,240000.00,0.00,221500.00,18500.00,150000000.00,15980912.00,12.80,6585.00,16020000000.00,3467000.00,6445700.00,2.02,8.50
"China",9596960.00,13.14,30320000000.00,6.94,233300000000.00,1630000000000.00,1910000000000.00,583100000000.00,7262000000000.00,5600.00,9.10,0.10,44000.00,840000.00,1765222.00,552400000000.00,17.10,24.18,4.10,160421.00,94000000.00,46.00,760800000.00,72.27,67490000000.00,4.30,29180000000.00,0.00,0.00,35000000000.00,2230000000000.00,4956000.00,427800.00,2414000.00,3392000.00,17740000000.00,1306313812.00,31.40,70058.00,609900000000.00,263000000.00,269000000.00,1.72,9.80
"Christmas Island",135.00,,,,,,,,,,,,,,240.00,,,,,,,,,,,,,,,,,,,,,,361.00,,,,,,,
"Clipperton Island",6.00,,,,,,,,,,,,,,,,,,,,,,,,,,,,,,,,,,,,,,,,,,,
"Cocos (Keeling) Islands",14.00,,,,,,,,,,,,,,15.00,,,,,,,,,,,,,,,,,,,,,,628.00,,,,287.00,,,60.00
"Colombia",1138910.00,20.82,-1706000000.00,5.59,38700000000.00,41140000000.00,44870000000.00,15500000000.00,281100000000.00,6600.00,3.60,0.70,3600.00,190000.00,112998.00,15340000000.00,4.00,20.97,5.90,115158.00,2732200.00,15.80,20700000.00,71.72,3300000000.00,3.40,5700000000.00,0.00,0.00,5700000000.00,132000000000.00,252000.00,,,531100.00,1700000000.00,42954279.00,51.80,3304.00,11940000000.00,8768100.00,6186200.00,2.56,13.60
"Comoros",2170.00,37.52,,8.40,232000000.00,22170000.00,23840000.00,28000000.00,441000000.00,700.00,2.00,0.12,,,880.00,88000000.00,-2.00,74.93,3.50,11.00,5000.00,,144500.00,61.96,11600000.00,3.00,,,,,,700.00,,,0.00,,671247.00,,,,13200.00,2000.00,5.09,20.00
"Congo Democratic Republic of the",2345410.00,44.38,,14.43,11600000000.00,4168000000.00,6086000000.00,1417000000.00,42740000000.00,700.00,7.50,4.20,100000.00,1100000.00,157000.00,933000000.00,,92.87,14.00,153.00,50000.00,,14510000.00,49.35,93500000.00,1.50,,,,,104800000000.00,14000.00,,,24000.00,1538000000.00,60085804.00,,5138.00,,10000.00,1000000.00,6.54,
"Congo Republic of the",342000.00,27.88,266000000.00,14.82,5000000000.00,573600000.00,348000000.00,2224000000.00,2324000000.00,800.00,3.70,4.90,9700.00,90000.00,12800.00,749300000.00,0.00,92.41,1.80,46.00,15000.00,25.80,,48.97,126500000.00,2.80,0.00,0.00,0.00,0.00,495500000.00,5000.00,,,227000.00,93500000.00,3039126.00,,894.00,40420000.00,7000.00,330000.00,3.54,
"Cook Islands",240.00,,,,141000000.00,25110000.00,27000000.00,9100000.00,105000000.00,5000.00,7.10,,,,320.00,50700000.00,1.00,,3.20,,3600.00,,8000.00,,,,,,,,,450.00,,,0.00,,21388.00,,,,6200.00,1500.00,,13.00
"Costa Rica",51100.00,18.60,-980300000.00,4.33,5962000000.00,5733000000.00,6614000000.00,6184000000.00,37970000000.00,9600.00,3.90,0.60,900.00,12000.00,35303.00,7842000000.00,3.10,9.95,11.50,10826.00,800000.00,19.20,1810000.00,76.84,64200000.00,0.40,,,,,,37000.00,,,0.00,,4016173.00,58.00,950.00,1736000000.00,1132000.00,528047.00,2.28,6.60
"Cote d'Ivoire",322460.00,35.51,-421500000.00,14.94,11810000000.00,2976000000.00,4759000000.00,5124000000.00,24780000000.00,1500.00,-1.00,7.00,47000.00,570000.00,50400.00,3360000000.00,15.00,90.83,1.40,3795.00,90000.00,11.30,6700000.00,48.62,180200000.00,1.20,1350000000.00,0.00,0.00,1350000000.00,14870000000.00,32000.00,,,29300.00,220000000.00,17298040.00,74.80,660.00,1950000000.00,328000.00,1236000.00,4.58,13.00
"Croatia",56542.00,9.57,-1925000000.00,11.38,26400000000.00,15200000000.00,12510000000.00,7845000000.00,50330000000.00,11200.00,3.70,0.10,10.00,200.00,28344.00,16700000000.00,2.70,6.84,2.50,29644.00,1014000.00,28.60,1710000.00,74.45,620000000.00,2.39,2840000000.00,0.00,1080000000.00,1760000000.00,34360000000.00,89000.00,,,21000.00,93600000.00,4495904.00,41.70,2726.00,8563000000.00,1825000.00,2553000.00,1.39,13.80
"Cuba",110860.00,12.03,-185100000.00,7.19,12090000000.00,13400000000.00,14410000000.00,2104000000.00,33920000000.00,3000.00,3.00,0.10,200.00,3300.00,60858.00,5296000000.00,1.40,6.33,3.10,1529.00,120000.00,11.20,4550000.00,77.23,572300000.00,1.80,600000000.00,0.00,0.00,600000000.00,42620000000.00,163000.00,,,77900.00,532000000.00,11346670.00,,4226.00,738600000.00,574400.00,17900.00,1.66,2.50
"Cyprus",9250.00,12.57,-619900000.00,7.64,7327000000.00,602000000.00,4000000000.00,49300000.00,4540000000.00,7135.00,2.60,0.10,,1000.00,13943.00,415200000.00,-0.30,7.18,2.40,5901.00,210000.00,17.90,95025.00,77.65,384000000.00,3.80,,,,,,49000.00,,,300.00,,780133.00,74.90,,941600000.00,86228.00,143178.00,1.83,3.20
"Czech Republic",78866.00,9.07,-5730000000.00,10.54,36280000000.00,55330000000.00,71750000000.00,66510000000.00,172200000000.00,16800.00,3.70,0.10,10.00,2500.00,127204.00,68190000000.00,4.70,3.93,3.20,295677.00,2700000.00,29.00,5250000.00,76.02,2170000000.00,2.02,9892000000.00,1000000.00,9521000000.00,160000000.00,3057000000.00,175700.00,26670.00,192300.00,7419.00,17250000.00,10241138.00,33.50,9520.00,32780000000.00,3626000.00,9708700.00,1.20,10.60
"Denmark",43094.00,11.36,6529000000.00,10.43,21700000000.00,31630000000.00,36380000000.00,73060000000.00,174400000000.00,32200.00,2.10,0.20,100.00,5000.00,71847.00,63450000000.00,1.70,4.56,1.40,1219925.00,2756000.00,19.80,2870000.00,77.62,3271600000.00,1.50,5280000000.00,3100000000.00,0.00,8380000000.00,81980000000.00,218000.00,332100.00,195000.00,346200.00,1230000000.00,5432335.00,42.50,3002.00,37980000000.00,3610100.00,4785300.00,1.74,6.20
"Dhekelia",131.00,,,,,,,,,,,,,,,,,,,,,,,,,,,,,,,,,,,,,,,,,,,
"Djibouti",23000.00,39.98,,19.39,366000000.00,167400000.00,180000000.00,155000000.00,619000000.00,1300.00,3.50,2.90,690.00,9100.00,2890.00,665000000.00,3.00,104.13,2.00,702.00,6500.00,,282000.00,43.10,28600000.00,4.40,,,,,,11300.00,,,0.00,,476703.00,,100.00,,9500.00,23000.00,5.40,50.00
"Dominica",754.00,15.73,,6.81,161500000.00,63620000.00,68410000.00,39000000.00,384000000.00,5500.00,-1.00,,,,780.00,98200000.00,-10.00,14.15,1.00,681.00,12500.00,,25000.00,74.65,,,,,,,,600.00,,,0.00,,69029.00,,,,23700.00,9400.00,1.96,23.00
"Dominican Republic",48730.00,23.28,762200000.00,7.35,7745000000.00,8912000000.00,9583000000.00,5446000000.00,55680000000.00,6300.00,1.70,1.70,7900.00,88000.00,12600.00,8093000000.00,2.00,32.38,55.00,64197.00,500000.00,18.90,,67.26,180000000.00,1.10,,,,,,129000.00,,129900.00,0.00,,8950034.00,61.10,1743.00,426000000.00,901800.00,2120400.00,2.86,17.00
"East Timor",15007.00,27.19,,6.30,,,,8000000.00,370000000.00,400.00,1.00,,,,3800.00,167000000.00,8.50,47.41,4.00,,,,,65.90,4400000.00,,,,,,,,,,,,1040880.00,,,,,,3.61,50.00
"Ecuador",283560.00,22.67,261100000.00,4.24,16810000000.00,75580000000.00,81270000000.00,7560000000.00,49510000000.00,3700.00,5.80,0.30,1700.00,21000.00,43197.00,7650000000.00,10.00,23.66,2.00,3188.00,569700.00,20.60,4530000.00,76.21,655000000.00,2.20,160000000.00,0.00,0.00,160000000.00,106500000000.00,129000.00,387000.00,,523000.00,4408000000.00,13363593.00,49.20,966.00,1436000000.00,1549000.00,2394400.00,2.72,11.10
"Egypt",1001450.00,23.32,2113000000.00,5.26,33750000000.00,75580000000.00,81270000000.00,11000000000.00,316300000000.00,4200.00,4.50,0.10,700.00,12000.00,64000.00,19210000000.00,2.50,32.59,9.50,3401.00,2700000.00,15.80,20710000.00,71.00,2440000000.00,3.40,21200000000.00,0.00,0.00,21200000000.00,1264000000000.00,562000.00,,,740000.00,2700000000.00,77505756.00,102.70,5063.00,14030000000.00,8735700.00,5797500.00,2.88,10.90
"El Salvador",21040.00,27.04,-880500000.00,5.85,4792000000.00,4450000000.00,4158000000.00,3249000000.00,32350000000.00,4900.00,1.80,0.70,2200.00,29000.00,10029.00,5968000000.00,0.70,25.10,5.40,4084.00,550000.00,16.60,2750000.00,71.22,157000000.00,1.10,,,,,,39000.00,,,0.00,,6704932.00,41.70,283.00,1888000000.00,752600.00,1149800.00,3.16,6.30
"Equatorial Guinea",28051.00,36.18,-578600000.00,12.00,248000000.00,24820000.00,26690000.00,2771000000.00,1270000000.00,2700.00,20.00,3.40,370.00,5900.00,2880.00,1167000000.00,30.00,85.13,8.50,3.00,1800.00,50.80,,55.56,126200000.00,2.50,20000000.00,0.00,0.00,20000000.00,68530000000.00,2000.00,,,350000.00,563500000.00,535881.00,,,235200000.00,9600.00,41500.00,4.62,30.00
"Eritrea",121320.00,38.62,-144900000.00,13.53,311000000.00,229400000.00,246600000.00,64440000.00,4154000000.00,900.00,2.50,2.70,6300.00,60000.00,4010.00,622000000.00,,74.87,10.00,1047.00,9500.00,26.30,,52.16,151000000.00,13.40,,,,,,6000.00,,,0.00,,4561599.00,,306.00,30870000.00,38100.00,,5.61,
"Estonia",45226.00,9.91,-1169000000.00,13.21,8373000000.00,6358000000.00,8301000000.00,5701000000.00,19230000000.00,14300.00,6.00,1.10,200.00,7800.00,55944.00,7318000000.00,5.00,7.87,3.00,82142.00,444000.00,28.20,660000.00,71.77,155000000.00,2.00,1270000000.00,0.00,1270000000.00,0.00,,24000.00,,,5100.00,,1332893.00,5.40,958.00,1503000000.00,475000.00,881000.00,1.39,9.60
"Ethiopia",1127127.00,38.61,-464400000.00,15.06,2900000000.00,1998000000.00,2149000000.00,562800000.00,54890000000.00,800.00,11.60,4.40,120000.00,1500000.00,33297.00,2104000000.00,6.70,95.32,2.40,9.00,75000.00,17.80,,48.83,337100000.00,4.60,,,,,12460000000.00,23000.00,,,0.00,214000.00,73053286.00,,681.00,923100000.00,435000.00,97800.00,5.33,
"Europa Island",28.00,,,,,,,,,,,,,,,,,,,,,,,,,,,,,,,,,,,,,,,,,,,
"European Union",3976372.00,10.10,,10.10,,2661000000000.00,2888000000000.00,1109000000000.00,11650000000000.0,26900.00,2.40,,,,4634810.00,1123000000000.00,2.40,5.20,2.10,22000414.00,206032067.00,19.50,215000000.00,78.20,,,467700000000.00,78100000000.00,297800000000.00,242600000000.00,3256000000000.00,14540000.00,5322000.00,15690000.00,2648000.00,28210000000.00,457030418.00,,222293.00,,238763162.00,314644700.00,1.48,9.50
"Falkland Islands (Islas Malvinas)",12173.00,,,,,17720000.00,19060000.00,82000000.00,75000000.00,25000.00,,,,,440.00,53000000.00,,,3.60,,,,1100.00,,,,,,,,,200.00,,,0.00,,2967.00,,,,2400.00,0.00,,
"Faroe Islands",1399.00,13.97,,8.69,64000000.00,204600000.00,220000000.00,408000000.00,1000000000.00,22000.00,10.00,,,,463.00,466000000.00,8.00,6.24,5.10,,25000.00,,24250.00,79.21,,,,,,,,4500.00,,,0.00,,46962.00,,,,23000.00,30700.00,2.20,1.00
"Fiji",18270.00,22.73,,5.65,188100000.00,697500000.00,750000000.00,609000000.00,5173000000.00,5900.00,3.60,0.10,200.00,600.00,3440.00,835000000.00,,12.62,1.60,493.00,55000.00,,137000.00,69.53,36000000.00,2.20,,,,,,5700.00,,,0.00,,893354.00,,597.00,,102000.00,109900.00,2.75,7.60
"Finland",338145.00,10.50,11390000000.00,9.79,30000000000.00,78580000000.00,71590000000.00,61040000000.00,151200000000.00,29000.00,3.00,0.10,100.00,1500.00,78197.00,45170000000.00,2.00,3.57,0.70,1219173.00,2650000.00,18.30,2660000.00,78.35,1800000000.00,2.00,4557000000.00,0.00,4567000000.00,0.00,,211400.00,101000.00,318300.00,0.00,,5223442.00,46.80,5851.00,11170000000.00,2548000.00,4700000.00,1.73,8.90
"France",547030.00,12.15,-305000000.00,9.08,,414700000000.00,528600000000.00,419000000000.00,1737000000000.00,28700.00,2.10,0.40,1000.00,120000.00,893100.00,419700000000.00,1.70,4.26,2.30,2396761.00,21900000.00,19.20,27700000.00,79.60,45238100000.00,2.60,42010000000.00,1725000000.00,40260000000.00,1898000000.00,12860000000.00,2026000.00,409600.00,2281000.00,34920.00,144300000.00,60656178.00,67.70,32175.00,70760000000.00,33905400.00,41683100.00,1.85,10.10
"French Guiana",91000.00,20.70,,4.85,1200000000.00,427900000.00,460100000.00,155000000.00,1551000000.00,8300.00,,,,,817.00,625000000.00,,12.07,1.50,,3200.00,,58800.00,77.09,,,,,,,,6500.00,,,0.00,,195506.00,,,,51000.00,138200.00,3.01,22.00
"French Polynesia",4167.00,16.93,,4.63,,353400000.00,380000000.00,244000000.00,4580000000.00,17500.00,,,,,2590.00,1341000000.00,,8.44,1.50,5123.00,35000.00,,70000.00,75.90,,,,,,,,4750.00,,,0.00,,270485.00,,,,52500.00,90000.00,2.04,11.80
"French Southern and Antarctic Lands",7829.00,,,,,,,,,,,,,,,,,,,,,,,,,,,,,,,,,,,,,,,,,,,
"Gabon",267667.00,36.24,196800000.00,11.72,3804000000.00,1080000000.00,1161000000.00,3710000000.00,7966000000.00,5900.00,1.90,8.10,3000.00,48000.00,8464.00,1225000000.00,1.60,53.64,1.50,93.00,35000.00,21.80,650000.00,55.75,184800000.00,2.00,80000000.00,0.00,0.00,80000000.00,66470000000.00,13000.00,,,264900.00,2022000000.00,1389201.00,29.30,814.00,268600000.00,38400.00,300000.00,4.77,21.00
"Gambia The",11300.00,39.86,-16400000.00,11.81,476000000.00,83990000.00,90310000.00,114400000.00,2799000000.00,1800.00,6.00,1.20,600.00,6800.00,2700.00,180900000.00,,72.02,7.00,568.00,25000.00,25.30,400000.00,55.20,1000000.00,0.30,,,,,,1900.00,,,0.00,,1593256.00,,,113100000.00,38400.00,100000.00,5.38,
"Gaza Strip",360.00,40.03,,3.87,108000000.00,,,205000000.00,768000000.00,600.00,4.50,,,,,1900000000.00,,22.93,2.20,,60000.00,,725000.00,71.79,,,,,,,,,,,,,1376289.00,,,,95729.00,320000.00,5.91,50.00
"Georgia",69700.00,10.25,-632900000.00,9.09,1800000000.00,6811000000.00,6732000000.00,909400000.00,14450000000.00,3100.00,9.50,0.10,200.00,3000.00,20229.00,1806000000.00,3.00,18.59,5.50,5160.00,150500.00,18.50,2100000.00,75.88,23000000.00,0.59,1160000000.00,0.00,1100000000.00,60000000.00,,31500.00,,,2000.00,,4677401.00,,1612.00,231400000.00,650500.00,522300.00,1.41,17.00
"Germany",357021.00,8.33,73590000000.00,10.55,,519500000000.00,560000000000.00,893300000000.00,2362000000000.00,28700.00,1.70,0.10,1000.00,43000.00,230735.00,716700000000.00,2.20,4.16,1.60,2686119.00,39000000.00,17.60,42630000.00,78.65,35063000000.00,1.50,99550000000.00,7731000000.00,85020000000.00,21000000000.00,293000000000.00,2891000.00,12990.00,2135000.00,74100.00,395800000.00,82431390.00,65.80,46039.00,96840000000.00,54350000.00,64800000.00,1.39,10.60
"Ghana",239460.00,23.97,83870000.00,10.84,7396000000.00,6137000000.00,6922000000.00,3010000000.00,48270000000.00,2300.00,5.40,3.10,30000.00,350000.00,46176.00,3699000000.00,3.80,51.43,13.00,407.00,170000.00,19.70,10240000.00,56.00,49200000.00,0.60,,,,,11890000000.00,38000.00,,,7000.00,8255000.00,21029853.00,,953.00,1267000000.00,302300.00,799900.00,3.02,20.00
"Gibraltar",7.00,10.87,,9.18,,96760000.00,104000000.00,136000000.00,769000000.00,27900.00,,,,,29.00,1743000000.00,,5.13,1.50,,6200.00,,14800.00,79.67,,,,,,,,42000.00,,,0.00,,27884.00,,,,24512.00,9797.00,1.65,2.00
"Glorioso Islands",5.00,,,,,,,,,,,,,,,,,,,,,,,,,,,,,,,,,,,,,,,,,,,
"Greece",131940.00,9.72,-8000000000.00,10.15,67230000000.00,47420000000.00,47220000000.00,15500000000.00,226400000000.00,21300.00,3.70,0.20,100.00,9100.00,117000.00,54280000000.00,4.10,5.53,2.90,208977.00,1718400.00,27.00,4400000.00,79.09,5890000000.00,4.30,2021000000.00,0.00,2018000000.00,35000000.00,254900000.00,405700.00,84720.00,468300.00,5992.00,4500000.00,10668354.00,112.00,2571.00,7300000000.00,5205100.00,8936200.00,1.33,10.00
"Greenland",2166086.00,15.93,,7.77,25000000.00,227900000.00,245000000.00,388000000.00,1100000000.00,20000.00,1.80,,,100.00,,445000000.00,,15.82,1.60,2642.00,20000.00,,24500.00,69.65,,,,,,,,3700.00,,,0.00,,56375.00,,,,26000.00,16747.00,2.41,10.00
"Grenada",344.00,22.30,,7.17,196000000.00,138600000.00,149000000.00,46000000.00,440000000.00,5000.00,2.50,,,,1040.00,208000000.00,0.70,14.62,2.80,18.00,15000.00,,42300.00,64.53,,,,,,,,1000.00,,,0.00,,89502.00,,,,33500.00,7600.00,2.37,12.50
"Guadeloupe",1780.00,15.42,,6.06,,1079000000.00,1160000000.00,140000000.00,3513000000.00,7900.00,,,,,947.00,1700000000.00,,8.60,,,20000.00,,125900.00,77.90,,,,,,,,13000.00,,,0.00,,448713.00,,,,210000.00,323500.00,1.91,27.80
"Guam",549.00,19.03,,4.41,,776600000.00,835000000.00,38000000.00,3200000000.00,21000.00,,,,,977.00,462000000.00,,6.94,0.00,,50000.00,,60000.00,78.40,,,,,,,,20000.00,,,0.00,,168564.00,,,,84134.00,32600.00,2.60,15.00
"Guatemala",108890.00,34.11,-1381000000.00,6.81,5969000000.00,5760000000.00,6608000000.00,2911000000.00,59470000000.00,4200.00,2.60,1.10,5800.00,78000.00,14118.00,7770000000.00,4.10,35.93,7.20,20360.00,400000.00,14.90,3680000.00,65.14,201900000.00,0.80,,,,,1543000000.00,61000.00,3104.00,,25000.00,263000000.00,14655189.00,32.00,886.00,3084000000.00,846000.00,1577100.00,4.53,7.50
"Guernsey",78.00,9.01,,9.95,,,,,2590000000.00,40000.00,3.00,,,,,,,4.71,4.90,,,,32290.00,80.30,,,,,,,,,,,,,65228.00,,,,55000.00,31500.00,1.38,0.50
"Guinea",245857.00,42.03,-308300000.00,15.38,3250000000.00,795200000.00,855000000.00,709200000.00,19500000000.00,2100.00,1.00,3.20,9000.00,140000.00,30500.00,641500000.00,3.20,90.37,18.00,380.00,40000.00,21.00,3000000.00,49.86,56700000.00,1.70,,,,,,8600.00,,,0.00,,9467866.00,,837.00,201700000.00,26200.00,111500.00,5.83,
"Guinea-Bissau",36120.00,37.65,,16.53,941500000.00,51150000.00,55000000.00,54000000.00,1008000000.00,700.00,2.60,10.00,1200.00,17000.00,4400.00,104000000.00,2.60,107.17,4.00,2.00,19000.00,,480000.00,46.97,8900000.00,3.10,,,,,,2500.00,,,0.00,,1416027.00,,,,10600.00,1300.00,4.93,
"Guyana",214970.00,18.45,-129400000.00,8.32,1200000000.00,751400000.00,808000000.00,570200000.00,2899000000.00,3800.00,1.90,2.50,1100.00,11000.00,7970.00,650100000.00,7.10,33.26,4.50,613.00,125000.00,34.50,418000.00,65.50,6500000.00,0.90,,,,,,11000.00,,,0.00,,765283.00,,187.00,280600000.00,80400.00,87300.00,2.05,
"Haiti",27750.00,36.59,-27630000.00,12.34,1200000000.00,574700000.00,618000000.00,338100000.00,12050000000.00,1500.00,-3.50,5.60,24000.00,280000.00,4160.00,1085000000.00,,73.45,22.00,,80000.00,,3600000.00,52.92,26000000.00,0.90,,,,,,11000.00,,,0.00,,8121622.00,,,80640000.00,130000.00,140000.00,5.02,
"Heard Island and McDonald Islands",412.00,,,,,,,,,,,,,,,,,,,,,,,,,,,,,,,,,,,,,,,,,,,
"Holy See (Vatican City)",0.00,,,,,,,,,,,,,,,,,,,9.00,,,,,,,,,,,,,,,,,921.00,,,,,,,
"Honduras",112090.00,30.38,258300000.00,6.87,5365000000.00,3771000000.00,3626000000.00,1457000000.00,18790000000.00,2800.00,4.20,1.80,4100.00,63000.00,13603.00,3332000000.00,7.70,29.32,7.00,1944.00,168600.00,24.10,2470000.00,65.60,100600000.00,1.40,,,,,,29000.00,,,0.00,,6975204.00,74.10,699.00,1464000000.00,322500.00,326500.00,3.87,28.50
"Hong Kong",1092.00,7.23,14850000000.00,5.98,417600000000.00,38450000000.00,35510000000.00,268100000000.00,234500000000.00,34200.00,7.90,0.10,200.00,2600.00,1831.00,275900000000.00,1.00,2.97,-0.30,591993.00,3212800.00,22.70,3540000.00,81.39,,,680900000.00,0.00,680900000.00,,,257000.00,,,0.00,,6898686.00,2.10,,123600000000.00,3801300.00,7241400.00,0.91,6.70
"Howland Island",2.00,,,,,,,,,,,,,,,,,,,,,,,,,,,,,,,,,,,,,,,,,,,
"Hungary",93030.00,9.76,-7941000000.00,13.19,57000000000.00,35990000000.00,34070000000.00,54620000000.00,149300000000.00,14900.00,3.90,0.10,100.00,2800.00,159568.00,58680000000.00,9.60,8.57,7.00,383071.00,1600000.00,22.80,4170000.00,72.40,1080000000.00,1.75,13370000000.00,4000000.00,9587000000.00,3231000000.00,50450000000.00,140700.00,47180.00,136600.00,41190.00,110700000.00,10006835.00,58.30,7937.00,14800000000.00,3666400.00,6862800.00,1.32,5.90
"Iceland",103000.00,13.73,-570000000.00,6.68,3073000000.00,7692000000.00,8271000000.00,2902000000.00,9373000000.00,31900.00,1.80,0.20,100.00,220.00,13004.00,3307000000.00,8.80,3.31,4.00,122175.00,195000.00,23.80,158100.00,80.19,,,,,,,,16300.00,0.00,15470.00,0.00,,296737.00,35.90,,935000000.00,190700.00,279100.00,1.92,3.10
"India",3287590.00,22.32,4897000000.00,8.28,117200000000.00,510100000000.00,547200000000.00,69180000000.00,3319000000000.00,3100.00,6.20,0.90,310000.00,5100000.00,2525989.00,89330000000.00,7.40,56.29,4.20,86871.00,18481000.00,23.80,482200000.00,64.35,16970000000.00,2.50,22750000000.00,0.00,0.00,22750000000.00,542400000000.00,2130000.00,,,780000.00,5700000000.00,1080264388.00,59.70,63140.00,126000000000.00,48917000.00,26154400.00,2.78,9.20
"Indonesia",1919440.00,20.71,7338000000.00,6.25,141500000000.00,92350000000.00,110200000000.00,69860000000.00,827400000000.00,3500.00,4.90,0.10,2400.00,110000.00,342700.00,45070000000.00,10.50,35.60,6.10,62036.00,8000000.00,16.60,111500000.00,69.57,1300000000.00,3.00,55300000000.00,39700000000.00,0.00,77600000000.00,2549000000000.00,1183000.00,518100.00,370500.00,971000.00,4900000000.00,241973879.00,56.20,6458.00,35820000000.00,7750000.00,11700000.00,2.44,9.20
"Iran",1648000.00,16.83,2100000000.00,5.55,13400000000.00,119900000000.00,129000000000.00,38790000000.00,516700000000.00,7700.00,6.30,0.10,800.00,31000.00,167157.00,31300000000.00,3.50,41.58,15.50,5269.00,4300000.00,31.30,23000000.00,69.96,4300000000.00,3.30,72400000000.00,3400000000.00,4920000000.00,79000000000.00,26700000000000.0,1400000.00,2500000.00,,3962000.00,130800000000.00,68017860.00,27.00,7203.00,29870000000.00,14571100.00,3376500.00,1.82,11.20
"Iraq",437072.00,32.50,-560000000.00,5.49,125000000000.00,33700000000.00,32600000000.00,10100000000.00,89800000000.00,3500.00,52.30,0.10,,500.00,45550.00,9900000000.00,,50.25,25.40,,25000.00,,6700000.00,68.70,1300000000.00,,2350000000.00,0.00,0.00,2350000000.00,3149000000000.00,383000.00,1490000.00,,2250000.00,112500000000.00,26074906.00,,1963.00,,675000.00,20000.00,4.28,25.00
"Ireland",70280.00,14.47,-2881000000.00,7.85,11000000000.00,21780000000.00,22880000000.00,103800000000.00,126400000000.00,31900.00,5.10,0.10,100.00,2800.00,95736.00,60650000000.00,7.00,5.39,2.20,162228.00,1260000.00,23.80,1920000.00,77.56,700000000.00,0.90,4199000000.00,0.00,3384000000.00,815000000.00,9911000000.00,174400.00,27450.00,178600.00,0.00,0.00,4015676.00,31.20,3312.00,4152000000.00,1955000.00,3400000.00,1.87,4.30
"Israel",20770.00,18.21,211900000.00,6.18,74460000000.00,38300000000.00,42670000000.00,34410000000.00,129000000000.00,20800.00,3.90,0.10,100.00,3000.00,16903.00,36840000000.00,4.50,7.03,0.00,437516.00,2000000.00,17.60,2680000.00,79.32,9110000000.00,8.70,10000000.00,0.00,0.00,10000000.00,20810000000.00,260000.00,,,80.00,1920000.00,6276883.00,104.50,640.00,28480000000.00,3006000.00,6334000.00,2.44,10.70
"Italy",301230.00,8.89,-21100000000.00,10.30,913900000000.00,293900000000.00,261600000000.00,336400000000.00,1609000000000.00,27700.00,1.30,0.50,1000.00,140000.00,479688.00,329300000000.00,0.70,5.94,2.30,1437511.00,18500000.00,19.30,24270000.00,79.68,28182800000.00,1.80,71180000000.00,61000000.00,54780000000.00,15490000000.00,209700000000.00,1866000.00,456600.00,2158000.00,79460.00,586600000.00,58103033.00,105.60,19507.00,61500000000.00,26596000.00,55918000.00,1.28,8.60
"Jamaica",10991.00,16.56,-830700000.00,5.37,5964000000.00,5849000000.00,6289000000.00,1679000000.00,11130000000.00,4100.00,1.90,1.20,900.00,22000.00,18700.00,3624000000.00,-2.00,12.36,12.40,1480.00,600000.00,32.00,1140000.00,76.29,31200000.00,0.40,,,,,,66000.00,,,0.00,,2731832.00,146.10,272.00,1400000000.00,444400.00,1400000.00,1.95,15.00
"Jan Mayen",373.00,,,,,,,,,,,,,,,,,,,,,,,,,,,,,,,,,,,,,,,,,,,
"Japan",377835.00,9.47,170200000000.00,8.95,,971000000000.00,1044000000000.00,538800000000.00,3745000000000.00,29400.00,2.90,0.10,500.00,12000.00,1171647.00,401800000000.00,6.60,3.26,-0.10,12962065.00,57200000.00,24.00,66970000.00,81.15,45841000000.00,1.00,80420000000.00,0.00,77730000000.00,2519000000.00,20020000000.00,5290000.00,93360.00,5449000.00,17330.00,29290000.00,127417244.00,164.30,23705.00,664600000000.00,71149000.00,86658600.00,1.39,4.70
"Jarvis Island",5.00,,,,,,,,,,,,,,,,,,,,,,,,,,,,,,,,,,,,,,,,,,,
"Jersey",116.00,9.66,,9.19,,630100000.00,,,3600000000.00,40000.00,,,,,577.00,,,5.24,5.30,,,,52790.00,79.24,,,,,,,,,,,,,90812.00,,,,73900.00,61400.00,1.57,0.90
"Johnston Atoll",3.00,,,,,,,,,,,,,,,,,,,,,,,,,,,,,,,,,,,,361.00,,,,,,,
"Jordan",92300.00,21.76,203200000.00,2.63,7320000000.00,7094000000.00,7307000000.00,3200000000.00,25500000000.00,4500.00,5.10,0.10,500.00,600.00,7301.00,7600000000.00,5.00,17.35,3.20,3160.00,457000.00,11.60,1410000.00,78.24,1460000000.00,14.60,290000000.00,0.00,0.00,290000000.00,3256000000.00,103000.00,0.00,100000.00,40.00,445000.00,5759732.00,85.80,505.00,5457000000.00,622600.00,1325300.00,2.71,15.00
"Juan de Nova Island",4.00,,,,,,,,,,,,,,,,,,,,,,,,,,,,,,,,,,,,,,,,,,,
"Kazakhstan",2717300.00,15.78,-39020000.00,9.46,26030000000.00,62210000000.00,66820000000.00,18470000000.00,118400000000.00,7800.00,9.10,0.20,200.00,16500.00,82980.00,13070000000.00,10.60,29.21,6.90,21984.00,250000.00,23.90,7950000.00,66.55,221800000.00,0.90,14300000000.00,11010000000.00,8696000000.00,11600000000.00,1800000000000.00,189400.00,890000.00,47000.00,1200000.00,26000000000.00,15185844.00,13.70,13601.00,14350000000.00,2081900.00,1027000.00,1.89,8.00
"Kenya",582650.00,40.13,-459200000.00,14.65,6792000000.00,4337000000.00,4475000000.00,2589000000.00,34680000000.00,1100.00,2.20,6.70,150000.00,1200000.00,63942.00,4190000000.00,2.60,61.47,9.00,8325.00,400000.00,14.70,11400000.00,47.99,177100000.00,1.30,,,,,,57000.00,,,0.00,,33829590.00,74.30,2778.00,1500000000.00,328400.00,1590800.00,4.96,40.00
"Kingman Reef",1.00,,,,,,,,,,,,,,,,,,,,,,,,,,,,,,,,,,,,,,,,,,,
"Kiribati",811.00,30.86,,8.37,10000000.00,6510000.00,7000000.00,35000000.00,79000000.00,800.00,1.50,,,,670.00,83000000.00,0.70,48.52,2.50,,2000.00,,7870.00,61.71,,,,,,,,190.00,,,0.00,,103092.00,,,,4500.00,500.00,4.20,2.00
"Korea North",120540.00,16.09,,7.05,12000000000.00,31260000000.00,33620000000.00,1200000000.00,30880000000.00,1400.00,1.00,,,,31200.00,2100000000.00,,24.04,,,,,9600000.00,71.37,5217400000.00,,,,,,,85000.00,,11500.00,0.00,,22912177.00,,5214.00,,1100000.00,,2.15,
"Korea South",98480.00,10.08,26780000000.00,6.26,160000000000.00,293600000000.00,322500000000.00,250600000000.00,925100000000.00,19200.00,4.60,0.10,200.00,8300.00,86990.00,214200000000.00,10.10,7.05,3.60,694206.00,29220000.00,28.70,22900000.00,75.82,16180000000.00,2.80,20920000000.00,0.00,21110000000.00,0.00,,2070000.00,630100.00,2263000.00,0.00,,48422644.00,21.30,3125.00,199100000000.00,22877000.00,33591800.00,1.26,3.60
"Kuwait",17820.00,21.88,12040000000.00,2.42,15020000000.00,30160000000.00,32430000000.00,27420000000.00,48000000000.00,21300.00,6.80,0.12,,,4450.00,11120000000.00,-5.00,9.95,2.30,3437.00,567000.00,8.00,1420000.00,77.03,2584500000.00,5.30,8700000000.00,0.00,0.00,8700000000.00,1548000000000.00,293000.00,1970000.00,,2319000.00,96500000000.00,2335648.00,29.60,,7333000000.00,486900.00,1420000.00,2.97,2.20
"Kyrgyzstan",198500.00,22.48,-87920000.00,7.13,1970000000.00,10210000000.00,11720000000.00,646700000.00,8495000000.00,1700.00,6.00,0.10,200.00,3900.00,18500.00,775100000.00,6.00,35.64,3.20,12299.00,152000.00,17.00,2700000.00,68.16,19200000.00,1.40,2016000000.00,0.00,2000000000.00,16000000.00,,20000.00,,,2000.00,,5146281.00,,470.00,498700000.00,394800.00,53100.00,2.70,18.00
"Laos",236800.00,35.99,-80760000.00,11.83,2490000000.00,3036000000.00,3560000000.00,365500000.00,11280000000.00,1900.00,6.00,0.10,200.00,1700.00,21716.00,579500000.00,9.70,85.22,12.30,937.00,15000.00,,2600000.00,55.08,10700000.00,0.50,,,,,,2750.00,,,0.00,,6217141.00,,,193100000.00,61900.00,55200.00,4.77,5.70
"Latvia",64589.00,9.04,-1251000000.00,13.70,7368000000.00,5829000000.00,4547000000.00,3569000000.00,26530000000.00,11500.00,7.60,0.60,500.00,7600.00,60472.00,5970000000.00,8.50,9.55,6.00,51758.00,936000.00,26.10,1170000.00,71.05,87000000.00,1.20,1700000000.00,0.00,1700000000.00,0.00,,44000.00,,,0.00,,2290237.00,11.80,2303.00,1650000000.00,653900.00,1219600.00,1.26,8.80
"Lebanon",10400.00,18.88,-2389000000.00,6.24,15840000000.00,8591000000.00,8066000000.00,1783000000.00,18830000000.00,5000.00,4.00,0.10,200.00,2800.00,7300.00,8162000000.00,,24.52,2.00,6998.00,400000.00,26.00,2600000.00,72.63,540600000.00,3.10,,,,,,107000.00,,,0.00,,3826018.00,177.90,401.00,16300000000.00,678800.00,775100.00,1.92,18.00
"Lesotho",30355.00,26.53,-108300000.00,25.03,735000000.00,308000000.00,314000000.00,484500000.00,5892000000.00,3200.00,3.30,28.90,29000.00,320000.00,5940.00,730900000.00,15.50,84.23,5.30,119.00,21000.00,39.60,838000.00,36.68,32300000.00,2.30,,,,,,1500.00,,,0.00,,1867035.00,,,402200000.00,28600.00,92000.00,3.35,45.00
"Liberia",111370.00,44.22,,17.87,2100000000.00,454600000.00,488800000.00,1079000000.00,2903000000.00,900.00,21.80,5.90,7200.00,100000.00,10600.00,5051000000.00,,128.87,15.00,14.00,1000.00,,,47.69,1500000.00,0.20,,,,,,3100.00,,,0.00,,3482211.00,,490.00,,7000.00,2000.00,6.09,85.00
"Libya",1759540.00,26.82,9895000000.00,3.48,4069000000.00,19430000000.00,20890000000.00,18650000000.00,37480000000.00,6700.00,4.90,0.30,,10000.00,83200.00,7224000000.00,,24.60,2.90,67.00,160000.00,9.90,1590000.00,76.50,1300000000.00,3.90,5410000000.00,770000000.00,0.00,6180000000.00,1321000000000.00,216000.00,,,1518000.00,38000000000.00,5765563.00,8.80,,24180000000.00,750000.00,100000.00,3.34,30.00
"Liechtenstein",160.00,10.41,,7.06,0.00,,,2470000000.00,825000000.00,25000.00,11.00,,,,250.00,917300000.00,,4.70,1.00,3727.00,20000.00,,29000.00,79.55,,,,,,,,,,,,,33717.00,,,,19900.00,11400.00,1.51,1.30
"Lithuania",65200.00,8.62,-1600000000.00,10.92,10010000000.00,10170000000.00,17930000000.00,8880000000.00,45230000000.00,12500.00,6.60,0.10,200.00,1300.00,77148.00,11020000000.00,12.00,6.89,1.10,67769.00,695700.00,21.90,1630000.00,73.97,230800000.00,1.90,2760000000.00,0.00,2760000000.00,0.00,,72000.00,,,4594.00,,3596617.00,25.20,1998.00,4610000000.00,824200.00,2169900.00,1.19,8.00
"Luxembourg",2586.00,12.06,,8.41,,5735000000.00,2511000000.00,13400000000.00,27270000000.00,58900.00,2.30,0.20,100.00,500.00,5210.00,16300000000.00,2.90,4.81,2.40,28214.00,165000.00,19.80,293700.00,78.74,231600000.00,0.90,865000000.00,0.00,867000000.00,0.00,,50650.00,634.00,50700.00,0.00,,468571.00,,274.00,,355400.00,473000.00,1.79,4.50
"Macau",25.00,8.04,,4.23,2700000000.00,1772000000.00,1719000000.00,2580000000.00,9100000000.00,19400.00,15.60,,,,341.00,2760000000.00,,4.39,2.00,89.00,120000.00,,231500.00,82.03,,,,,,,,11190.00,,,0.00,,449198.00,,,,174600.00,364000.00,0.93,4.70
"Macedonia",25333.00,12.00,-311000000.00,8.73,1863000000.00,7216000000.00,6273000000.00,1629000000.00,14400000000.00,7100.00,1.30,0.10,100.00,200.00,8684.00,2677000000.00,0.00,10.09,0.40,3738.00,100000.00,17.50,855000.00,73.73,200000000.00,6.00,,,,,,22000.00,,,0.00,,2045262.00,20.00,699.00,928000000.00,560000.00,365300.00,1.57,37.70
"Madagascar",587040.00,41.66,-281900000.00,11.35,4600000000.00,781400000.00,840200000.00,868200000.00,14560000000.00,800.00,5.50,1.70,7500.00,140000.00,49827.00,1147000000.00,3.00,76.83,7.50,773.00,70500.00,14.70,7300000.00,56.95,44600000.00,1.20,,,,,0.00,13000.00,,,0.00,0.00,18040341.00,,732.00,500300000.00,59600.00,279500.00,5.66,
"Malawi",118480.00,43.95,-55500000.00,23.39,3129000000.00,1012000000.00,1088000000.00,503400000.00,7410000000.00,600.00,4.00,14.20,84000.00,900000.00,28400.00,521100000.00,1.40,103.32,12.00,18.00,36000.00,10.70,4500000.00,36.97,11100000.00,0.70,,,,,,5400.00,,,0.00,,12158924.00,228.30,797.00,160500000.00,85000.00,135100.00,5.98,
"Malaysia",329750.00,23.07,11810000000.00,5.06,53360000000.00,68400000000.00,75330000000.00,123500000000.00,229300000000.00,9700.00,7.10,0.40,2000.00,52000.00,65877.00,99300000000.00,10.20,17.70,1.30,107971.00,8692100.00,21.70,10490000.00,72.24,1690000000.00,2.03,31250000000.00,22410000000.00,0.00,53660000000.00,2230000000000.00,460000.00,230200.00,,785000.00,3200000000.00,23953136.00,45.40,2418.00,55270000000.00,4571600.00,11124100.00,3.07,3.00
"Maldives",300.00,35.43,,7.24,281000000.00,115700000.00,124400000.00,90000000.00,1250000000.00,3900.00,2.30,0.10,,100.00,,392000000.00,4.40,56.52,1.00,532.00,15000.00,,88000.00,64.06,41100000.00,5.50,,,,,,3200.00,,,0.00,,349106.00,,,,28700.00,41900.00,5.02,
"Mali",1240000.00,46.77,,19.05,3300000000.00,651000000.00,700000000.00,915000000.00,11000000000.00,900.00,4.00,1.90,12000.00,140000.00,15100.00,927000000.00,,116.79,4.50,187.00,25000.00,,3930000.00,45.09,22400000.00,0.40,,,,,,4000.00,,,0.00,,12291529.00,,729.00,,56600.00,250000.00,6.50,5.30
"Malta",316.00,10.17,-241000000.00,8.00,130000000.00,2000000000.00,2150000000.00,2625000000.00,7223000000.00,18200.00,1.00,0.20,100.00,500.00,2222.00,3407000000.00,,3.89,2.90,7156.00,120000.00,26.40,160000.00,78.86,31100000.00,0.70,,,,,,20000.00,,,0.00,,398534.00,,,2865000000.00,208300.00,290000.00,1.50,7.00
"Man Isle of",572.00,11.18,,11.26,,,,,2113000000.00,28500.00,,,,,800.00,,3.20,5.93,3.60,,,,39690.00,78.34,,,,,,,,,,,,,75049.00,,61.00,,51000.00,,1.65,0.60
"Marshall Islands",181.00,33.52,,4.88,86500000.00,,,9000000.00,115000000.00,1600.00,1.00,,,,65.00,54000000.00,,29.45,2.00,6.00,1400.00,,28700.00,70.01,,,,,,,,,,,,,59071.00,,,,4500.00,600.00,3.93,30.90
"Martinique",1100.00,14.14,,6.44,180000000.00,1095000000.00,1178000000.00,250000000.00,6117000000.00,14400.00,,,,,2105.00,2000000000.00,,7.09,3.90,,40000.00,,165900.00,79.04,,,,,,,,13500.00,,,0.00,,432900.00,,,,172000.00,319900.00,1.79,27.20
"Mauritania",1030700.00,41.43,,12.44,2500000000.00,176900000.00,190200000.00,541000000.00,5534000000.00,1800.00,3.00,0.60,,9500.00,7660.00,860000000.00,2.00,70.89,7.00,25.00,10000.00,,786000.00,52.73,20800000.00,1.70,,,,,,24000.00,,,0.00,,3086859.00,,,,31500.00,300000.00,5.94,20.00
"Mauritius",2040.00,15.62,284100000.00,6.83,1780000000.00,1707000000.00,1836000000.00,2012000000.00,15680000000.00,12800.00,4.70,0.10,100.00,700.00,2000.00,2245000000.00,8.00,15.03,4.50,3985.00,150000.00,22.50,560000.00,72.38,12500000.00,0.20,,,,,,21000.00,,,0.00,,1230602.00,29.20,,1676000000.00,348200.00,462400.00,1.96,10.80
"Mayotte",374.00,41.58,,7.90,,,,3440000.00,466800000.00,2600.00,,,,,93.00,141300000.00,,62.40,,,,,48800.00,61.39,,,,,,,,,,,,,193633.00,,,,10000.00,21700.00,5.89,38.00
"Mexico",1972550.00,21.01,-4113000000.00,4.73,149900000000.00,189700000000.00,203600000000.00,182400000000.00,1006000000000.00,9600.00,4.10,0.30,5000.00,160000.00,329532.00,190800000000.00,3.80,20.91,5.40,1333406.00,10033000.00,19.40,34730000.00,75.19,6043000000.00,0.90,55100000000.00,0.00,7850000000.00,47300000000.00,420000000000.00,1752000.00,1863000.00,205000.00,3460000.00,18000000000.00,106202903.00,23.50,19510.00,60670000000.00,15958700.00,28125000.00,2.45,3.20
"Micronesia Federated States of",702.00,25.11,,4.87,53100000.00,178600000.00,192000000.00,22000000.00,277000000.00,2000.00,1.00,,,,240.00,149000000.00,,30.21,1.00,,6000.00,,,69.75,,,,,,,,,,,,,108105.00,,,,10100.00,1800.00,3.25,16.00
"Midway Islands",6.00,,,,,,,,,,,,,,,,,,,,,,,,,,,,,,,,,,,,,,,,,,,
"Moldova",33843.00,15.27,-148400000.00,12.79,1400000000.00,4605000000.00,3876000000.00,1030000000.00,8581000000.00,1900.00,6.80,0.20,300.00,5500.00,12719.00,1830000000.00,17.00,40.42,11.50,11984.00,150000.00,17.10,1360000.00,65.18,8700000.00,0.40,2050000000.00,0.00,2050000000.00,0.00,,24000.00,,,0.00,,4455421.00,63.40,1138.00,390000000.00,706900.00,338200.00,1.81,8.00
"Monaco",2.00,9.26,,12.71,18000000000.00,,,,870000000.00,27000.00,0.90,,,,50.00,,,5.43,1.90,533.00,16000.00,,30540.00,79.57,,,,,,,,,,,,,32409.00,,,,33700.00,19300.00,1.76,22.00
"Mongolia",1564116.00,21.52,,7.03,1191000000.00,2209000000.00,2692000000.00,853000000.00,5332000000.00,1900.00,10.60,0.10,200.00,500.00,49256.00,1000000000.00,4.10,53.79,11.00,1000.00,220000.00,,1488000.00,64.52,23100000.00,2.20,,,,,,11000.00,497.00,11000.00,542.00,,2791272.00,,,,142300.00,404400.00,2.26,6.70
"Montserrat",102.00,17.56,,7.17,8900000.00,1674000.00,1800000.00,700000.00,29000000.00,3400.00,-1.00,,,,227.00,17000000.00,,7.35,2.60,,,,4521.00,78.71,,,,,,,,400.00,,,0.00,,9341.00,,,,,70.00,1.78,6.00
"Morocco",446550.00,22.29,765400000.00,5.64,17070000000.00,14240000000.00,13910000000.00,9754000000.00,134600000000.00,4200.00,4.40,0.10,,15000.00,57694.00,15630000000.00,,41.62,2.10,3627.00,800000.00,22.40,11020000.00,70.66,2305600000.00,5.00,50000000.00,0.00,0.00,50000000.00,665400000.00,167000.00,,,1000.00,300000000.00,32725847.00,70.20,1907.00,15140000000.00,1219200.00,7332800.00,2.73,12.10
"Mozambique",801590.00,35.79,-101200000.00,20.99,966000000.00,5046000000.00,8859000000.00,689400000.00,23380000000.00,1200.00,8.20,12.20,110000.00,1300000.00,30400.00,972900000.00,3.40,130.79,12.80,3249.00,50000.00,47.00,9200000.00,40.32,117300000.00,2.20,60000000.00,0.00,0.00,60000000.00,63710000000.00,8500.00,,,0.00,0.00,19406703.00,,3123.00,1206000000.00,83700.00,428900.00,4.70,21.00
"Namibia",825418.00,25.16,234300000.00,18.36,1136000000.00,1920000000.00,1167000000.00,1356000000.00,14760000000.00,7300.00,4.80,21.30,16000.00,210000.00,42237.00,1473000000.00,,48.98,4.20,3164.00,65000.00,19.60,840000.00,43.93,168400000.00,3.10,,,,,31150000000.00,13000.00,,,0.00,0.00,2030692.00,38.50,2382.00,360000000.00,127400.00,223700.00,3.18,35.00
"Nauru",21.00,25.14,,6.82,33300000.00,27900000.00,30000000.00,640000.00,60000000.00,5000.00,,,,,30.00,19800000.00,,9.95,-3.60,,300.00,,,62.73,,,,,,,,1000.00,,,0.00,,13048.00,,,,1900.00,1500.00,3.19,90.00
"Navassa Island",5.00,,,,,,,,,,,,,,,,,,,,,,,,,,,,,,,,,,,,,,,,,,,
"Nepal",140800.00,31.45,,9.47,2700000000.00,2005000000.00,2054000000.00,568000000.00,39530000000.00,1500.00,3.00,0.50,3100.00,61000.00,13223.00,1419000000.00,8.70,66.98,2.90,917.00,80000.00,,10000000.00,59.80,99200000.00,1.50,,,,,,16000.00,,,0.00,,27676547.00,,59.00,,371800.00,50400.00,4.19,47.00
"Netherlands",41526.00,11.14,19900000000.00,8.68,,100700000000.00,90610000000.00,293100000000.00,481100000000.00,29500.00,1.20,0.20,100.00,19000.00,116500.00,252700000000.00,0.80,5.04,1.40,4518226.00,8500000.00,19.90,7530000.00,78.81,9408000000.00,1.60,49720000000.00,49280000000.00,20780000000.00,77750000000.00,1693000000000.00,895300.00,1418000.00,2284000.00,46200.00,88060000.00,16407491.00,55.80,2808.00,21440000000.00,10004000.00,12500000.00,1.66,6.00
"Netherlands Antilles",960.00,15.00,,6.41,1350000000.00,934300000.00,1005000000.00,1579000000.00,2450000000.00,11400.00,0.50,,,,600.00,2233000000.00,,10.03,2.10,119.00,2000.00,,89000.00,75.83,,,,,,,,72000.00,,,0.00,,219958.00,,,,81000.00,81000.00,2.00,15.60
"New Caledonia",19060.00,18.49,,5.65,79000000.00,1471000000.00,1581000000.00,448000000.00,3158000000.00,15000.00,,,,,5432.00,1007000000.00,-0.60,7.72,-0.60,4449.00,60000.00,,79400.00,74.04,,,,,,,,8750.00,,,0.00,,216494.00,,,,52000.00,80000.00,2.31,19.00
"New Zealand",268680.00,13.90,-3647000000.00,7.53,47340000000.00,35710000000.00,38390000000.00,19850000000.00,92510000000.00,23200.00,4.80,0.10,200.00,1400.00,92382.00,19770000000.00,5.90,5.85,2.40,474395.00,2110000.00,22.40,2050000.00,78.66,1147000000.00,1.00,6504000000.00,0.00,0.00,6504000000.00,58940000000.00,132700.00,30220.00,119700.00,42160.00,89620000.00,4035461.00,22.10,3898.00,4805000000.00,1765000.00,2599000.00,1.79,4.20
"Nicaragua",129494.00,24.88,-843100000.00,4.49,4573000000.00,2318000000.00,2553000000.00,750000000.00,12340000000.00,2300.00,4.00,0.20,,6400.00,18712.00,2020000000.00,4.40,29.11,9.30,7094.00,90000.00,28.00,1930000.00,70.33,32800000.00,0.70,,,,,,25770.00,738.00,27950.00,0.00,,5465100.00,69.50,6.00,670000000.00,171600.00,202800.00,2.81,7.80
"Niger",1267000.00,48.30,,21.33,1600000000.00,327600000.00,266200000.00,280000000.00,9716000000.00,900.00,3.50,1.20,4800.00,70000.00,10100.00,400000000.00,,121.69,3.00,134.00,15000.00,,70000.00,42.13,33300000.00,1.10,,,,,,5000.00,,,0.00,,11665937.00,,,,22400.00,24000.00,6.75,
"Nigeria",923768.00,40.65,5228000000.00,17.18,30550000000.00,18430000000.00,19850000000.00,33990000000.00,125700000000.00,1000.00,6.20,5.40,310000.00,3600000.00,194394.00,17140000000.00,1.80,98.80,16.50,1142.00,750000.00,18.00,55670000.00,46.74,544600000.00,0.80,7850000000.00,7830000000.00,0.00,15680000000.00,4007000000000.00,275000.00,,,2356000.00,34000000000.00,128771988.00,20.00,3557.00,14710000000.00,853100.00,3149500.00,5.53,
"Niue",260.00,,,,418000.00,2790000.00,3000000.00,137200.00,7600000.00,3600.00,-0.30,,,,234.00,2380000.00,,,1.00,,,,,,,,,,,,,20.00,,,0.00,,2166.00,,,,1100.00,400.00,,
"Norfolk Island",35.00,,,,,,,1500000.00,,,,,,,80.00,17900000.00,,,,,700.00,,1345.00,,,,,,,,,,,,,,1828.00,,,,2532.00,0.00,,0.00
"Northern Mariana Islands",477.00,19.51,,2.30,,,,,900000000.00,12500.00,,,,,362.00,,,7.11,1.20,,,,6006.00,75.88,,,,,,,,,,,,,80362.00,,,,21000.00,3000.00,1.27,
"Norway",324220.00,11.67,30520000000.00,9.45,0.00,107400000000.00,125900000000.00,76640000000.00,183000000000.00,40000.00,3.30,0.10,100.00,2100.00,91852.00,45960000000.00,5.20,3.70,1.00,593850.00,2288000.00,17.50,2380000.00,79.40,4033500000.00,1.90,4100000000.00,50500000000.00,0.00,54600000000.00,1716000000000.00,171100.00,3466000.00,88870.00,3310000.00,9859000000.00,4593041.00,33.10,4077.00,,3343000.00,4163400.00,1.78,4.30
"Oman",212460.00,36.73,2674000000.00,3.86,4814000000.00,9792000000.00,9896000000.00,13140000000.00,38090000000.00,13100.00,1.20,0.10,200.00,1300.00,34965.00,6373000000.00,-1.20,19.51,0.20,726.00,180000.00,13.50,920000.00,73.13,252990000.00,11.40,6340000000.00,7430000000.00,0.00,13770000000.00,829700000000.00,54000.00,721000.00,,775000.00,5500000000.00,3001583.00,10.30,,4144000000.00,233900.00,464900.00,5.84,15.00
"Pakistan",803940.00,30.42,1400000000.00,8.45,33970000000.00,52660000000.00,75270000000.00,15070000000.00,347300000000.00,2200.00,6.10,0.10,4900.00,74000.00,257683.00,14010000000.00,13.10,72.44,4.80,15124.00,1500000.00,16.40,45430000.00,63.00,3848000000.00,4.90,23400000000.00,0.00,0.00,23400000000.00,695600000000.00,365000.00,,,61000.00,325500000.00,162419946.00,71.40,8163.00,12580000000.00,3982800.00,2624800.00,4.14,8.30
"Palau",458.00,18.37,,6.85,0.00,,,18000000.00,174000000.00,9000.00,1.00,,,,61.00,99000000.00,,14.84,3.40,,,,9845.00,70.14,,,,,,,,,,,,,20303.00,,,,6700.00,1000.00,2.46,2.30
"Palmyra Atoll",12.00,,,,,,,,,,,,,,,,,,,,,,,,,,,,,,,,,,,,,,,,,,,
"Panama",78200.00,19.96,-469600000.00,6.54,8780000000.00,4473000000.00,4873000000.00,5699000000.00,20570000000.00,6900.00,6.00,0.90,,16000.00,11643.00,7164000000.00,5.40,20.47,2.00,7129.00,120000.00,25.00,1320000.00,71.94,147000000.00,1.10,,,,,,40520.00,,,0.00,,3039150.00,69.20,355.00,1076000000.00,386900.00,834000.00,2.45,12.60
"Papua New Guinea",462840.00,29.95,29150000.00,7.37,2463000000.00,1561000000.00,1679000000.00,2437000000.00,11990000000.00,2200.00,0.90,0.60,600.00,16000.00,19600.00,1353000000.00,,51.45,4.20,389.00,75000.00,13.60,3320000.00,64.93,16900000.00,1.40,110000000.00,0.00,0.00,110000000.00,385500000000.00,15000.00,,,46200.00,170000000.00,5545268.00,59.30,,635800000.00,62000.00,15000.00,3.96,
"Paraguay",406750.00,29.43,-36110000.00,4.53,3239000000.00,2469000000.00,48360000000.00,2936000000.00,29930000000.00,4800.00,2.80,0.50,600.00,15000.00,29500.00,3330000000.00,0.00,25.63,5.10,9243.00,120000.00,18.10,2660000.00,74.89,53100000.00,0.90,,,,,,25000.00,,,0.00,,6347884.00,39.20,441.00,1164000000.00,273200.00,1770300.00,3.93,15.10
"Peru",1285220.00,20.87,-30000000.00,6.26,29790000000.00,20220000000.00,22880000000.00,12300000000.00,155300000000.00,5600.00,4.50,0.50,4200.00,82000.00,78230.00,9600000000.00,5.20,31.94,3.80,65868.00,2850000.00,17.80,11000000.00,69.53,829300000.00,1.40,910000000.00,0.00,0.00,910000000.00,245100000000.00,161000.00,49000.00,,95500.00,408800000.00,27925628.00,44.10,3462.00,12700000000.00,1839200.00,2908800.00,2.56,9.60
"Philippines",300000.00,25.31,3600000000.00,5.47,55600000000.00,46050000000.00,52860000000.00,38630000000.00,430600000000.00,5000.00,5.90,0.10,500.00,9000.00,202124.00,37500000000.00,5.00,23.51,5.50,38440.00,3500000.00,17.00,35860000.00,69.91,805500000.00,1.00,25000000.00,0.00,0.00,2500000.00,107600000000.00,338000.00,0.00,312000.00,26000.00,152000000.00,87857473.00,74.20,897.00,16050000000.00,3310900.00,15201000.00,3.16,11.70
"Pitcairn Islands",47.00,,,,,,,,,,,,,,6.00,,,,,,,,15.00,,,,,,,,,,,,,,46.00,,,,1.00,,,
"Poland",312685.00,10.78,-3831000000.00,10.01,99150000000.00,117400000000.00,133800000000.00,75980000000.00,463000000000.00,12000.00,5.60,0.10,100.00,14000.00,364697.00,81610000000.00,10.00,8.51,3.40,804915.00,8970000.00,18.40,17020000.00,74.41,3500000000.00,1.71,13850000000.00,41000000.00,8782000000.00,5471000000.00,154400000000.00,424100.00,53000.00,413700.00,17180.00,116400000.00,38635144.00,49.90,23852.00,41880000000.00,12300000.00,17401000.00,1.39,19.50
"Portugal",92391.00,10.82,-8120000000.00,10.43,274700000000.00,42150000000.00,43280000000.00,37680000000.00,188700000000.00,17900.00,1.10,0.40,1000.00,22000.00,17135.00,52100000000.00,1.10,5.05,2.10,346078.00,3600000.00,22.30,5480000.00,77.53,3497800000.00,2.30,2542000000.00,0.00,2553000000.00,0.00,,339800.00,28830.00,357300.00,0.00,,10566212.00,61.50,2850.00,12300000000.00,4278800.00,9341400.00,1.47,6.50
"Puerto Rico",9104.00,13.93,,7.86,,20540000000.00,22090000000.00,46900000000.00,68950000000.00,17700.00,2.70,,,7397.00,25328.00,29100000000.00,,8.24,6.50,,600000.00,,1300000.00,77.62,,,630000000.00,0.00,630000000.00,0.00,,190000.00,,,0.00,,3916632.00,,96.00,,1329500.00,1211111.00,1.91,12.00
"Qatar",11437.00,15.54,5187000000.00,4.61,18620000000.00,9046000000.00,9727000000.00,15000000000.00,19490000000.00,23200.00,8.70,0.09,,,1230.00,6150000000.00,10.00,18.61,3.00,221.00,126000.00,22.90,140000.00,73.67,723000000.00,10.00,15860000000.00,18200000000.00,0.00,32400000000.00,14410000000000.0,30000.00,,,790000.00,16000000000.00,863051.00,,,3351000000.00,184500.00,376500.00,2.87,2.70
"Reunion",2517.00,19.26,,5.48,,1084000000.00,1166000000.00,214000000.00,4570000000.00,6000.00,2.50,,,,1214.00,2500000000.00,,7.78,,,150000.00,,309900.00,73.95,,,,,,,,18000.00,,,0.00,,776948.00,,,,300000.00,489800.00,2.47,36.00
"Romania",237500.00,10.70,-3631000000.00,11.74,24590000000.00,57500000000.00,56530000000.00,23540000000.00,171500000000.00,7700.00,8.10,0.10,350.00,6500.00,198755.00,28430000000.00,4.00,26.43,9.60,50807.00,4000000.00,23.30,9660000.00,71.35,985000000.00,2.47,18500000000.00,0.00,5400000000.00,12600000000.00,111100000000.00,253800.00,,,128000.00,1055000000.00,22329977.00,23.60,11385.00,16210000000.00,4300000.00,6900000.00,1.36,6.30
"Russia",17075200.00,9.80,46040000000.00,14.52,169600000000.00,894300000000.00,915000000000.00,162500000000.00,1408000000000.00,9800.00,6.70,1.10,9000.00,860000.00,537289.00,92910000000.00,6.40,15.39,11.50,560874.00,6000000.00,19.10,71830000.00,67.10,,,405800000000.00,171000000000.00,32700000000.00,578600000000.00,47000000000000.0,2310000.00,6110000.00,,8420000.00,69000000000.00,143420309.00,28.20,87157.00,124500000000.00,35500000.00,17608800.00,1.27,8.30
"Rwanda",26338.00,40.60,-212500000.00,16.32,1300000000.00,195000000.00,166700000.00,69780000.00,10430000000.00,1300.00,0.90,5.10,22000.00,250000.00,12000.00,260000000.00,7.00,91.23,7.00,1495.00,25000.00,20.00,4600000.00,46.96,50100000.00,3.20,,,,,28320000000.00,5300.00,,,0.00,0.00,8440820.00,,,210900000.00,23200.00,134000.00,5.49,
"Saint Helena",410.00,12.33,,6.43,,4650000.00,5000000.00,17000000.00,18000000.00,2500.00,,,,,198.00,42000000.00,,19.00,3.20,,500.00,,3500.00,77.76,,,,,,,,200.00,,,0.00,,7460.00,,,,2200.00,0.00,1.54,14.00
"Saint Kitts and Nevis",261.00,18.12,,8.47,171000000.00,98440000.00,105800000.00,70000000.00,339000000.00,8800.00,-1.90,,,,320.00,195000000.00,,14.49,1.70,51.00,10000.00,,18170.00,72.15,,,,,,,,710.00,,,0.00,,38958.00,,50.00,,23500.00,5000.00,2.33,4.50
"Saint Lucia",616.00,20.05,,5.12,214000000.00,251300000.00,270300000.00,66000000.00,866000000.00,5400.00,3.30,,,,1210.00,267000000.00,-8.90,13.53,3.00,41.00,13000.00,,43800.00,73.61,,,,,,,,2400.00,,,0.00,,166312.00,,,,51100.00,14300.00,2.21,20.00
"Saint Pierre and Miquelon",242.00,13.83,,6.70,,40060000.00,43080000.00,10000000.00,48300000.00,7000.00,,,,,114.00,106000000.00,,7.54,2.10,,,,3261.00,78.46,,,,,,,,600.00,,,0.00,,7012.00,,,,4800.00,0.00,2.03,9.80
"Saint Vincent and the Grenadines",389.00,16.34,,6.00,167200000.00,84820000.00,91200000.00,38000000.00,342000000.00,2900.00,0.70,,,,829.00,174000000.00,-0.90,14.78,-0.40,4.00,7000.00,,67000.00,73.62,,,,,,,,1250.00,,,0.00,,117534.00,,,,27300.00,10000.00,1.85,15.00
"Samoa",2944.00,15.95,,6.54,197000000.00,113500000.00,122000000.00,14000000.00,1000000000.00,5600.00,5.00,,3.00,12.00,790.00,113000000.00,2.80,27.71,4.00,8225.00,4000.00,,90000.00,70.72,,,,,,,,1000.00,,,0.00,,177287.00,,,,11800.00,2700.00,3.01,
"San Marino",61.00,10.18,,8.07,,,,,940000000.00,34600.00,7.50,,,,220.00,,6.00,5.73,3.30,1763.00,14300.00,,18500.00,81.62,700000.00,,,,,,,,,,,,28880.00,,,,20600.00,16800.00,1.33,2.60
"Sao Tome and Principe",1001.00,40.80,-31500000.00,6.68,318000000.00,15810000.00,17000000.00,6700000.00,214000000.00,1200.00,6.00,,,,320.00,41000000.00,,43.11,14.00,1069.00,15000.00,31.50,,66.99,700000.00,0.80,,,,,,700.00,,,0.00,,187410.00,,,29780000.00,7000.00,4800.00,5.71,
"Saudi Arabia",1960582.00,29.56,51500000000.00,2.62,34350000000.00,128500000000.00,138200000000.00,113000000000.00,310200000000.00,12000.00,5.00,0.01,,,152044.00,36210000000.00,2.80,13.24,0.80,15931.00,1500000.00,17.20,6620000.00,75.46,18000000000.00,10.00,56400000000.00,0.00,0.00,56400000000.00,6339000000000.00,1550000.00,7920000.00,0.00,9021000.00,261700000000.00,26417599.00,75.00,1392.00,23620000000.00,3502600.00,7238200.00,4.05,25.00
"Senegal",196190.00,35.21,-518800000.00,10.60,3476000000.00,1615000000.00,1737000000.00,1374000000.00,18360000000.00,1700.00,3.20,0.80,3500.00,44000.00,14576.00,2128000000.00,4.70,55.51,0.80,672.00,225000.00,20.10,4650000.00,56.75,107300000.00,1.50,50000000.00,0.00,0.00,50000000.00,,31000.00,,,0.00,,11126832.00,55.20,906.00,820000000.00,228800.00,575900.00,4.75,48.00
"Serbia and Montenegro",102350.00,12.12,-3008000000.00,10.49,12970000000.00,32330000000.00,31640000000.00,3245000000.00,26270000000.00,2400.00,6.50,0.20,100.00,10000.00,45290.00,9538000000.00,1.70,12.89,8.80,20207.00,847000.00,14.40,3200000.00,74.73,654000000.00,,602000000.00,0.00,0.00,602000000.00,24070000000.00,64000.00,,,15000.00,38750000.00,10829175.00,80.00,4380.00,3550000000.00,2611700.00,3634600.00,1.67,30.00
"Seychelles",455.00,16.22,-98420000.00,6.34,218100000.00,202800000.00,218000000.00,256200000.00,626000000.00,7800.00,1.50,,,,373.00,393400000.00,,15.53,5.00,264.00,11700.00,39.50,30900.00,71.82,12300000.00,1.80,,,,,,4000.00,,,0.00,,81188.00,122.80,,70940000.00,21700.00,54500.00,1.75,
"Sierra Leone",71740.00,42.84,,20.61,1500000000.00,237400000.00,255300000.00,49000000.00,3335000000.00,600.00,6.00,7.00,11000.00,170000.00,11300.00,264000000.00,,143.64,1.00,277.00,8000.00,,1369000.00,42.52,13200000.00,1.70,,,,,,6500.00,,,0.00,,6017643.00,,,,24000.00,67000.00,5.72,
"Singapore",693.00,9.49,8800000000.00,4.16,19400000000.00,32000000000.00,35330000000.00,174000000000.00,120900000000.00,27800.00,8.10,0.20,200.00,4100.00,3130.00,155200000000.00,11.10,2.29,1.70,484825.00,2310000.00,27.40,2180000.00,81.62,4470000000.00,4.90,2500000000.00,0.00,2500000000.00,0.00,,700000.00,,,0.00,,4425720.00,102.50,,112800000000.00,1896100.00,3521800.00,1.05,3.40
"Slovakia",48845.00,10.62,-1400000000.00,9.43,19540000000.00,28890000000.00,31150000000.00,29240000000.00,78890000000.00,14500.00,5.30,0.10,100.00,200.00,42970.00,29670000000.00,5.10,7.41,7.50,89592.00,1375800.00,24.00,2200000.00,74.50,406000000.00,1.89,6800000000.00,0.00,6600000000.00,190000000.00,7504000000.00,82000.00,,,1000.00,4500000.00,5431363.00,46.60,3661.00,14910000000.00,1294700.00,3678800.00,1.32,13.10
"Slovenia",20273.00,8.95,-51640000.00,10.22,14650000000.00,11800000000.00,12490000000.00,14970000000.00,39410000000.00,19600.00,3.90,0.10,100.00,280.00,20250.00,16070000000.00,3.90,4.45,3.30,45491.00,750000.00,24.90,870000.00,76.14,370000000.00,1.70,1040000000.00,0.00,1040000000.00,0.00,,53300.00,,,20.00,,2011070.00,31.50,1201.00,8493000000.00,812300.00,1739100.00,1.24,6.40
"Solomon Islands",28450.00,30.74,,3.98,180400000.00,29760000.00,32000000.00,74000000.00,800000000.00,1700.00,5.80,,,,1360.00,67000000.00,,21.29,10.00,398.00,2200.00,,26840.00,72.66,,,,,,,,1250.00,,,0.00,,538032.00,,,,6600.00,1000.00,4.04,
"Somalia",637657.00,45.62,,16.97,3000000000.00,223500000.00,240300000.00,79000000.00,4597000000.00,600.00,2.80,1.00,,43000.00,22100.00,344000000.00,,116.70,,4.00,89000.00,,3700000.00,48.09,18900000.00,0.90,,,,,2832000000.00,4000.00,,,0.00,0.00,8591629.00,,,,100000.00,35000.00,6.84,
"South Africa",1219912.00,18.48,-2480000000.00,21.32,27010000000.00,189400000000.00,202600000000.00,41970000000.00,491400000000.00,11100.00,3.50,21.50,370000.00,5300000.00,275971.00,39420000000.00,5.50,61.81,4.50,288633.00,3100000.00,16.70,16630000.00,43.27,3172000000.00,1.50,1800000000.00,0.00,0.00,1800000000.00,14160000000.00,460000.00,,,196200.00,7840000.00,44344136.00,45.90,22298.00,11680000000.00,4844000.00,16860000.00,2.24,26.20
"South Georgia and the South Sandwich Islands",3903.00,,,,,,,,,,,,,,,,,,,,,,,,,,,,,,,,,,,,,,,,,,,
"Spain",504782.00,10.10,-30890000000.00,9.63,771100000000.00,218400000000.00,229000000000.00,172500000000.00,937600000000.00,23300.00,2.60,0.70,1000.00,140000.00,664852.00,222000000000.00,3.00,4.42,3.20,1056950.00,9789000.00,25.40,19330000.00,79.52,9906500000.00,1.20,17960000000.00,0.00,17260000000.00,516000000.00,254900000.00,1497000.00,135100.00,1582000.00,7099.00,10500000.00,40341462.00,53.20,14268.00,19700000000.00,17567500.00,37506700.00,1.28,10.40
"Spratly Islands",5.00,,,,,,,,,,,,,,,,,,,,,,,,,,,,,,,,,,,,,,,,,,,
"Sri Lanka",65610.00,15.63,-587300000.00,6.49,10850000000.00,6228000000.00,6697000000.00,5306000000.00,80580000000.00,4000.00,5.20,0.10,200.00,3500.00,11650.00,7265000000.00,7.10,14.35,5.80,1882.00,200000.00,22.40,7260000.00,73.17,514800000.00,2.60,,,,,,75000.00,,,0.00,,20064776.00,104.30,1449.00,2475000000.00,881400.00,931600.00,1.85,7.80
"Sudan",2505810.00,35.17,-763600000.00,9.16,21000000000.00,2400000000.00,2581000000.00,3395000000.00,76190000000.00,1900.00,6.40,2.30,23000.00,400000.00,11900.00,3496000000.00,8.50,62.50,9.00,,300000.00,16.00,11000000.00,58.54,587000000.00,3.00,,,,,99110000000.00,70000.00,275000.00,0.00,345000.00,1600000000.00,40187486.00,79.70,5995.00,1652000000.00,900000.00,650000.00,4.85,18.70
"Suriname",163270.00,18.39,,7.16,321000000.00,1845000000.00,1984000000.00,495000000.00,1885000000.00,4300.00,4.20,1.70,500.00,5200.00,4492.00,604000000.00,6.50,23.57,23.00,18.00,20000.00,,104000.00,68.96,7500000.00,0.70,,,,,0.00,14000.00,1370.00,1644.00,12000.00,99000000.00,438144.00,,,,79800.00,168100.00,2.34,17.00
"Svalbard",62049.00,,,,,,,,,,,0.00,0.00,0.00,,,,,,,,,,,,,,,,,,,,,,,2701.00,,,,,,,
"Swaziland",17363.00,27.72,-82400000.00,25.26,320000000.00,1173000000.00,402000000.00,900100000.00,6018000000.00,5100.00,2.50,38.80,17000.00,220000.00,3107.00,1140000000.00,3.70,69.27,5.40,1401.00,27000.00,23.60,383200.00,35.65,40500000.00,1.40,,,,,,3500.00,,,0.00,,1173900.00,,301.00,320500000.00,46200.00,88000.00,3.70,34.00
"Sweden",449964.00,10.36,24080000000.00,10.36,66500000000.00,138100000000.00,142800000000.00,121700000000.00,255400000000.00,28400.00,3.60,0.10,100.00,3600.00,213237.00,97970000000.00,5.50,2.77,0.70,945221.00,5125000.00,15.80,4460000.00,80.40,5729000000.00,1.70,949000000.00,0.00,968000000.00,0.00,,328600.00,203700.00,553100.00,0.00,,9001774.00,51.60,11481.00,19990000000.00,6579200.00,7949000.00,1.66,5.60
"Switzerland",41290.00,9.77,40950000000.00,8.48,,54530000000.00,63470000000.00,130700000000.00,251900000000.00,33800.00,1.80,0.40,100.00,13000.00,71212.00,121100000000.00,4.70,4.39,0.90,667275.00,2556000.00,20.40,3770000.00,80.39,2548000000.00,1.00,3093000000.00,0.00,3093000000.00,0.00,,290400.00,10420.00,289500.00,0.00,,7489370.00,57.20,4533.00,69580000000.00,5419000.00,6172000.00,1.42,3.40
"Syria",185180.00,28.29,1100000000.00,4.88,4000000000.00,24320000000.00,26150000000.00,6086000000.00,60440000000.00,3400.00,2.30,0.10,200.00,500.00,45697.00,5042000000.00,7.00,29.53,2.10,11.00,220000.00,16.30,5120000.00,70.03,858000000.00,5.90,5840000000.00,0.00,0.00,5840000000.00,240700000000.00,240000.00,285000.00,,525000.00,2500000000.00,18448752.00,32.00,2711.00,5000000000.00,2099300.00,400000.00,3.50,20.00
"Taiwan",35980.00,12.64,21160000000.00,6.38,55500000000.00,147400000000.00,158500000000.00,170500000000.00,576200000000.00,25300.00,6.00,,,,37299.00,165400000000.00,12.20,6.40,1.70,2777085.00,13800000.00,18.00,10220000.00,77.26,7574000000.00,2.60,6640000000.00,410000000.00,6300000000.00,750000000.00,38230000000.00,988000.00,,,500.00,2900000.00,22894384.00,32.40,2508.00,246500000000.00,13355000.00,25089600.00,1.57,4.50
"Tajikistan",143100.00,32.58,-52000000.00,8.39,888000000.00,14410000000.00,15080000000.00,1130000000.00,7950000000.00,1100.00,10.50,0.10,100.00,200.00,27767.00,1300000000.00,8.20,110.76,8.00,69.00,4100.00,22.00,3187000.00,64.56,35400000.00,3.90,1300000000.00,0.00,1250000000.00,50000000.00,,20000.00,,,250.00,,7163506.00,,482.00,145300000.00,242100.00,47600.00,4.05,40.00
"Tanzania",945087.00,38.16,-327400000.00,16.71,7321000000.00,2566000000.00,2727000000.00,1248000000.00,23710000000.00,700.00,5.80,8.80,160000.00,1600000.00,88200.00,1972000000.00,8.40,98.54,5.40,5534.00,250000.00,16.20,19000000.00,45.24,20600000.00,0.20,,,,,11330000000.00,17000.00,,,0.00,0.00,36766356.00,5.00,3690.00,2175000000.00,149100.00,891200.00,5.06,
"Thailand",514000.00,15.70,6736000000.00,7.02,50590000000.00,106100000000.00,118900000000.00,87910000000.00,524800000000.00,8100.00,6.10,1.50,58000.00,570000.00,57403.00,80840000000.00,8.50,20.48,2.80,103700.00,6971500.00,22.50,36430000.00,71.57,1775000000.00,1.80,23930000000.00,0.00,5200000000.00,18730000000.00,368200000000.00,785000.00,,,225000.00,600000000.00,65444371.00,47.60,4071.00,48300000000.00,6617400.00,26500000.00,1.88,1.50
"Togo",56785.00,33.48,-125600000.00,11.80,1400000000.00,451200000.00,108800000.00,663100000.00,8684000000.00,1600.00,3.00,4.10,10000.00,110000.00,7520.00,824900000.00,,66.61,1.00,82.00,210000.00,19.10,1740000.00,52.64,35500000.00,1.90,,,,,,10000.00,,,0.00,,5681519.00,,568.00,267400000.00,60600.00,220000.00,4.61,
"Tokelau",10.00,,,,0.00,,,98000.00,1500000.00,1000.00,,,,,,323000.00,,,,,,,,,,,,,,,,,,,,,1405.00,,,,300.00,0.00,,
"Tonga",748.00,25.18,,5.35,63400000.00,23060000.00,24790000.00,27000000.00,244000000.00,2300.00,1.50,,,,680.00,86000000.00,8.60,12.62,10.30,18906.00,2900.00,,33910.00,69.53,,,,,,,,1000.00,,,0.00,,112422.00,,,,11200.00,9000.00,3.00,13.30
"Trinidad and Tobago",5128.00,12.81,1548000000.00,9.37,2940000000.00,5341000000.00,5743000000.00,6671000000.00,11480000000.00,10500.00,5.70,3.20,1900.00,29000.00,8320.00,4650000000.00,7.20,24.31,3.30,8003.00,138000.00,19.40,590000.00,68.91,66700000.00,0.60,13760000000.00,11790000000.00,0.00,25000000000.00,589000000000.00,24000.00,,,140000.00,990000000.00,1088644.00,54.40,,2927000000.00,325100.00,361900.00,1.75,10.40
"Tromelin Island",1.00,,,,,,,,,,,,,,,,,,,,,,,,,,,,,,,,,,,,,,,,,,,
"Tunisia",163610.00,15.50,71850000.00,5.09,14710000000.00,10050000000.00,10720000000.00,9926000000.00,70880000000.00,7100.00,5.10,0.10,200.00,1000.00,18997.00,11520000000.00,4.40,24.77,4.10,281.00,630000.00,24.50,3550000.00,74.89,356000000.00,1.50,3830000000.00,0.00,1580000000.00,2250000000.00,77160000000.00,87000.00,,,72580.00,1700000000.00,10074951.00,59.20,2152.00,3509000000.00,1163800.00,1899900.00,1.75,13.80
"Turkey",780580.00,16.83,-15300000000.00,5.96,16900000000.00,117900000000.00,139700000000.00,69460000000.00,508700000000.00,7400.00,8.20,0.10,,,354421.00,94500000000.00,16.50,41.04,9.30,355215.00,5500000.00,17.30,25300000.00,72.36,12155000000.00,5.30,15940000000.00,0.00,15750000000.00,312000000.00,8685000000.00,619500.00,46110.00,616500.00,48000.00,288400000.00,69660559.00,74.30,8671.00,37100000000.00,18916700.00,27887500.00,1.94,9.30
"Turkmenistan",488100.00,27.68,114000000.00,8.78,2400000000.00,8908000000.00,11410000000.00,4000000000.00,27600000000.00,5700.00,7.50,0.10,100.00,200.00,24000.00,2850000000.00,22.00,73.08,9.00,524.00,8000.00,29.00,2320000.00,61.39,90000000.00,3.40,9600000000.00,43500000000.00,0.00,58570000000.00,1430000000000.00,63000.00,,,162500.00,273000000.00,4952081.00,,2440.00,3034000000.00,374000.00,52000.00,3.41,60.00
"Turks and Caicos Islands",430.00,22.23,,4.28,,4650000.00,5000000.00,169200000.00,216000000.00,11500.00,4.90,,,,121.00,175600000.00,,15.67,4.00,,,,4848.00,74.51,,,,,,,,0.00,,,0.00,,20556.00,,,,5700.00,1700.00,3.08,10.00
"Tuvalu",26.00,21.91,,7.22,,,,1000000.00,12200000.00,1100.00,3.00,,,,8.00,79000000.00,,20.03,5.00,,1300.00,,7000.00,68.01,,,,,,,,,,,,,11636.00,,,,700.00,0.00,3.00,
"Uganda",236040.00,47.39,-590800000.00,12.80,3865000000.00,1401000000.00,1775000000.00,621700000.00,39390000000.00,1500.00,5.00,4.10,78000.00,530000.00,27000.00,1306000000.00,5.60,67.83,3.50,2692.00,125000.00,22.40,12410000.00,51.59,170300000.00,2.20,,,,,,8750.00,,,0.00,,27269482.00,73.90,1241.00,1200000000.00,61000.00,776200.00,6.74,
"Ukraine",603700.00,10.49,4584000000.00,16.42,16370000000.00,132000000000.00,180000000000.00,32910000000.00,299100000000.00,6300.00,12.00,1.40,20000.00,360000.00,169679.00,31450000000.00,16.50,20.34,12.00,94345.00,3800000.00,18.80,21110000.00,66.85,617900000.00,1.40,79860000000.00,5800000000.00,60400000000.00,19600000000.00,560700000000.00,303000.00,,,72000.00,395000000.00,47425336.00,24.70,22473.00,11330000000.00,10833300.00,4200000.00,1.40,3.50
"United Arab Emirates",82880.00,18.78,6300000000.00,4.26,5900000000.00,36510000000.00,45120000000.00,69480000000.00,63670000000.00,25200.00,5.70,0.18,,,1088.00,45660000000.00,4.00,14.51,3.20,56283.00,1110200.00,20.80,2360000.00,75.24,1600000000.00,3.10,33700000000.00,7190000000.00,0.00,44400000000.00,6060000000000.00,310000.00,2500000.00,0.00,2335000.00,97800000000.00,2563212.00,17.60,,18640000000.00,1135800.00,2972300.00,2.94,2.40
"United Kingdom",244820.00,10.78,-33460000000.00,10.18,4710000000000.00,337400000000.00,395900000000.00,347200000000.00,1782000000000.00,29600.00,3.20,0.20,500.00,51000.00,392931.00,439400000000.00,0.90,5.16,1.40,3398708.00,25000000.00,16.20,29780000.00,78.38,42836500000.00,2.40,92850000000.00,15750000000.00,2700000000.00,105900000000.00,714900000000.00,1692000.00,1498000.00,1084000.00,1957000.00,25410000000.00,60441457.00,39.60,17186.00,48730000000.00,34898000.00,49677000.00,1.66,4.80
"United States",9631418.00,14.14,-646500000000.00,8.25,1400000000000.00,3660000000000.00,3839000000000.00,795000000000.00,11750000000000.0,40100.00,4.40,0.60,14000.00,950000.00,6393603.00,1476000000000.00,4.40,6.50,2.50,115311958.00,159000000.00,15.70,147400000.00,77.71,370700000000.00,3.30,640900000000.00,11160000000.00,114100000000.00,548100000000.00,5195000000000.00,19650000.00,,,7800000.00,22450000000.00,295734134.00,65.00,228464.00,85940000000.00,181599900.00,158722000.00,2.08,5.50
"Uruguay",176220.00,14.09,181800000.00,9.06,12800000000.00,5878000000.00,8536000000.00,2200000000.00,49270000000.00,14500.00,10.20,0.30,500.00,6000.00,8983.00,2071000000.00,22.00,11.95,7.60,87630.00,400000.00,9.60,1560000.00,76.13,257500000.00,2.00,64500000.00,0.00,65000000.00,0.00,,41500.00,,,0.00,,3415920.00,,2073.00,2362000000.00,946500.00,652000.00,1.91,13.00
"Uzbekistan",447400.00,26.22,461900000.00,7.95,4351000000.00,46660000000.00,47700000000.00,3700000000.00,47590000000.00,1800.00,4.40,0.10,500.00,11000.00,81600.00,2820000000.00,6.20,71.10,3.00,1040.00,492000.00,,14640000.00,64.19,200000000.00,2.00,45200000000.00,17900000000.00,0.00,63100000000.00,937300000000.00,142000.00,,,143300.00,297000000.00,26851195.00,41.50,3950.00,1603000000.00,1717100.00,320800.00,2.94,0.60
"Vanuatu",12200.00,23.06,,7.90,83700000.00,45030000.00,48420000.00,26600000.00,580000000.00,2900.00,1.10,,,,1070.00,138000000.00,1.00,55.16,3.10,512.00,7500.00,,,62.49,,,,,,,,600.00,,,0.00,,205754.00,,,,6500.00,7800.00,2.77,
"Venezuela",912050.00,18.91,14590000000.00,4.90,33290000000.00,89300000000.00,89700000000.00,35840000000.00,145200000000.00,5800.00,16.80,0.70,4100.00,110000.00,96155.00,14980000000.00,12.30,22.20,22.40,35301.00,1274400.00,12.90,12250000.00,74.31,1687000000.00,1.50,29400000000.00,0.00,0.00,29400000000.00,4190000000000.00,500000.00,2100000.00,,2600000.00,78000000000.00,25375281.00,43.10,682.00,25750000000.00,2841800.00,6463600.00,2.26,17.10
"Vietnam",329560.00,17.07,-2061000000.00,6.20,16550000000.00,32060000000.00,34480000000.00,23720000000.00,227200000000.00,2700.00,7.70,0.40,9000.00,220000.00,93300.00,26310000000.00,16.00,25.95,9.50,340.00,3500000.00,36.60,42980000.00,70.61,650000000.00,2.50,1300000000.00,0.00,0.00,1300000000.00,192600000000.00,185000.00,,,359400.00,650000000.00,83535576.00,65.90,2600.00,6510000000.00,4402000.00,2742000.00,1.94,1.90
"Virgin Islands",352.00,14.20,,6.26,,962600000.00,1035000000.00,,2500000000.00,17200.00,2.00,,,,1257.00,,,8.03,2.20,,30000.00,,48900.00,78.91,,,,,,,,66000.00,,,0.00,,108708.00,,,,69400.00,41000.00,2.19,9.30
"Wake Island",7.00,,,,,,,,,,,,,,,,,,,,,,,,,,,,,,,,,,,,,,,,,,,
"Wallis and Futuna",274.00,,,,,,,250000.00,60000000.00,3800.00,,,,,120.00,300000.00,,,,,900.00,,,,,,,,,,,,,,,,16025.00,,,,1900.00,0.00,,
"West Bank",5860.00,32.37,,3.99,108000000.00,,,205000000.00,1800000000.00,800.00,6.00,,,,4500.00,1500000000.00,,19.62,2.20,,145000.00,,364000.00,73.08,,,,,,,,,,,,,2385615.00,,,,301600.00,480000.00,4.40,27.20
"Western Sahara",266000.00,,,,,83700000.00,90000000.00,,,,,,,,6200.00,,,,,,,,12000.00,,,,,,,,,1800.00,,,0.00,,273008.00,,,,,0.00,,
"Yemen",527970.00,43.07,369900000.00,8.53,5400000000.00,2827000000.00,3040000000.00,4468000000.00,16250000000.00,800.00,1.90,0.10,,12000.00,67000.00,3734000000.00,3.00,61.50,12.20,138.00,100000.00,16.10,5980000.00,61.75,885500000.00,7.80,0.00,0.00,0.00,0.00,480000000000.00,78000.00,370300.00,,417500.00,4000000000.00,20727063.00,46.40,,5300000000.00,542200.00,411100.00,6.67,35.00
"Zambia",752614.00,41.38,-181400000.00,20.23,5353000000.00,5345000000.00,8167000000.00,1548000000.00,9409000000.00,900.00,4.60,16.50,89000.00,920000.00,91440.00,1519000000.00,6.90,88.29,18.30,1880.00,68200.00,41.40,4630000.00,39.70,106800000.00,1.80,,,,,,11000.00,,,0.00,,11261795.00,127.50,2173.00,345000000.00,88400.00,241000.00,5.47,50.00
"Zimbabwe",390580.00,29.74,-230300000.00,24.66,4086000000.00,11220000000.00,8839000000.00,1409000000.00,24370000000.00,1900.00,-8.20,24.60,170000.00,1800000.00,18338.00,1599000000.00,-7.80,67.69,133.00,4501.00,500000.00,9.90,4230000.00,36.67,217000000.00,4.30,,,,,,23000.00,,,0.00,,12746990.00,52.30,3077.00,57000000.00,300900.00,379100.00,3.54,70.00
