ID,Stock,Date,Open,High,Low,Close,Volume,AdjClose
1,IBM,12/1/2005,$89.15 ,$89.92 ,$81.56 ,$82.20 ,5976252,$81.37 
2,IBM,11/1/2005,$81.85 ,$89.94 ,$80.64 ,$88.90 ,5556471,$88.01 
3,IBM,10/3/2005,$80.22 ,$84.60 ,$78.70 ,$81.88 ,7019666,$80.86 
4,IBM,9/1/2005,$80.16 ,$82.11 ,$76.93 ,$80.22 ,5772280,$79.22 
5,IBM,8/1/2005,$83.00 ,$84.20 ,$79.87 ,$80.62 ,4801386,$79.62 
6,IBM,7/1/2005,$74.30 ,$85.11 ,$74.16 ,$83.46 ,8056590,$82.23 
7,IBM,6/1/2005,$75.57 ,$77.73 ,$73.45 ,$74.20 ,6439536,$73.10 
8,IBM,5/2/2005,$76.88 ,$78.11 ,$72.50 ,$75.55 ,6896904,$74.43 
9,IBM,4/1/2005,$91.49 ,$91.76 ,$71.85 ,$76.38 ,10709200,$75.05 
10,IBM,3/1/2005,$92.64 ,$93.73 ,$89.09 ,$91.38 ,5025627,$89.79 
11,IBM,2/1/2005,$93.67 ,$94.97 ,$91.55 ,$92.58 ,4455657,$90.97 
12,IBM,1/3/2005,$98.97 ,$99.10 ,$91.44 ,$93.42 ,5960945,$91.62 
13,IBM,12/1/2004,$94.50 ,$99.00 ,$94.47 ,$98.58 ,5043800,$96.68 
14,IBM,11/1/2004,$89.33 ,$96.63 ,$89.23 ,$94.24 ,5754876,$92.42 
15,IBM,10/1/2004,$85.95 ,$90.27 ,$84.29 ,$89.75 ,5839742,$87.85 
16,IBM,9/1/2004,$84.05 ,$87.28 ,$83.24 ,$85.74 ,4719252,$83.93 
17,IBM,8/2/2004,$86.87 ,$87.39 ,$81.90 ,$84.69 ,4298600,$82.90 
18,IBM,7/1/2004,$88.28 ,$88.44 ,$83.42 ,$87.07 ,5929023,$85.05 
19,IBM,6/1/2004,$88.00 ,$91.21 ,$87.30 ,$88.15 ,4604409,$86.10 
20,IBM,5/3/2004,$88.13 ,$89.75 ,$85.12 ,$88.59 ,5395555,$86.53 
21,IBM,4/1/2004,$91.67 ,$94.55 ,$88.01 ,$88.17 ,5507214,$85.95 
22,IBM,3/1/2004,$96.50 ,$97.60 ,$90.28 ,$91.84 ,5612921,$89.53 
23,IBM,2/2/2004,$99.15 ,$100.43 ,$95.20 ,$96.50 ,5392468,$94.07 
24,IBM,1/2/2004,$92.86 ,$99.85 ,$89.01 ,$99.23 ,7275305,$96.57 
25,IBM,12/1/2003,$90.90 ,$94.12 ,$90.03 ,$92.68 ,5492295,$90.20 
26,IBM,11/3/2003,$89.90 ,$91.48 ,$87.72 ,$90.54 ,5271663,$88.12 
27,IBM,10/1/2003,$88.75 ,$94.54 ,$87.53 ,$89.48 ,6999200,$86.93 
28,IBM,9/2/2003,$82.40 ,$93.47 ,$82.30 ,$88.33 ,8523800,$85.81 
29,IBM,8/1/2003,$81.15 ,$84.72 ,$78.73 ,$82.01 ,5624661,$79.67 
30,IBM,7/1/2003,$81.40 ,$87.03 ,$80.58 ,$81.25 ,7362086,$78.77 
31,IBM,6/2/2003,$89.00 ,$89.08 ,$79.81 ,$82.50 ,9163771,$79.98 
32,IBM,5/1/2003,$85.30 ,$90.40 ,$84.45 ,$88.04 ,7415819,$85.36 
33,IBM,4/1/2003,$78.50 ,$86.49 ,$78.12 ,$84.90 ,8872342,$82.16 
34,IBM,3/3/2003,$78.90 ,$84.90 ,$73.17 ,$78.43 ,9624114,$75.90 
35,IBM,2/3/2003,$78.20 ,$80.05 ,$74.31 ,$77.95 ,8013573,$75.44 
36,IBM,1/2/2003,$78.80 ,$88.95 ,$77.02 ,$78.20 ,9698933,$75.53 
37,IBM,12/2/2002,$88.60 ,$89.46 ,$75.60 ,$77.50 ,7592138,$74.85 
38,IBM,11/1/2002,$78.90 ,$88.11 ,$76.70 ,$86.92 ,9370940,$83.95 
39,IBM,10/1/2002,$59.20 ,$79.79 ,$54.01 ,$78.94 ,12847417,$76.11 
40,IBM,9/3/2002,$74.20 ,$77.50 ,$57.99 ,$58.31 ,9934225,$56.22 
41,IBM,8/1/2002,$70.40 ,$82.85 ,$65.85 ,$75.38 ,7787490,$72.67 
42,IBM,7/1/2002,$72.01 ,$74.20 ,$65.70 ,$70.40 ,11771613,$67.72 
43,IBM,6/3/2002,$80.75 ,$80.95 ,$66.10 ,$72.00 ,10096315,$69.26 
44,IBM,5/1/2002,$83.85 ,$86.49 ,$75.92 ,$80.45 ,8084754,$77.39 
45,IBM,4/1/2002,$104.00 ,$104.00 ,$83.34 ,$83.76 ,11608509,$80.42 
46,IBM,3/1/2002,$98.60 ,$108.85 ,$98.50 ,$104.00 ,7830800,$99.85 
47,IBM,2/1/2002,$107.64 ,$109.30 ,$95.76 ,$98.12 ,9487368,$94.20 
48,IBM,1/2/2002,$120.60 ,$126.39 ,$101.00 ,$107.89 ,9687614,$103.45 
49,IBM,12/3/2001,$114.80 ,$124.70 ,$113.21 ,$120.96 ,6845325,$115.98 
50,IBM,11/1/2001,$107.25 ,$117.00 ,$106.90 ,$115.59 ,6701623,$110.83 
51,IBM,10/1/2001,$91.72 ,$112.10 ,$91.34 ,$108.07 ,10066486,$103.49 
52,IBM,9/4/2001,$100.15 ,$103.13 ,$87.49 ,$91.72 ,13359313,$87.83 
53,IBM,8/1/2001,$105.35 ,$110.09 ,$98.86 ,$99.95 ,6588178,$95.71 
54,IBM,7/2/2001,$113.50 ,$115.40 ,$101.56 ,$105.21 ,7934257,$100.62 
55,IBM,6/1/2001,$112.50 ,$119.00 ,$111.10 ,$113.50 ,7257480,$108.55 
56,IBM,5/1/2001,$115.85 ,$119.90 ,$110.96 ,$111.80 ,7549104,$106.92 
57,IBM,4/2/2001,$97.45 ,$118.05 ,$90.05 ,$115.14 ,11678405,$109.98 
58,IBM,3/1/2001,$99.30 ,$108.40 ,$87.65 ,$96.18 ,12000513,$91.87 
59,IBM,2/1/2001,$112.40 ,$118.64 ,$99.10 ,$99.90 ,8861689,$95.43 
60,IBM,1/2/2001,$84.50 ,$116.75 ,$83.75 ,$112.00 ,9872776,$106.86 
61,IBM,12/1/2000,$94.44 ,$104.75 ,$80.06 ,$85.00 ,8739385,$81.10 
62,IBM,11/1/2000,$98.44 ,$104.37 ,$91.62 ,$93.50 ,6720342,$89.21 
63,IBM,10/2/2000,$112.62 ,$119.62 ,$86.94 ,$98.50 ,10658263,$93.86 
64,IBM,9/1/2000,$133.06 ,$134.94 ,$110.25 ,$112.62 ,5855495,$107.32 
65,IBM,8/1/2000,$112.00 ,$134.25 ,$110.25 ,$132.02 ,5545682,$125.80 
66,IBM,7/3/2000,$108.75 ,$117.81 ,$100.00 ,$112.25 ,7764845,$106.84 
67,IBM,6/1/2000,$107.56 ,$122.31 ,$105.50 ,$109.56 ,6586172,$104.28 
68,IBM,5/1/2000,$112.50 ,$113.62 ,$102.00 ,$107.31 ,5800554,$102.14 
69,IBM,4/3/2000,$120.00 ,$128.00 ,$101.25 ,$111.50 ,9127221,$106.00 
70,IBM,3/1/2000,$102.00 ,$128.25 ,$99.50 ,$118.37 ,8800373,$112.53 
71,IBM,2/1/2000,$112.37 ,$119.75 ,$100.94 ,$102.75 ,7203815,$97.68 
72,IBM,1/3/2000,$112.44 ,$124.75 ,$109.62 ,$112.25 ,9076280,$106.60 
73,IBM,12/1/1999,$102.56 ,$122.12 ,$102.25 ,$107.87 ,7343740,$102.44 
74,IBM,11/1/1999,$98.50 ,$109.87 ,$90.00 ,$103.06 ,10524366,$97.88 
75,IBM,10/1/1999,$121.00 ,$123.25 ,$89.00 ,$98.25 ,15068947,$93.18 
76,IBM,9/1/1999,$125.62 ,$137.69 ,$119.62 ,$121.00 ,7380161,$114.76 
77,IBM,8/2/1999,$124.00 ,$129.63 ,$117.56 ,$124.56 ,6115295,$118.14 
78,IBM,7/1/1999,$130.00 ,$139.19 ,$122.62 ,$125.69 ,6530133,$119.09 
79,IBM,6/1/1999,$113.62 ,$132.00 ,$109.44 ,$129.25 ,6336504,$122.47 
80,IBM,5/3/1999,$208.00 ,$246.00 ,$112.62 ,$116.00 ,10937435,$109.91 
81,IBM,4/1/1999,$177.31 ,$215.25 ,$163.00 ,$209.19 ,13167533,$98.99 
82,IBM,3/1/1999,$169.50 ,$185.94 ,$164.00 ,$177.25 ,10290000,$83.88 
83,IBM,2/1/1999,$184.50 ,$184.50 ,$161.75 ,$169.75 ,11474200,$80.33 
84,IBM,1/4/1999,$185.00 ,$199.25 ,$173.50 ,$183.25 ,13521831,$86.60 
85,IBM,12/1/1998,$163.50 ,$189.94 ,$162.25 ,$184.38 ,6636845,$87.14 
86,IBM,11/2/1998,$148.44 ,$170.56 ,$145.75 ,$165.13 ,7166840,$78.04 
87,IBM,10/1/1998,$125.06 ,$149.81 ,$116.81 ,$148.50 ,11648536,$70.08 
88,IBM,9/1/1998,$113.00 ,$136.19 ,$110.75 ,$128.50 ,9511533,$60.64 
89,IBM,8/3/1998,$134.00 ,$134.88 ,$112.62 ,$112.62 ,9637561,$53.14 
90,IBM,7/1/1998,$116.00 ,$138.13 ,$112.75 ,$132.50 ,8495590,$62.42 
91,IBM,6/1/1998,$117.37 ,$120.00 ,$106.00 ,$114.81 ,7841036,$54.09 
92,IBM,5/1/1998,$115.94 ,$129.31 ,$115.50 ,$117.50 ,7878370,$55.35 
93,IBM,4/1/1998,$103.87 ,$120.00 ,$103.31 ,$115.87 ,8724247,$54.48 
94,IBM,3/2/1998,$104.19 ,$106.69 ,$95.87 ,$103.87 ,7565663,$48.84 
95,IBM,2/2/1998,$100.00 ,$105.87 ,$97.50 ,$104.44 ,7808231,$49.11 
96,IBM,1/2/1998,$104.50 ,$108.37 ,$95.62 ,$98.75 ,10603100,$46.34 
97,IBM,12/1/1997,$110.00 ,$113.50 ,$96.37 ,$104.62 ,8859200,$49.09 
98,IBM,11/3/1997,$99.12 ,$109.94 ,$95.25 ,$109.50 ,7922273,$51.38 
99,IBM,10/1/1997,$106.12 ,$107.25 ,$88.62 ,$98.50 ,10361973,$46.13 
100,IBM,9/2/1997,$101.37 ,$107.44 ,$96.12 ,$106.00 ,8736476,$49.65 
101,IBM,8/1/1997,$105.50 ,$109.44 ,$99.69 ,$101.37 ,7775914,$47.48 
102,IBM,7/1/1997,$90.25 ,$108.44 ,$90.12 ,$105.75 ,9792818,$49.44 
103,IBM,6/2/1997,$87.75 ,$93.75 ,$81.75 ,$90.25 ,8296771,$42.19 
104,IBM,5/1/1997,$160.50 ,$179.25 ,$84.50 ,$86.50 ,13671800,$40.44 
105,IBM,4/1/1997,$137.00 ,$161.13 ,$127.12 ,$160.50 ,15685472,$37.52 
106,IBM,3/3/1997,$143.75 ,$149.75 ,$130.00 ,$137.25 ,14722700,$32.08 
107,IBM,2/3/1997,$157.38 ,$157.38 ,$137.13 ,$143.75 ,16956421,$33.60 
108,IBM,1/2/1997,$153.75 ,$170.13 ,$145.00 ,$156.88 ,19412090,$36.58 
109,IBM,12/2/1996,$159.63 ,$166.00 ,$147.25 ,$151.50 ,13216571,$35.33 
110,IBM,11/1/1996,$128.88 ,$160.75 ,$127.12 ,$159.38 ,14687200,$37.17 
111,IBM,10/1/1996,$124.00 ,$135.38 ,$123.12 ,$129.00 ,10678156,$30.00 
112,IBM,9/3/1996,$113.25 ,$127.87 ,$112.56 ,$124.50 ,11048640,$28.95 
113,IBM,8/1/1996,$108.00 ,$115.75 ,$107.25 ,$114.37 ,8832436,$26.60 
114,IBM,7/1/1996,$99.25 ,$108.87 ,$89.12 ,$107.50 ,14386836,$24.92 
115,IBM,6/3/1996,$106.37 ,$106.62 ,$96.12 ,$99.00 ,12099540,$22.95 
116,IBM,5/1/1996,$107.75 ,$112.50 ,$103.62 ,$106.75 ,10668872,$24.75 
117,IBM,4/1/1996,$112.12 ,$120.87 ,$103.37 ,$107.75 ,18113809,$24.90 
118,IBM,3/1/1996,$121.62 ,$125.50 ,$107.62 ,$111.25 ,16350666,$25.70 
119,IBM,2/1/1996,$108.75 ,$128.88 ,$108.12 ,$122.62 ,18545440,$28.33 
120,IBM,1/2/1996,$91.37 ,$109.87 ,$83.12 ,$108.50 ,20732690,$25.01 
121,IBM,12/1/1995,$97.00 ,$97.25 ,$87.75 ,$91.37 ,12622060,$21.07 
122,IBM,11/1/1995,$97.25 ,$102.37 ,$93.00 ,$96.62 ,11101047,$22.28 
123,IBM,10/2/1995,$95.00 ,$99.25 ,$89.12 ,$97.25 ,15599727,$22.36 
124,IBM,9/1/1995,$102.75 ,$104.50 ,$91.62 ,$94.50 ,19990140,$21.73 
125,IBM,8/1/1995,$109.12 ,$114.62 ,$98.62 ,$103.37 ,12608295,$23.77 
126,IBM,7/3/1995,$96.25 ,$111.25 ,$95.75 ,$108.87 ,15672220,$24.98 
127,IBM,6/1/1995,$93.50 ,$99.37 ,$88.37 ,$96.00 ,12574127,$22.03 
128,IBM,5/1/1995,$93.87 ,$97.87 ,$91.50 ,$93.00 ,12325127,$21.34 
129,IBM,4/3/1995,$82.25 ,$96.87 ,$82.25 ,$94.62 ,12843473,$21.65 
130,IBM,3/1/1995,$75.12 ,$85.12 ,$75.12 ,$82.12 ,11587652,$18.79 
131,IBM,2/1/1995,$72.37 ,$76.25 ,$72.25 ,$75.25 ,7799178,$17.22 
132,IBM,1/3/1995,$73.50 ,$78.00 ,$70.25 ,$72.12 ,10532171,$16.45 
133,IBM,12/1/1994,$70.62 ,$74.62 ,$68.87 ,$73.50 ,8004342,$16.76 
134,IBM,11/1/1994,$74.37 ,$75.25 ,$68.00 ,$70.75 ,9145695,$16.14 
135,IBM,10/3/1994,$69.37 ,$76.37 ,$67.37 ,$74.50 ,10742285,$16.93 
136,IBM,9/1/1994,$66.87 ,$71.37 ,$66.62 ,$69.62 ,9104038,$15.82 
137,IBM,8/1/1994,$61.88 ,$70.12 ,$61.50 ,$68.50 ,10940626,$15.57 
138,IBM,7/1/1994,$59.00 ,$63.13 ,$54.50 ,$61.88 ,11361800,$14.01 
139,IBM,6/1/1994,$63.00 ,$65.00 ,$58.13 ,$58.75 ,8683600,$13.30 
140,IBM,5/2/1994,$57.50 ,$64.12 ,$56.25 ,$63.00 ,9430914,$14.26 
141,IBM,4/4/1994,$53.00 ,$59.50 ,$51.38 ,$57.50 ,11657178,$12.96 
142,IBM,3/1/1994,$52.88 ,$58.88 ,$51.38 ,$54.63 ,11347200,$12.31 
143,IBM,2/1/1994,$56.88 ,$57.38 ,$52.00 ,$52.88 ,8047831,$11.92 
144,IBM,1/3/1994,$56.88 ,$60.00 ,$54.75 ,$56.50 ,10605466,$12.68 
145,IBM,12/1/1993,$54.75 ,$59.88 ,$52.75 ,$56.50 ,9310272,$12.68 
146,IBM,11/1/1993,$46.00 ,$56.13 ,$45.75 ,$53.88 ,13258628,$12.09 
147,IBM,10/1/1993,$42.13 ,$46.63 ,$42.13 ,$46.00 ,9049752,$10.27 
148,IBM,9/1/1993,$45.75 ,$46.38 ,$41.25 ,$42.00 ,7134704,$9.38 
149,IBM,8/2/1993,$44.38 ,$45.88 ,$40.63 ,$45.75 ,6854418,$10.22 
150,IBM,7/1/1993,$49.63 ,$49.75 ,$41.13 ,$44.50 ,10187142,$9.88 
151,IBM,6/1/1993,$53.25 ,$54.38 ,$48.50 ,$49.38 ,6824090,$10.96 
152,IBM,5/3/1993,$49.13 ,$54.00 ,$47.13 ,$52.75 ,8025980,$11.71 
153,IBM,4/1/1993,$51.50 ,$53.13 ,$47.38 ,$48.63 ,8116971,$10.68 
154,IBM,3/1/1993,$54.75 ,$57.13 ,$49.88 ,$50.88 ,9554069,$11.17 
155,IBM,2/1/1993,$52.00 ,$54.88 ,$48.75 ,$54.38 ,10955557,$11.94 
156,IBM,1/4/1993,$51.75 ,$53.25 ,$45.88 ,$51.50 ,16168840,$11.19 
157,IBM,12/1/1992,$68.37 ,$68.87 ,$48.75 ,$50.38 ,18623763,$10.95 
158,IBM,11/2/1992,$67.00 ,$69.87 ,$60.88 ,$68.25 ,10446800,$14.83 
159,IBM,10/1/1992,$81.00 ,$81.12 ,$65.00 ,$66.87 ,12186690,$14.27 
160,IBM,9/1/1992,$86.62 ,$88.75 ,$80.00 ,$80.75 ,6983028,$17.23 
161,IBM,8/3/1992,$94.50 ,$95.25 ,$85.00 ,$86.62 ,5976438,$18.49 
162,IBM,7/1/1992,$97.87 ,$100.37 ,$92.37 ,$94.75 ,6686327,$19.96 
163,IBM,6/1/1992,$90.50 ,$98.62 ,$88.25 ,$97.87 ,6858272,$20.61 
164,IBM,5/1/1992,$91.25 ,$94.37 ,$90.12 ,$90.75 ,5872100,$19.11 
165,IBM,4/1/1992,$83.50 ,$90.75 ,$81.62 ,$90.75 ,7671200,$18.87 
166,IBM,3/2/1992,$86.87 ,$90.25 ,$83.12 ,$83.50 ,6406400,$17.36 
167,IBM,2/3/1992,$90.00 ,$93.25 ,$86.62 ,$86.87 ,6143600,$18.06 
168,IBM,1/2/1992,$89.00 ,$98.12 ,$88.87 ,$90.00 ,7038309,$18.46 
169,IBM,12/2/1991,$91.12 ,$92.37 ,$83.50 ,$89.00 ,9268266,$18.26 
170,IBM,11/1/1991,$98.37 ,$101.37 ,$92.37 ,$92.50 ,6154600,$18.97 
171,IBM,10/1/1991,$103.62 ,$104.75 ,$96.75 ,$98.25 ,5507460,$19.91 
172,IBM,9/3/1991,$97.75 ,$106.37 ,$97.62 ,$103.62 ,6116320,$20.99 
173,IBM,8/1/1991,$101.00 ,$101.75 ,$92.00 ,$96.87 ,6046909,$19.63 
174,IBM,7/1/1991,$97.62 ,$103.00 ,$95.62 ,$101.25 ,5418018,$20.27 
175,IBM,6/3/1991,$106.00 ,$107.37 ,$96.62 ,$97.12 ,7556480,$19.44 
176,IBM,5/1/1991,$102.50 ,$106.50 ,$100.50 ,$106.12 ,6893527,$21.24 
177,IBM,4/1/1991,$113.87 ,$114.75 ,$102.12 ,$103.00 ,8065490,$20.38 
178,IBM,3/1/1991,$128.25 ,$135.00 ,$111.00 ,$113.87 ,9248540,$22.53 
179,IBM,2/1/1991,$126.50 ,$139.75 ,$125.62 ,$128.75 ,8918400,$25.47 
180,IBM,1/2/1991,$112.87 ,$127.12 ,$105.50 ,$126.75 ,8275727,$24.84 
181,IBM,12/3/1990,$114.50 ,$116.00 ,$110.62 ,$113.00 ,5632040,$22.14 
182,IBM,11/1/1990,$105.37 ,$115.12 ,$104.87 ,$113.62 ,7065238,$22.26 
183,IBM,10/1/1990,$107.12 ,$110.37 ,$96.25 ,$105.50 ,7268347,$20.44 
184,IBM,9/4/1990,$101.00 ,$109.25 ,$100.75 ,$106.37 ,6630147,$20.61 
185,IBM,8/1/1990,$111.87 ,$112.37 ,$96.50 ,$101.87 ,7365808,$19.74 
186,IBM,7/2/1990,$117.50 ,$123.12 ,$110.50 ,$111.50 ,5997257,$21.36 
187,IBM,6/1/1990,$120.50 ,$122.25 ,$116.25 ,$117.50 ,5790647,$22.51 
188,IBM,5/1/1990,$109.50 ,$122.12 ,$107.87 ,$120.00 ,7155000,$22.99 
189,IBM,4/2/1990,$105.12 ,$111.25 ,$105.00 ,$109.00 ,5837000,$20.65 
190,IBM,3/1/1990,$103.75 ,$109.37 ,$103.37 ,$106.12 ,6103763,$20.11 
191,IBM,2/1/1990,$98.62 ,$105.50 ,$97.50 ,$103.87 ,7356484,$19.68 
192,IBM,1/2/1990,$94.75 ,$101.62 ,$94.50 ,$98.62 ,7503781,$18.46 
193,IBM,12/1/1989,$97.62 ,$101.87 ,$93.37 ,$94.12 ,6819080,$17.61 
194,IBM,11/1/1989,$100.25 ,$100.75 ,$96.00 ,$97.62 ,6029961,$18.27 
195,IBM,10/2/1989,$109.37 ,$109.75 ,$97.75 ,$100.25 ,8059309,$18.53 
196,IBM,9/1/1989,$116.87 ,$118.75 ,$107.75 ,$109.25 ,6864140,$20.20 
197,IBM,8/1/1989,$115.50 ,$119.37 ,$112.50 ,$117.12 ,6630156,$21.65 
198,IBM,7/3/1989,$112.50 ,$116.75 ,$110.62 ,$115.00 ,5592420,$21.04 
199,IBM,6/1/1989,$109.50 ,$115.12 ,$107.50 ,$111.87 ,6931072,$20.46 
200,IBM,5/1/1989,$113.00 ,$113.75 ,$107.50 ,$109.62 ,6557000,$20.05 
201,IBM,4/3/1989,$109.25 ,$115.75 ,$106.25 ,$114.12 ,5811060,$20.65 
202,IBM,3/1/1989,$122.12 ,$122.37 ,$107.62 ,$109.12 ,7744218,$19.74 
203,IBM,2/1/1989,$129.75 ,$130.88 ,$120.62 ,$121.50 ,6289915,$21.98 
204,IBM,1/3/1989,$121.87 ,$130.88 ,$120.62 ,$130.63 ,6688380,$23.43 
205,IBM,12/1/1988,$118.37 ,$124.12 ,$117.62 ,$121.87 ,4477828,$21.86 
206,IBM,11/1/1988,$122.87 ,$124.37 ,$114.12 ,$118.50 ,5188438,$21.26 
207,IBM,10/3/1988,$115.12 ,$124.87 ,$112.75 ,$122.62 ,5790742,$21.80 
208,IBM,9/1/1988,$111.12 ,$116.50 ,$109.50 ,$115.37 ,5433352,$20.51 
209,IBM,8/1/1988,$126.00 ,$126.87 ,$110.37 ,$111.50 ,5256886,$19.82 
210,IBM,7/1/1988,$127.75 ,$129.50 ,$120.00 ,$125.75 ,6282660,$22.16 
211,IBM,6/1/1988,$113.00 ,$128.38 ,$111.75 ,$127.37 ,7438090,$22.45 
212,IBM,5/2/1988,$113.62 ,$115.12 ,$107.50 ,$112.50 ,4249790,$19.83 
213,IBM,4/4/1988,$107.50 ,$116.50 ,$105.62 ,$113.37 ,6598620,$19.78 
214,IBM,3/1/1988,$117.87 ,$118.62 ,$104.25 ,$107.62 ,6373182,$18.78 
215,IBM,2/1/1988,$112.75 ,$117.87 ,$106.87 ,$117.50 ,7290480,$20.51 
216,IBM,1/4/1988,$117.00 ,$124.00 ,$108.62 ,$112.37 ,8420960,$19.41 
217,IBM,12/1/1987,$112.50 ,$120.37 ,$105.00 ,$115.50 ,6809909,$19.95 
218,IBM,11/2/1987,$121.00 ,$124.87 ,$110.00 ,$110.75 ,7524100,$19.13 
219,IBM,10/1/1987,$151.25 ,$157.25 ,$100.00 ,$122.50 ,12657872,$20.97 
220,IBM,9/1/1987,$168.63 ,$169.38 ,$148.50 ,$150.75 ,9960361,$25.81 
221,IBM,8/3/1987,$159.50 ,$175.88 ,$158.50 ,$168.38 ,9350304,$28.82 
222,IBM,7/1/1987,$162.88 ,$169.88 ,$159.13 ,$161.00 ,6122872,$27.37 
223,IBM,6/1/1987,$161.00 ,$168.63 ,$156.00 ,$162.50 ,6594545,$27.63 
224,IBM,5/1/1987,$160.00 ,$167.63 ,$155.00 ,$160.00 ,7800820,$27.20 
225,IBM,4/1/1987,$149.00 ,$161.50 ,$142.63 ,$160.13 ,11348533,$27.04 
226,IBM,3/2/1987,$139.50 ,$156.63 ,$137.63 ,$150.13 ,7628036,$25.35 
227,IBM,2/2/1987,$128.25 ,$144.25 ,$128.00 ,$139.50 ,7844210,$23.56 
228,IBM,1/2/1987,$121.00 ,$130.88 ,$115.75 ,$128.75 ,9833866,$21.57 
229,IBM,12/1/1986,$126.50 ,$130.13 ,$120.00 ,$120.00 ,6371690,$20.10 
230,IBM,11/3/1986,$124.00 ,$127.87 ,$119.25 ,$127.12 ,5959136,$21.29 
231,IBM,10/1/1986,$134.88 ,$135.50 ,$119.75 ,$123.62 ,7612730,$20.53 
232,IBM,9/2/1986,$138.88 ,$145.50 ,$133.13 ,$134.50 ,8053923,$22.33 
233,IBM,8/1/1986,$132.63 ,$142.00 ,$129.25 ,$138.75 ,5624114,$23.04 
234,Intel,12/1/2005,$26.94 ,$27.49 ,$24.87 ,$24.96 ,54107733,$24.57 
235,Intel,11/1/2005,$23.18 ,$27.15 ,$22.53 ,$26.68 ,56234966,$26.27 
236,Intel,10/3/2005,$24.74 ,$24.96 ,$22.75 ,$23.50 ,58262005,$23.06 
237,Intel,9/1/2005,$25.58 ,$26.12 ,$23.80 ,$24.65 ,53493957,$24.19 
238,Intel,8/1/2005,$27.24 ,$27.66 ,$25.31 ,$25.72 ,45049221,$25.24 
239,Intel,7/1/2005,$26.23 ,$28.84 ,$26.08 ,$27.14 ,55455755,$26.55 
240,Intel,6/1/2005,$26.80 ,$27.75 ,$25.73 ,$26.02 ,55191463,$25.46 
241,Intel,5/2/2005,$23.50 ,$27.40 ,$23.35 ,$26.96 ,64584867,$26.38 
242,Intel,4/1/2005,$23.34 ,$23.90 ,$21.94 ,$23.52 ,67651157,$22.93 
243,Intel,3/1/2005,$24.36 ,$25.47 ,$22.96 ,$23.23 ,63823945,$22.65 
244,Intel,2/1/2005,$22.49 ,$24.63 ,$22.17 ,$23.99 ,78924846,$23.39 
245,Intel,1/3/2005,$23.64 ,$23.79 ,$21.89 ,$22.45 ,82481585,$21.81 
246,Intel,12/1/2004,$22.50 ,$24.50 ,$22.44 ,$23.39 ,69185754,$22.73 
247,Intel,11/1/2004,$22.19 ,$24.99 ,$22.15 ,$22.38 ,72085390,$21.74 
248,Intel,10/1/2004,$20.30 ,$22.61 ,$20.22 ,$22.26 ,75530195,$21.59 
249,Intel,9/1/2004,$21.10 ,$21.72 ,$19.64 ,$20.06 ,77974208,$19.46 
250,Intel,8/2/2004,$24.04 ,$24.99 ,$20.86 ,$21.29 ,61273304,$20.65 
251,Intel,7/1/2004,$27.39 ,$27.48 ,$22.46 ,$24.38 ,84238776,$23.61 
252,Intel,6/1/2004,$28.37 ,$29.01 ,$27.13 ,$27.60 ,51221776,$26.72 
253,Intel,5/3/2004,$26.05 ,$28.98 ,$25.61 ,$28.55 ,62199539,$27.64 
254,Intel,4/1/2004,$27.37 ,$28.56 ,$25.72 ,$25.73 ,68996995,$24.88 
255,Intel,3/1/2004,$29.04 ,$30.14 ,$26.03 ,$27.20 ,76426029,$26.30 
256,Intel,2/2/2004,$30.90 ,$31.43 ,$28.65 ,$29.20 ,60823984,$28.23 
257,Intel,1/2/2004,$32.36 ,$34.60 ,$30.35 ,$30.52 ,59486895,$29.47 
258,Intel,12/1/2003,$33.82 ,$34.40 ,$29.66 ,$32.05 ,50668872,$30.95 
259,Intel,11/3/2003,$33.33 ,$34.51 ,$31.66 ,$33.54 ,48305094,$32.39 
260,Intel,10/1/2003,$27.82 ,$33.28 ,$27.81 ,$32.95 ,54786638,$31.80 
261,Intel,9/2/2003,$28.77 ,$29.38 ,$27.22 ,$27.52 ,58535385,$26.56 
262,Intel,8/1/2003,$24.78 ,$29.04 ,$23.33 ,$28.59 ,56696171,$27.59 
263,Intel,7/1/2003,$20.87 ,$25.50 ,$20.51 ,$24.89 ,68178022,$24.00 
264,Intel,6/2/2003,$21.00 ,$22.92 ,$19.99 ,$20.81 ,67030680,$20.07 
265,Intel,5/1/2003,$18.37 ,$21.01 ,$18.30 ,$20.82 ,64541551,$20.08 
266,Intel,4/1/2003,$16.38 ,$19.56 ,$16.28 ,$18.40 ,61260466,$17.72 
267,Intel,3/3/2003,$17.13 ,$19.01 ,$15.59 ,$16.28 ,64721704,$15.68 
268,Intel,2/3/2003,$15.65 ,$17.29 ,$14.88 ,$17.25 ,54643742,$16.62 
269,Intel,1/2/2003,$16.02 ,$18.01 ,$15.14 ,$15.66 ,64880928,$15.06 
270,Intel,12/2/2002,$21.88 ,$22.09 ,$15.42 ,$15.57 ,58389095,$14.98 
271,Intel,11/1/2002,$17.10 ,$21.30 ,$16.91 ,$20.88 ,63559699,$20.09 
272,Intel,10/1/2002,$14.05 ,$17.51 ,$12.95 ,$17.30 ,85138574,$16.62 
273,Intel,9/3/2002,$16.47 ,$17.04 ,$13.67 ,$13.89 ,66464565,$13.35 
274,Intel,8/1/2002,$18.72 ,$19.67 ,$15.82 ,$16.67 ,55220986,$16.02 
275,Intel,7/1/2002,$18.35 ,$19.88 ,$16.26 ,$18.79 ,70957249,$18.04 
276,Intel,6/3/2002,$27.43 ,$28.20 ,$17.45 ,$18.27 ,69893439,$17.54 
277,Intel,5/1/2002,$28.57 ,$31.36 ,$25.56 ,$27.62 ,46150504,$26.51 
278,Intel,4/1/2002,$30.14 ,$31.45 ,$27.51 ,$28.61 ,46482072,$27.44 
279,Intel,3/1/2002,$29.09 ,$34.25 ,$28.99 ,$30.41 ,47849219,$29.17 
280,Intel,2/1/2002,$34.82 ,$35.07 ,$28.50 ,$28.55 ,53846668,$27.38 
281,Intel,1/2/2002,$31.90 ,$36.78 ,$31.56 ,$35.04 ,55613433,$33.59 
282,Intel,12/3/2001,$32.29 ,$34.85 ,$31.41 ,$31.45 ,43995395,$30.15 
283,Intel,11/1/2001,$24.53 ,$32.99 ,$24.25 ,$32.66 ,55037100,$31.31 
284,Intel,10/1/2001,$20.21 ,$26.50 ,$19.08 ,$24.42 ,56607743,$23.39 
285,Intel,9/4/2001,$27.56 ,$28.09 ,$18.96 ,$20.44 ,75960346,$19.58 
286,Intel,8/1/2001,$30.62 ,$32.23 ,$26.88 ,$27.96 ,43029891,$26.78 
287,Intel,7/2/2001,$29.58 ,$31.00 ,$27.00 ,$29.81 ,48377695,$28.54 
288,Intel,6/1/2001,$27.26 ,$31.93 ,$26.14 ,$29.25 ,50365990,$28.00 
289,Intel,5/1/2001,$30.77 ,$32.50 ,$26.40 ,$27.01 ,45703445,$25.86 
290,Intel,4/2/2001,$26.06 ,$32.57 ,$22.25 ,$30.91 ,63693440,$29.57 
291,Intel,3/1/2001,$28.25 ,$33.69 ,$24.56 ,$26.31 ,66763273,$25.17 
292,Intel,2/1/2001,$37.06 ,$38.23 ,$28.00 ,$28.56 ,50421578,$27.32 
293,Intel,1/2/2001,$30.69 ,$38.59 ,$30.00 ,$37.00 ,61110909,$35.38 
294,Intel,12/1/2000,$38.50 ,$38.50 ,$29.81 ,$30.06 ,58737290,$28.74 
295,Intel,11/1/2000,$44.31 ,$47.88 ,$36.00 ,$38.06 ,51287913,$36.39 
296,Intel,10/2/2000,$42.94 ,$47.00 ,$35.00 ,$45.00 ,67244954,$43.01 
297,Intel,9/1/2000,$75.62 ,$75.69 ,$41.38 ,$41.56 ,77048785,$39.72 
298,Intel,8/1/2000,$67.06 ,$75.83 ,$60.44 ,$74.87 ,31158291,$71.55 
299,Intel,7/3/2000,$134.13 ,$147.50 ,$64.50 ,$66.75 ,42980490,$63.77 
300,Intel,6/1/2000,$126.19 ,$140.25 ,$124.12 ,$133.69 ,40595390,$63.86 
301,Intel,5/1/2000,$127.94 ,$131.00 ,$105.12 ,$124.69 ,54545336,$59.56 
302,Intel,4/3/2000,$131.38 ,$139.06 ,$108.37 ,$126.81 ,65995536,$60.56 
303,Intel,3/1/2000,$112.87 ,$145.38 ,$112.00 ,$131.94 ,51730104,$63.01 
304,Intel,2/1/2000,$98.37 ,$116.50 ,$96.62 ,$113.00 ,50486320,$53.97 
305,Intel,1/3/2000,$83.27 ,$106.62 ,$77.37 ,$98.94 ,73769270,$47.24 
306,Intel,12/1/1999,$76.06 ,$85.50 ,$70.56 ,$82.31 ,38776809,$39.30 
307,Intel,11/1/1999,$77.62 ,$83.87 ,$73.62 ,$76.69 ,42351209,$36.61 
308,Intel,10/1/1999,$74.25 ,$79.81 ,$65.00 ,$77.44 ,61434561,$36.96 
309,Intel,9/1/1999,$83.69 ,$89.50 ,$72.62 ,$74.31 ,52269514,$35.46 
310,Intel,8/2/1999,$69.87 ,$84.50 ,$69.50 ,$82.19 ,51764545,$39.23 
311,Intel,7/1/1999,$59.75 ,$71.75 ,$59.25 ,$69.00 ,50930142,$32.92 
312,Intel,6/1/1999,$53.81 ,$59.88 ,$50.13 ,$59.50 ,43560354,$28.38 
313,Intel,5/3/1999,$61.19 ,$65.00 ,$51.00 ,$54.06 ,40838460,$25.79 
314,Intel,4/1/1999,$119.94 ,$133.50 ,$55.00 ,$61.19 ,53352276,$29.18 
315,Intel,3/1/1999,$118.81 ,$124.37 ,$109.56 ,$118.87 ,75877217,$28.34 
316,Intel,2/1/1999,$140.69 ,$140.69 ,$118.87 ,$119.94 ,84851705,$28.60 
317,Intel,1/4/1999,$119.94 ,$143.69 ,$119.69 ,$140.94 ,76369915,$33.59 
318,Intel,12/1/1998,$105.81 ,$126.19 ,$105.69 ,$118.56 ,56260290,$28.25 
319,Intel,11/2/1998,$89.75 ,$115.87 ,$89.56 ,$107.62 ,67840320,$25.65 
320,Intel,10/1/1998,$84.25 ,$90.81 ,$75.81 ,$89.19 ,73758672,$21.25 
321,Intel,9/1/1998,$70.94 ,$89.00 ,$69.75 ,$85.75 ,72464914,$20.43 
322,Intel,8/3/1998,$83.62 ,$92.62 ,$70.94 ,$71.19 ,88825752,$16.96 
323,Intel,7/1/1998,$74.69 ,$88.25 ,$72.25 ,$84.44 ,74254436,$20.11 
324,Intel,6/1/1998,$69.12 ,$77.62 ,$65.66 ,$74.12 ,67772472,$17.65 
325,Intel,5/1/1998,$80.94 ,$85.44 ,$71.25 ,$71.44 ,58246800,$17.01 
326,Intel,4/1/1998,$77.50 ,$85.06 ,$71.31 ,$80.81 ,76032038,$19.24 
327,Intel,3/2/1998,$89.81 ,$91.37 ,$74.00 ,$78.06 ,79953345,$18.58 
328,Intel,2/2/1998,$82.50 ,$95.62 ,$82.19 ,$89.69 ,74033663,$21.35 
329,Intel,1/2/1998,$70.69 ,$82.87 ,$70.50 ,$81.00 ,70181140,$19.28 
330,Intel,12/1/1997,$78.50 ,$81.75 ,$67.37 ,$70.25 ,66193927,$16.71 
331,Intel,11/3/1997,$78.44 ,$81.75 ,$72.02 ,$77.62 ,67702168,$18.47 
332,Intel,10/1/1997,$92.75 ,$95.62 ,$69.25 ,$77.00 ,90202660,$18.32 
333,Intel,9/2/1997,$93.12 ,$99.25 ,$92.00 ,$92.31 ,52210133,$21.96 
334,Intel,8/1/1997,$92.75 ,$102.00 ,$89.87 ,$92.12 ,69055923,$21.91 
335,Intel,7/1/1997,$142.00 ,$154.56 ,$76.75 ,$91.81 ,89247800,$21.84 
336,Intel,6/2/1997,$154.00 ,$154.63 ,$140.75 ,$141.81 ,103607314,$16.86 
337,Intel,5/1/1997,$153.38 ,$169.75 ,$140.00 ,$151.50 ,135409866,$18.01 
338,Intel,4/1/1997,$137.63 ,$153.50 ,$128.25 ,$153.13 ,117950036,$18.20 
339,Intel,3/3/1997,$141.13 ,$150.25 ,$125.75 ,$139.13 ,114471440,$16.53 
340,Intel,2/3/1997,$163.50 ,$165.00 ,$137.00 ,$141.88 ,121478652,$16.86 
341,Intel,1/2/1997,$131.75 ,$164.00 ,$127.62 ,$162.25 ,105976036,$19.28 
342,Intel,12/2/1996,$126.00 ,$141.50 ,$123.37 ,$130.94 ,88495771,$15.56 
343,Intel,11/1/1996,$109.87 ,$127.25 ,$108.00 ,$126.87 ,84585080,$15.07 
344,Intel,10/1/1996,$94.62 ,$114.25 ,$94.25 ,$109.87 ,80424765,$13.05 
345,Intel,9/3/1996,$79.12 ,$99.50 ,$78.50 ,$95.44 ,66584000,$11.33 
346,Intel,8/1/1996,$75.37 ,$83.25 ,$74.87 ,$79.81 ,57526690,$9.48 
347,Intel,7/1/1996,$73.75 ,$75.89 ,$64.12 ,$75.12 ,92232400,$8.92 
348,Intel,6/3/1996,$75.12 ,$77.75 ,$70.25 ,$73.44 ,57243600,$8.71 
349,Intel,5/1/1996,$67.37 ,$75.62 ,$66.50 ,$75.50 ,64441600,$8.96 
350,Intel,4/1/1996,$57.13 ,$70.37 ,$56.38 ,$67.75 ,80938895,$8.04 
351,Intel,3/1/1996,$57.63 ,$60.25 ,$51.50 ,$56.88 ,67761066,$6.75 
352,Intel,2/1/1996,$55.00 ,$61.63 ,$54.86 ,$58.81 ,60467920,$6.97 
353,Intel,1/2/1996,$57.38 ,$59.38 ,$49.81 ,$55.23 ,112054909,$6.55 
354,Intel,12/1/1995,$61.38 ,$64.00 ,$55.19 ,$56.75 ,64917040,$6.73 
355,Intel,11/1/1995,$70.75 ,$73.14 ,$59.88 ,$60.88 ,81136533,$7.21 
356,Intel,10/2/1995,$60.61 ,$71.37 ,$57.75 ,$69.87 ,82715418,$8.28 
357,Intel,9/1/1995,$61.25 ,$66.62 ,$57.25 ,$60.13 ,76068400,$7.12 
358,Intel,8/1/1995,$65.00 ,$67.25 ,$57.13 ,$61.38 ,87998226,$7.27 
359,Intel,7/3/1995,$63.38 ,$78.37 ,$62.50 ,$65.00 ,114913240,$7.70 
360,Intel,6/1/1995,$112.50 ,$117.62 ,$58.38 ,$63.31 ,92298400,$7.49 
361,Intel,5/1/1995,$103.50 ,$119.00 ,$102.87 ,$112.25 ,131184218,$6.64 
362,Intel,4/3/1995,$84.75 ,$104.12 ,$84.50 ,$102.37 ,115518315,$6.06 
363,Intel,3/1/1995,$79.75 ,$90.00 ,$78.37 ,$84.87 ,91427826,$5.02 
364,Intel,2/1/1995,$69.37 ,$80.75 ,$69.12 ,$79.75 ,84607242,$4.72 
365,Intel,1/3/1995,$63.63 ,$71.75 ,$63.00 ,$69.37 ,98914819,$4.10 
366,Intel,12/1/1994,$62.00 ,$65.75 ,$57.50 ,$63.88 ,102595885,$3.78 
367,Intel,11/1/1994,$61.88 ,$67.27 ,$59.75 ,$63.13 ,87542095,$3.73 
368,Intel,10/3/1994,$61.75 ,$63.00 ,$57.38 ,$62.13 ,82570133,$3.67 
369,Intel,9/1/1994,$64.75 ,$68.25 ,$60.00 ,$61.50 ,64968380,$3.63 
370,Intel,8/1/1994,$59.00 ,$67.50 ,$56.63 ,$65.75 ,71104347,$3.88 
371,Intel,7/1/1994,$58.88 ,$63.00 ,$56.13 ,$59.25 ,68221120,$3.50 
372,Intel,6/1/1994,$62.50 ,$65.00 ,$57.25 ,$58.50 ,55543636,$3.45 
373,Intel,5/2/1994,$60.75 ,$62.75 ,$56.50 ,$62.50 ,62761980,$3.69 
374,Intel,4/4/1994,$65.50 ,$71.00 ,$56.00 ,$61.00 ,103743578,$3.60 
375,Intel,3/1/1994,$68.87 ,$73.50 ,$65.00 ,$67.50 ,75196660,$3.98 
376,Intel,2/1/1994,$65.00 ,$69.25 ,$60.50 ,$68.75 ,75217684,$4.05 
377,Intel,1/3/1994,$62.25 ,$69.25 ,$60.75 ,$65.25 ,96639085,$3.85 
378,Intel,12/1/1993,$61.75 ,$64.75 ,$56.25 ,$62.00 ,69052436,$3.65 
379,Intel,11/1/1993,$63.25 ,$64.50 ,$56.25 ,$61.50 ,77418133,$3.62 
380,Intel,10/1/1993,$71.50 ,$73.87 ,$61.50 ,$63.25 ,98148876,$3.72 
381,Intel,9/1/1993,$63.75 ,$74.25 ,$60.25 ,$70.75 ,64329371,$4.16 
382,Intel,8/2/1993,$52.25 ,$67.25 ,$52.25 ,$64.25 ,69301236,$3.78 
383,Intel,7/1/1993,$55.00 ,$57.00 ,$49.25 ,$52.25 ,60581866,$3.07 
384,Intel,6/1/1993,$111.00 ,$116.00 ,$52.88 ,$55.00 ,67017527,$3.23 
385,Intel,5/3/1993,$95.75 ,$113.50 ,$95.25 ,$110.87 ,87835520,$3.26 
386,Intel,4/1/1993,$114.87 ,$121.00 ,$85.50 ,$95.12 ,184804114,$2.80 
387,Intel,3/1/1993,$116.75 ,$121.25 ,$111.25 ,$115.00 ,90586573,$3.38 
388,Intel,2/1/1993,$107.00 ,$120.00 ,$104.25 ,$116.50 ,133320084,$3.42 
389,Intel,1/4/1993,$87.00 ,$118.00 ,$86.25 ,$106.75 ,154537440,$3.13 
390,Intel,12/1/1992,$71.75 ,$91.50 ,$71.00 ,$87.00 ,89086254,$2.55 
391,Intel,11/2/1992,$67.00 ,$72.25 ,$66.50 ,$71.50 ,55710080,$2.10 
392,Intel,10/1/1992,$65.50 ,$69.12 ,$60.75 ,$67.50 ,74762618,$1.98 
393,Intel,9/1/1992,$57.75 ,$67.00 ,$57.75 ,$65.75 ,59139200,$1.93 
394,Intel,8/3/1992,$60.25 ,$61.25 ,$54.25 ,$58.00 ,39292038,$1.70 
395,Intel,7/1/1992,$57.00 ,$60.25 ,$54.75 ,$59.75 ,54961018,$1.75 
396,Intel,6/1/1992,$50.00 ,$57.75 ,$47.75 ,$57.00 ,65252509,$1.67 
397,Intel,5/1/1992,$53.50 ,$54.75 ,$46.50 ,$50.00 ,62752960,$1.46 
398,Intel,4/1/1992,$55.25 ,$59.25 ,$49.00 ,$53.50 ,86527695,$1.57 
399,Intel,3/2/1992,$63.50 ,$67.50 ,$51.50 ,$55.25 ,82212218,$1.62 
400,Intel,2/3/1992,$60.00 ,$68.75 ,$59.00 ,$63.50 ,73250863,$1.86 
401,Intel,1/2/1992,$48.63 ,$63.00 ,$47.25 ,$59.88 ,111042327,$1.75 
402,Intel,12/2/1991,$40.75 ,$49.25 ,$40.25 ,$49.00 ,52446628,$1.44 
403,Intel,11/1/1991,$41.50 ,$44.25 ,$39.75 ,$41.00 ,55512960,$1.20 
404,Intel,10/1/1991,$42.50 ,$45.50 ,$38.50 ,$40.63 ,66745182,$1.19 
405,Intel,9/3/1991,$49.25 ,$50.00 ,$40.00 ,$42.25 ,84670240,$1.24 
406,Intel,8/1/1991,$47.50 ,$52.75 ,$44.00 ,$49.50 ,61719854,$1.45 
407,Intel,7/1/1991,$46.75 ,$47.75 ,$41.00 ,$47.00 ,75198545,$1.38 
408,Intel,6/3/1991,$55.75 ,$59.25 ,$43.50 ,$46.50 ,104460000,$1.36 
409,Intel,5/1/1991,$48.50 ,$55.75 ,$46.75 ,$55.75 ,77445381,$1.63 
410,Intel,4/1/1991,$46.75 ,$55.25 ,$46.25 ,$49.25 ,70112727,$1.44 
411,Intel,3/1/1991,$47.50 ,$52.75 ,$43.25 ,$46.75 ,82986560,$1.37 
412,Intel,2/1/1991,$45.75 ,$51.00 ,$45.50 ,$47.75 ,67873178,$1.40 
413,Intel,1/2/1991,$38.00 ,$45.75 ,$37.75 ,$45.75 ,82109527,$1.34 
414,Intel,12/3/1990,$37.75 ,$40.25 ,$34.75 ,$38.50 ,44659040,$1.13 
415,Intel,11/1/1990,$33.00 ,$38.50 ,$32.50 ,$37.50 ,45718552,$1.10 
416,Intel,10/1/1990,$33.00 ,$36.13 ,$28.00 ,$33.50 ,60912695,$0.98 
417,Intel,9/4/1990,$33.00 ,$34.50 ,$29.75 ,$33.25 ,60468884,$0.97 
418,Intel,8/1/1990,$44.50 ,$44.50 ,$30.50 ,$33.38 ,89073947,$0.98 
419,Intel,7/2/1990,$47.00 ,$52.00 ,$39.25 ,$44.50 ,69095161,$1.30 
420,Intel,6/1/1990,$48.25 ,$48.75 ,$45.00 ,$47.00 ,45098971,$1.38 
421,Intel,5/1/1990,$39.50 ,$49.25 ,$39.50 ,$48.25 ,74803927,$1.41 
422,Intel,4/2/1990,$41.25 ,$44.00 ,$38.75 ,$39.50 ,56005120,$1.16 
423,Intel,3/1/1990,$40.00 ,$43.75 ,$38.75 ,$41.75 ,63603345,$1.22 
424,Intel,2/1/1990,$39.50 ,$41.50 ,$38.00 ,$40.25 ,49832926,$1.18 
425,Intel,1/2/1990,$34.50 ,$39.75 ,$34.00 ,$39.50 ,78160872,$1.16 
426,Intel,12/1/1989,$34.75 ,$36.00 ,$30.00 ,$34.50 ,43915840,$1.01 
427,Intel,11/1/1989,$33.50 ,$35.00 ,$29.50 ,$34.75 ,41967085,$1.02 
428,Intel,10/2/1989,$32.25 ,$35.00 ,$30.00 ,$33.75 ,60339345,$0.99 
429,Intel,9/1/1989,$29.75 ,$32.50 ,$29.37 ,$32.25 ,44429760,$0.94 
430,Intel,8/1/1989,$30.50 ,$33.25 ,$28.25 ,$30.00 ,58179060,$0.88 
431,Intel,7/3/1989,$29.00 ,$31.50 ,$27.50 ,$30.50 ,44076000,$0.89 
432,Intel,6/1/1989,$32.50 ,$33.75 ,$28.00 ,$29.00 ,51896727,$0.85 
433,Intel,5/1/1989,$28.75 ,$33.00 ,$28.25 ,$32.50 ,43851054,$0.95 
434,Intel,4/3/1989,$26.25 ,$30.50 ,$24.62 ,$29.00 ,58084480,$0.85 
435,Intel,3/1/1989,$25.75 ,$27.25 ,$23.25 ,$26.25 ,41722472,$0.77 
436,Intel,2/1/1989,$26.25 ,$27.87 ,$24.37 ,$25.75 ,54539957,$0.75 
437,Intel,1/3/1989,$23.75 ,$26.00 ,$22.87 ,$26.00 ,65101257,$0.76 
438,Intel,12/1/1988,$20.25 ,$24.00 ,$19.75 ,$23.75 ,52610590,$0.70 
439,Intel,11/1/1988,$25.00 ,$25.50 ,$19.25 ,$20.00 ,82892190,$0.59 
440,Intel,10/3/1988,$27.00 ,$28.25 ,$23.75 ,$24.75 ,77671771,$0.72 
441,Intel,9/1/1988,$27.75 ,$29.62 ,$25.50 ,$27.50 ,63751161,$0.81 
442,Intel,8/1/1988,$34.00 ,$35.50 ,$27.75 ,$28.00 ,54650852,$0.82 
443,Intel,7/1/1988,$36.25 ,$36.50 ,$33.00 ,$34.75 ,47988960,$1.02 
444,Intel,6/1/1988,$30.75 ,$37.25 ,$30.50 ,$36.13 ,61928290,$1.06 
445,Intel,5/2/1988,$31.25 ,$33.25 ,$29.00 ,$30.75 ,36860038,$0.90 
446,Intel,4/4/1988,$29.25 ,$33.50 ,$29.25 ,$31.00 ,49472960,$0.91 
447,Intel,3/1/1988,$28.25 ,$32.75 ,$27.50 ,$29.37 ,68445495,$0.86 
448,Intel,2/1/1988,$25.50 ,$29.25 ,$23.00 ,$28.25 ,55600000,$0.83 
449,Intel,1/4/1988,$27.00 ,$29.25 ,$21.62 ,$25.50 ,67597120,$0.75 
450,Intel,12/1/1987,$22.00 ,$28.00 ,$20.75 ,$26.50 ,62933672,$0.78 
451,Intel,11/2/1987,$26.00 ,$28.50 ,$20.25 ,$21.50 ,69968320,$0.63 
452,Intel,10/1/1987,$58.25 ,$62.75 ,$21.75 ,$26.00 ,126247272,$0.76 
453,Intel,9/1/1987,$53.00 ,$58.88 ,$51.50 ,$57.75 ,66200228,$1.13 
454,Intel,8/3/1987,$47.00 ,$56.25 ,$44.75 ,$52.75 ,60770133,$1.03 
455,Intel,7/1/1987,$43.75 ,$50.50 ,$42.75 ,$47.75 ,49518109,$0.93 
456,Intel,6/1/1987,$44.00 ,$45.13 ,$39.50 ,$44.00 ,57158836,$0.86 
457,Intel,5/1/1987,$46.75 ,$47.50 ,$39.50 ,$43.88 ,47759200,$0.86 
458,Intel,4/1/1987,$38.50 ,$48.00 ,$38.25 ,$47.00 ,81696457,$0.92 
459,Intel,3/2/1987,$37.75 ,$42.00 ,$34.25 ,$39.25 ,66924654,$0.77 
460,Intel,2/2/1987,$31.50 ,$38.50 ,$31.00 ,$38.00 ,94091621,$0.74 
461,Intel,1/2/1987,$20.75 ,$31.25 ,$20.75 ,$31.25 ,92997638,$0.61 
462,Intel,12/1/1986,$22.50 ,$23.75 ,$20.75 ,$21.00 ,31265745,$0.41 
463,Intel,11/3/1986,$20.12 ,$23.00 ,$19.50 ,$23.00 ,24291705,$0.45 
464,Intel,10/1/1986,$19.75 ,$21.50 ,$18.00 ,$20.25 ,32583930,$0.40 
465,Intel,9/2/1986,$23.00 ,$23.25 ,$18.75 ,$19.50 ,33248304,$0.38 
466,Intel,8/1/1986,$18.75 ,$24.25 ,$16.37 ,$23.00 ,30944609,$0.45 
467,Microsoft,12/1/2005,$27.73 ,$28.10 ,$26.10 ,$26.15 ,62892384,$25.96 
468,Microsoft,11/1/2005,$25.61 ,$28.25 ,$25.61 ,$27.68 ,71469194,$27.48 
469,Microsoft,10/3/2005,$25.71 ,$25.80 ,$24.25 ,$25.70 ,72132475,$25.44 
470,Microsoft,9/1/2005,$27.38 ,$27.39 ,$25.12 ,$25.73 ,66976476,$25.47 
471,Microsoft,8/1/2005,$25.81 ,$27.94 ,$25.76 ,$27.38 ,65529978,$27.10 
472,Microsoft,7/1/2005,$24.85 ,$26.48 ,$24.50 ,$25.61 ,69046604,$25.28 
473,Microsoft,6/1/2005,$25.73 ,$26.00 ,$24.82 ,$24.84 ,62956713,$24.52 
474,Microsoft,5/2/2005,$25.23 ,$26.09 ,$24.64 ,$25.80 ,62699752,$25.46 
475,Microsoft,4/1/2005,$24.24 ,$25.45 ,$23.94 ,$25.30 ,77090234,$24.89 
476,Microsoft,3/1/2005,$25.19 ,$25.79 ,$23.82 ,$24.17 ,72899708,$23.78 
477,Microsoft,2/1/2005,$26.25 ,$26.50 ,$25.13 ,$25.16 ,75992316,$24.75 
478,Microsoft,1/3/2005,$26.80 ,$27.10 ,$25.64 ,$26.28 ,79642818,$25.77 
479,Microsoft,12/1/2004,$26.95 ,$27.44 ,$26.68 ,$26.72 ,84488054,$26.21 
480,Microsoft,11/1/2004,$28.16 ,$30.20 ,$26.10 ,$26.81 ,86446079,$26.29 
481,Microsoft,10/1/2004,$27.82 ,$28.89 ,$27.55 ,$27.97 ,65742918,$24.61 
482,Microsoft,9/1/2004,$27.23 ,$27.79 ,$26.74 ,$27.65 ,57725252,$24.33 
483,Microsoft,8/2/2004,$28.27 ,$28.55 ,$26.85 ,$27.30 ,52104636,$24.02 
484,Microsoft,7/1/2004,$28.70 ,$29.89 ,$27.25 ,$28.49 ,76666657,$25.00 
485,Microsoft,6/1/2004,$26.13 ,$28.80 ,$25.86 ,$28.56 ,77068290,$25.06 
486,Microsoft,5/3/2004,$26.19 ,$26.60 ,$25.42 ,$26.23 ,58942495,$23.01 
487,Microsoft,4/1/2004,$24.95 ,$27.72 ,$24.85 ,$26.13 ,77386665,$22.93 
488,Microsoft,3/1/2004,$26.63 ,$26.72 ,$24.01 ,$24.93 ,77111922,$21.87 
489,Microsoft,2/2/2004,$27.61 ,$27.80 ,$26.35 ,$26.53 ,57385900,$23.28 
490,Microsoft,1/2/2004,$27.58 ,$28.83 ,$27.26 ,$27.65 ,63635885,$24.26 
491,Microsoft,12/1/2003,$25.90 ,$27.55 ,$25.50 ,$27.37 ,69030008,$24.01 
492,Microsoft,11/3/2003,$26.35 ,$26.75 ,$24.84 ,$25.71 ,77670488,$22.56 
493,Microsoft,10/1/2003,$28.03 ,$29.46 ,$25.91 ,$26.14 ,63898095,$22.94 
494,Microsoft,9/2/2003,$26.70 ,$30.00 ,$26.47 ,$27.80 ,62697275,$24.26 
495,Microsoft,8/1/2003,$26.33 ,$26.95 ,$25.43 ,$26.52 ,47667137,$23.14 
496,Microsoft,7/1/2003,$25.59 ,$27.81 ,$25.39 ,$26.41 ,61659808,$23.04 
497,Microsoft,6/2/2003,$24.98 ,$26.51 ,$23.60 ,$25.64 ,77050900,$22.37 
498,Microsoft,5/1/2003,$25.54 ,$26.50 ,$23.89 ,$24.61 ,66480971,$21.47 
499,Microsoft,4/1/2003,$24.46 ,$26.43 ,$23.95 ,$25.57 ,62151643,$22.31 
500,Microsoft,3/3/2003,$24.02 ,$26.80 ,$22.55 ,$24.21 ,68727932,$21.12 
501,Microsoft,2/3/2003,$47.93 ,$49.10 ,$23.30 ,$23.70 ,73871379,$20.68 
502,Microsoft,1/2/2003,$52.30 ,$57.32 ,$47.03 ,$47.46 ,86929552,$20.64 
503,Microsoft,12/2/2002,$58.65 ,$58.96 ,$51.26 ,$51.70 ,63170428,$22.48 
504,Microsoft,11/1/2002,$52.43 ,$58.64 ,$51.90 ,$57.68 ,79219509,$25.08 
505,Microsoft,10/1/2002,$44.32 ,$54.07 ,$43.19 ,$53.47 ,112232365,$23.25 
506,Microsoft,9/3/2002,$48.52 ,$51.10 ,$43.11 ,$43.74 ,90564140,$19.02 
507,Microsoft,8/1/2002,$47.58 ,$53.45 ,$43.80 ,$49.08 ,80631618,$21.34 
508,Microsoft,7/1/2002,$54.12 ,$54.93 ,$41.41 ,$47.98 ,114821072,$20.86 
509,Microsoft,6/3/2002,$50.99 ,$56.44 ,$49.17 ,$54.70 ,96181429,$23.79 
510,Microsoft,5/1/2002,$52.16 ,$56.44 ,$48.35 ,$50.91 ,67578827,$22.14 
511,Microsoft,4/1/2002,$59.83 ,$60.40 ,$51.44 ,$52.26 ,67948336,$22.73 
512,Microsoft,3/1/2002,$59.05 ,$65.00 ,$58.31 ,$60.31 ,55857270,$26.23 
513,Microsoft,2/1/2002,$64.15 ,$64.50 ,$57.15 ,$58.34 ,63117221,$25.37 
514,Microsoft,1/2/2002,$66.65 ,$70.62 ,$61.33 ,$63.71 ,68080095,$27.70 
515,Microsoft,12/3/2001,$63.83 ,$69.89 ,$63.80 ,$66.25 ,51004760,$28.81 
516,Microsoft,11/1/2001,$60.08 ,$68.34 ,$59.60 ,$64.21 ,65676323,$27.92 
517,Microsoft,10/1/2001,$50.94 ,$63.63 ,$50.41 ,$58.15 ,78938739,$25.29 
518,Microsoft,9/4/2001,$57.19 ,$59.08 ,$47.50 ,$51.17 ,108497707,$22.25 
519,Microsoft,8/1/2001,$66.80 ,$67.54 ,$56.30 ,$57.05 ,52686834,$24.81 
520,Microsoft,7/2/2001,$72.05 ,$73.15 ,$64.20 ,$66.19 ,72106314,$28.78 
521,Microsoft,6/1/2001,$69.60 ,$76.15 ,$66.01 ,$73.00 ,73498171,$31.74 
522,Microsoft,5/1/2001,$67.66 ,$72.15 ,$67.25 ,$69.18 ,83999472,$30.08 
523,Microsoft,4/2/2001,$54.81 ,$71.10 ,$51.06 ,$67.75 ,107508760,$29.46 
524,Microsoft,3/1/2001,$58.56 ,$61.13 ,$49.75 ,$54.69 ,90297790,$23.78 
525,Microsoft,2/1/2001,$60.81 ,$65.06 ,$53.88 ,$59.00 ,85342315,$25.66 
526,Microsoft,1/2/2001,$44.13 ,$64.75 ,$42.88 ,$61.06 ,99401428,$26.55 
527,Microsoft,12/1/2000,$58.06 ,$60.63 ,$40.31 ,$43.38 ,107832289,$18.86 
528,Microsoft,11/1/2000,$68.50 ,$72.37 ,$57.00 ,$57.38 ,103841114,$24.95 
529,Microsoft,10/2/2000,$60.50 ,$70.12 ,$48.44 ,$68.87 ,116994982,$29.95 
530,Microsoft,9/1/2000,$70.00 ,$72.06 ,$58.63 ,$60.31 ,74979370,$26.23 
531,Microsoft,8/1/2000,$69.94 ,$74.87 ,$68.12 ,$69.81 ,56172834,$30.36 
532,Microsoft,7/3/2000,$79.69 ,$82.87 ,$67.25 ,$69.81 ,65223480,$30.36 
533,Microsoft,6/1/2000,$64.37 ,$82.19 ,$63.81 ,$80.00 ,69063936,$34.79 
534,Microsoft,5/1/2000,$72.87 ,$74.00 ,$60.38 ,$62.56 ,63609045,$27.20 
535,Microsoft,4/3/2000,$94.44 ,$96.50 ,$65.00 ,$69.75 ,122959432,$30.33 
536,Microsoft,3/1/2000,$89.62 ,$115.00 ,$88.94 ,$106.25 ,90976912,$46.20 
537,Microsoft,2/1/2000,$98.50 ,$110.00 ,$88.12 ,$89.37 ,69646250,$38.86 
538,Microsoft,1/3/2000,$117.37 ,$118.62 ,$94.87 ,$97.87 ,67403470,$42.56 
539,Microsoft,12/1/1999,$91.06 ,$119.94 ,$90.87 ,$116.75 ,57886154,$50.77 
540,Microsoft,11/1/1999,$93.25 ,$94.50 ,$84.37 ,$91.05 ,72828647,$39.59 
541,Microsoft,10/1/1999,$90.19 ,$95.25 ,$85.06 ,$92.56 ,54369380,$40.25 
542,Microsoft,9/1/1999,$92.31 ,$97.87 ,$88.81 ,$90.56 ,48796619,$39.38 
543,Microsoft,8/2/1999,$85.69 ,$96.37 ,$81.62 ,$92.56 ,63403500,$40.25 
544,Microsoft,7/1/1999,$89.87 ,$100.75 ,$85.50 ,$85.81 ,56944219,$37.31 
545,Microsoft,6/1/1999,$80.62 ,$90.25 ,$76.12 ,$90.19 ,42956490,$39.22 
546,Microsoft,5/3/1999,$81.44 ,$81.81 ,$75.50 ,$80.69 ,58290250,$35.09 
547,Microsoft,4/1/1999,$91.25 ,$95.62 ,$79.87 ,$81.31 ,58198000,$35.36 
548,Microsoft,3/1/1999,$149.56 ,$180.38 ,$87.87 ,$89.62 ,70789678,$38.97 
549,Microsoft,2/1/1999,$175.44 ,$175.94 ,$143.98 ,$150.13 ,87282968,$32.64 
550,Microsoft,1/4/1999,$139.61 ,$175.13 ,$136.00 ,$175.00 ,81688968,$38.05 
551,Microsoft,12/1/1998,$120.25 ,$144.00 ,$120.12 ,$138.69 ,51152563,$30.15 
552,Microsoft,11/2/1998,$106.37 ,$130.27 ,$104.75 ,$122.00 ,61680340,$26.53 
553,Microsoft,10/1/1998,$108.06 ,$110.12 ,$87.75 ,$105.87 ,77380545,$23.02 
554,Microsoft,9/1/1998,$95.25 ,$114.62 ,$94.50 ,$110.06 ,58628571,$23.93 
555,Microsoft,8/3/1998,$109.12 ,$113.75 ,$95.75 ,$95.94 ,70606190,$20.86 
556,Microsoft,7/1/1998,$109.12 ,$119.62 ,$105.37 ,$109.94 ,58318327,$23.90 
557,Microsoft,6/1/1998,$83.87 ,$108.56 ,$83.12 ,$108.37 ,59552836,$23.56 
558,Microsoft,5/1/1998,$90.19 ,$91.00 ,$81.87 ,$84.81 ,56473680,$18.44 
559,Microsoft,4/1/1998,$89.81 ,$99.12 ,$86.62 ,$90.12 ,51116704,$19.59 
560,Microsoft,3/2/1998,$85.87 ,$90.94 ,$79.25 ,$89.50 ,51732036,$19.46 
561,Microsoft,2/2/1998,$151.75 ,$160.06 ,$79.37 ,$84.75 ,76292147,$18.43 
562,Microsoft,1/2/1998,$129.63 ,$150.13 ,$124.37 ,$149.19 ,76808960,$16.22 
563,Microsoft,12/1/1997,$141.94 ,$146.63 ,$118.00 ,$129.25 ,67425963,$14.05 
564,Microsoft,11/3/1997,$131.63 ,$142.25 ,$129.00 ,$141.50 ,49124378,$15.38 
565,Microsoft,10/1/1997,$132.50 ,$139.63 ,$123.50 ,$130.00 ,68703895,$14.13 
566,Microsoft,9/2/1997,$133.13 ,$140.25 ,$130.63 ,$132.31 ,57024190,$14.38 
567,Microsoft,8/1/1997,$141.38 ,$144.63 ,$131.00 ,$132.19 ,57472761,$14.37 
568,Microsoft,7/1/1997,$126.44 ,$150.75 ,$123.25 ,$141.38 ,78917563,$15.37 
569,Microsoft,6/2/1997,$125.00 ,$134.94 ,$118.25 ,$126.37 ,48022666,$13.74 
570,Microsoft,5/1/1997,$122.00 ,$129.06 ,$114.87 ,$124.00 ,65770133,$13.48 
571,Microsoft,4/1/1997,$90.12 ,$122.62 ,$89.75 ,$121.50 ,90802545,$13.21 
572,Microsoft,3/3/1997,$97.00 ,$101.00 ,$87.62 ,$91.69 ,78573200,$9.97 
573,Microsoft,2/3/1997,$102.62 ,$103.50 ,$94.00 ,$97.50 ,72398147,$10.60 
574,Microsoft,1/2/1997,$83.12 ,$103.25 ,$80.75 ,$102.00 ,75104436,$11.09 
575,Microsoft,12/2/1996,$157.50 ,$159.50 ,$76.37 ,$82.62 ,71113828,$8.98 
576,Microsoft,11/1/1996,$137.25 ,$158.00 ,$136.50 ,$156.88 ,81906000,$8.53 
577,Microsoft,10/1/1996,$131.75 ,$139.13 ,$130.88 ,$137.25 ,59898434,$7.46 
578,Microsoft,9/3/1996,$122.00 ,$138.63 ,$120.62 ,$131.88 ,69450480,$7.17 
579,Microsoft,8/1/1996,$117.87 ,$126.12 ,$117.37 ,$122.50 ,53270545,$6.66 
580,Microsoft,7/1/1996,$120.25 ,$122.87 ,$107.50 ,$117.87 ,101509890,$6.41 
581,Microsoft,6/3/1996,$118.75 ,$125.87 ,$116.25 ,$120.12 ,66605120,$6.53 
582,Microsoft,5/1/1996,$112.87 ,$120.00 ,$109.62 ,$118.75 ,56708509,$6.45 
583,Microsoft,4/1/1996,$103.14 ,$113.87 ,$99.62 ,$113.25 ,65463085,$6.16 
584,Microsoft,3/1/1996,$98.37 ,$107.06 ,$94.62 ,$103.12 ,83450438,$5.61 
585,Microsoft,2/1/1996,$92.25 ,$103.62 ,$92.00 ,$98.69 ,84932640,$5.36 
586,Microsoft,1/2/1996,$87.87 ,$93.25 ,$79.87 ,$92.50 ,96608654,$5.03 
587,Microsoft,12/1/1995,$87.12 ,$94.75 ,$85.12 ,$87.75 ,85297840,$4.77 
588,Microsoft,11/1/1995,$100.12 ,$101.00 ,$84.25 ,$87.12 ,93544380,$4.74 
589,Microsoft,10/2/1995,$90.50 ,$103.37 ,$80.37 ,$100.00 ,105458836,$5.44 
590,Microsoft,9/1/1995,$91.75 ,$97.87 ,$83.37 ,$90.50 ,85874400,$4.92 
591,Microsoft,8/1/1995,$90.75 ,$100.75 ,$87.00 ,$92.50 ,94326539,$5.03 
592,Microsoft,7/3/1995,$90.87 ,$109.25 ,$88.50 ,$90.50 ,121614720,$4.92 
593,Microsoft,6/1/1995,$85.00 ,$92.37 ,$81.75 ,$90.37 ,60169600,$4.91 
594,Microsoft,5/1/1995,$81.87 ,$89.50 ,$78.87 ,$84.69 ,66036218,$4.60 
595,Microsoft,4/3/1995,$71.00 ,$82.12 ,$68.75 ,$81.75 ,73246063,$4.44 
596,Microsoft,3/1/1995,$63.13 ,$74.12 ,$62.75 ,$71.12 ,64295860,$3.87 
597,Microsoft,2/1/1995,$59.38 ,$63.25 ,$58.38 ,$63.00 ,55326400,$3.42 
598,Microsoft,1/3/1995,$61.50 ,$65.25 ,$58.25 ,$59.38 ,55788342,$3.23 
599,Microsoft,12/1/1994,$62.63 ,$64.25 ,$58.75 ,$61.13 ,51430476,$3.32 
600,Microsoft,11/1/1994,$62.75 ,$65.12 ,$60.75 ,$62.88 ,50724800,$3.42 
601,Microsoft,10/3/1994,$56.13 ,$63.75 ,$53.88 ,$63.00 ,60337523,$3.42 
602,Microsoft,9/1/1994,$57.00 ,$58.25 ,$54.88 ,$56.13 ,47593219,$3.05 
603,Microsoft,8/1/1994,$51.63 ,$59.25 ,$51.50 ,$58.13 ,58781147,$3.16 
604,Microsoft,7/1/1994,$51.63 ,$51.75 ,$46.88 ,$51.50 ,79751520,$2.80 
605,Microsoft,6/1/1994,$53.50 ,$54.63 ,$49.25 ,$51.63 ,112728290,$2.81 
606,Microsoft,5/2/1994,$92.75 ,$99.25 ,$48.50 ,$53.75 ,81232990,$2.92 
607,Microsoft,4/4/1994,$82.50 ,$95.25 ,$82.00 ,$92.50 ,101490694,$2.51 
608,Microsoft,3/1/1994,$83.00 ,$89.25 ,$79.75 ,$84.75 ,63035130,$2.30 
609,Microsoft,2/1/1994,$85.00 ,$85.75 ,$78.00 ,$82.50 ,74958652,$2.24 
610,Microsoft,1/3/1994,$80.50 ,$87.00 ,$79.25 ,$85.12 ,61724647,$2.31 
611,Microsoft,12/1/1993,$80.50 ,$86.50 ,$79.25 ,$80.62 ,43535418,$2.19 
612,Microsoft,11/1/1993,$80.25 ,$83.00 ,$76.00 ,$80.00 ,48127085,$2.17 
613,Microsoft,10/1/1993,$82.50 ,$85.75 ,$78.00 ,$80.12 ,67171200,$2.18 
614,Microsoft,9/1/1993,$75.25 ,$84.25 ,$73.25 ,$82.50 ,57183847,$2.24 
615,Microsoft,8/2/1993,$74.75 ,$79.25 ,$70.37 ,$75.12 ,89295563,$2.04 
616,Microsoft,7/1/1993,$88.25 ,$88.50 ,$72.00 ,$74.00 ,106730971,$2.01 
617,Microsoft,6/1/1993,$93.00 ,$98.00 ,$86.75 ,$88.00 ,57846981,$2.39 
618,Microsoft,5/3/1993,$85.50 ,$95.50 ,$84.50 ,$92.62 ,66979200,$2.52 
619,Microsoft,4/1/1993,$92.50 ,$94.75 ,$79.75 ,$85.50 ,64069485,$2.32 
620,Microsoft,3/1/1993,$83.75 ,$94.25 ,$81.25 ,$92.50 ,59896486,$2.51 
621,Microsoft,2/1/1993,$86.25 ,$90.25 ,$76.75 ,$83.37 ,83061894,$2.27 
622,Microsoft,1/4/1993,$85.00 ,$94.00 ,$84.50 ,$86.50 ,72537760,$2.35 
623,Microsoft,12/1/1992,$92.75 ,$94.00 ,$85.25 ,$85.37 ,52917236,$2.32 
624,Microsoft,11/2/1992,$89.00 ,$95.00 ,$87.25 ,$93.12 ,63120640,$2.53 
625,Microsoft,10/1/1992,$80.00 ,$90.25 ,$75.75 ,$88.75 ,53259927,$2.41 
626,Microsoft,9/1/1992,$74.00 ,$82.00 ,$73.25 ,$80.50 ,50607847,$2.19 
627,Microsoft,8/3/1992,$72.75 ,$75.00 ,$68.00 ,$74.50 ,43570285,$2.02 
628,Microsoft,7/1/1992,$70.25 ,$74.75 ,$65.50 ,$72.75 ,58204945,$1.98 
629,Microsoft,6/1/1992,$120.50 ,$124.50 ,$65.75 ,$70.00 ,75038109,$1.90 
630,Microsoft,5/1/1992,$110.50 ,$122.25 ,$109.25 ,$121.00 ,57956800,$2.19 
631,Microsoft,4/1/1992,$117.25 ,$129.25 ,$107.00 ,$110.25 ,106419809,$2.00 
632,Microsoft,3/2/1992,$123.75 ,$130.25 ,$116.75 ,$118.50 ,58679854,$2.15 
633,Microsoft,2/3/1992,$118.25 ,$129.00 ,$113.00 ,$123.50 ,76436210,$2.24 
634,Microsoft,1/2/1992,$110.75 ,$133.25 ,$109.50 ,$120.25 ,69039418,$2.18 
635,Microsoft,12/2/1991,$96.25 ,$112.00 ,$96.00 ,$111.25 ,40441295,$2.02 
636,Microsoft,11/1/1991,$93.50 ,$101.75 ,$90.75 ,$97.25 ,45387360,$1.76 
637,Microsoft,10/1/1991,$89.00 ,$95.25 ,$86.25 ,$93.87 ,47956452,$1.70 
638,Microsoft,9/3/1991,$85.00 ,$90.00 ,$80.00 ,$89.00 ,43088160,$1.61 
639,Microsoft,8/1/1991,$73.75 ,$86.75 ,$71.75 ,$85.25 ,59235345,$1.54 
640,Microsoft,7/1/1991,$68.75 ,$74.00 ,$60.50 ,$73.50 ,77222400,$1.33 
641,Microsoft,6/3/1991,$109.50 ,$114.75 ,$65.50 ,$68.12 ,67844640,$1.23 
642,Microsoft,5/1/1991,$98.50 ,$112.50 ,$96.62 ,$109.75 ,70202036,$1.33 
643,Microsoft,4/1/1991,$106.00 ,$117.50 ,$96.00 ,$99.00 ,95496000,$1.20 
644,Microsoft,3/1/1991,$103.00 ,$113.00 ,$93.00 ,$106.12 ,98149760,$1.28 
645,Microsoft,2/1/1991,$99.00 ,$109.00 ,$97.25 ,$103.75 ,96660378,$1.25 
646,Microsoft,1/2/1991,$75.00 ,$99.50 ,$73.00 ,$98.12 ,105961163,$1.19 
647,Microsoft,12/3/1990,$73.25 ,$76.75 ,$70.50 ,$75.25 ,49183680,$0.91 
648,Microsoft,11/1/1990,$63.00 ,$74.25 ,$62.75 ,$72.25 ,63108876,$0.87 
649,Microsoft,10/1/1990,$64.75 ,$68.50 ,$53.50 ,$63.75 ,98229565,$0.77 
650,Microsoft,9/4/1990,$61.00 ,$63.50 ,$54.50 ,$63.00 ,72041600,$0.76 
651,Microsoft,8/1/1990,$66.25 ,$67.25 ,$50.75 ,$61.50 ,88022956,$0.74 
652,Microsoft,7/2/1990,$76.00 ,$80.75 ,$65.75 ,$66.50 ,75773866,$0.80 
653,Microsoft,6/1/1990,$73.25 ,$77.75 ,$71.00 ,$76.00 ,57184152,$0.92 
654,Microsoft,5/1/1990,$58.75 ,$78.75 ,$56.75 ,$73.00 ,77462109,$0.88 
655,Microsoft,4/2/1990,$109.75 ,$122.00 ,$55.63 ,$58.00 ,62612800,$0.70 
656,Microsoft,3/1/1990,$98.50 ,$117.00 ,$98.50 ,$110.75 ,79749672,$0.67 
657,Microsoft,2/1/1990,$92.50 ,$100.50 ,$92.25 ,$98.75 ,77297010,$0.60 
658,Microsoft,1/2/1990,$87.25 ,$96.00 ,$84.00 ,$92.50 ,113358400,$0.56 
659,Microsoft,12/1/1989,$87.12 ,$88.25 ,$75.00 ,$87.00 ,76913920,$0.53 
660,Microsoft,11/1/1989,$81.75 ,$89.25 ,$76.00 ,$87.00 ,92717257,$0.53 
661,Microsoft,10/2/1989,$68.25 ,$86.00 ,$68.00 ,$81.75 ,121160872,$0.49 
662,Microsoft,9/1/1989,$59.00 ,$69.50 ,$57.75 ,$68.50 ,67441440,$0.41 
663,Microsoft,8/1/1989,$54.75 ,$60.50 ,$54.00 ,$58.75 ,60648208,$0.35 
664,Microsoft,7/3/1989,$53.13 ,$57.00 ,$51.50 ,$54.75 ,62716960,$0.33 
665,Microsoft,6/1/1989,$60.25 ,$60.75 ,$51.25 ,$53.00 ,51809454,$0.32 
666,Microsoft,5/1/1989,$55.38 ,$61.00 ,$51.00 ,$60.50 ,60905745,$0.37 
667,Microsoft,4/3/1989,$50.00 ,$56.50 ,$47.50 ,$55.88 ,60229280,$0.34 
668,Microsoft,3/1/1989,$60.00 ,$62.25 ,$45.75 ,$49.88 ,140382836,$0.30 
669,Microsoft,2/1/1989,$59.50 ,$64.75 ,$58.50 ,$59.50 ,97135663,$0.36 
670,Microsoft,1/3/1989,$53.50 ,$60.25 ,$50.25 ,$59.63 ,71435885,$0.36 
671,Microsoft,12/1/1988,$47.50 ,$54.25 ,$47.00 ,$53.25 ,52107733,$0.32 
672,Microsoft,11/1/1988,$49.00 ,$50.50 ,$45.25 ,$47.25 ,75909790,$0.29 
673,Microsoft,10/3/1988,$51.25 ,$54.00 ,$47.75 ,$49.00 ,74922361,$0.30 
674,Microsoft,9/1/1988,$49.50 ,$55.25 ,$48.00 ,$52.25 ,59705600,$0.32 
675,Microsoft,8/1/1988,$59.75 ,$60.00 ,$47.75 ,$50.00 ,84106991,$0.30 
676,Microsoft,7/1/1988,$67.00 ,$70.50 ,$56.75 ,$59.50 ,73024160,$0.36 
677,Microsoft,6/1/1988,$58.25 ,$67.50 ,$57.75 ,$67.00 ,55914909,$0.40 
678,Microsoft,5/2/1988,$54.50 ,$59.25 ,$53.50 ,$58.00 ,51287771,$0.35 
679,Microsoft,4/4/1988,$56.00 ,$58.75 ,$52.75 ,$54.50 ,60992800,$0.33 
680,Microsoft,3/1/1988,$59.75 ,$65.50 ,$54.25 ,$56.50 ,94083339,$0.34 
681,Microsoft,2/1/1988,$56.75 ,$60.75 ,$49.75 ,$59.38 ,72160480,$0.36 
682,Microsoft,1/4/1988,$54.75 ,$61.75 ,$52.50 ,$55.75 ,101674080,$0.34 
683,Microsoft,12/1/1987,$44.50 ,$56.00 ,$40.00 ,$54.25 ,83714909,$0.33 
684,Microsoft,11/2/1987,$49.25 ,$52.00 ,$40.50 ,$44.75 ,85716640,$0.27 
685,Microsoft,10/1/1987,$66.25 ,$79.25 ,$37.25 ,$49.75 ,169804509,$0.30 
686,Microsoft,9/1/1987,$118.00 ,$120.00 ,$53.00 ,$66.25 ,78122971,$0.40 
687,Microsoft,8/3/1987,$94.00 ,$121.25 ,$91.25 ,$118.75 ,100916571,$0.36 
688,Microsoft,7/1/1987,$101.75 ,$105.75 ,$88.50 ,$94.00 ,90916363,$0.28 
689,Microsoft,6/1/1987,$115.25 ,$115.25 ,$96.25 ,$102.00 ,80349381,$0.31 
690,Microsoft,5/1/1987,$104.00 ,$128.25 ,$102.75 ,$115.25 ,113621760,$0.35 
691,Microsoft,4/1/1987,$96.75 ,$109.00 ,$90.50 ,$104.00 ,105077485,$0.31 
692,Microsoft,3/2/1987,$76.75 ,$99.00 ,$73.50 ,$96.75 ,86757381,$0.29 
693,Microsoft,2/2/1987,$73.12 ,$79.50 ,$66.50 ,$76.75 ,98517221,$0.23 
694,Microsoft,1/2/1987,$48.25 ,$77.50 ,$47.50 ,$73.12 ,98369828,$0.22 
695,Microsoft,12/1/1986,$49.75 ,$50.00 ,$45.25 ,$48.25 ,33858327,$0.15 
696,Microsoft,11/3/1986,$39.00 ,$51.25 ,$39.00 ,$49.75 ,57646989,$0.15 
697,Microsoft,10/1/1986,$28.25 ,$40.25 ,$27.50 ,$38.75 ,70845495,$0.12 
698,Microsoft,9/2/1986,$28.50 ,$31.50 ,$26.25 ,$28.25 ,13824000,$0.09 
699,Microsoft,8/1/1986,$28.50 ,$30.75 ,$27.25 ,$28.50 ,13889828,$0.09 
