"id","citricacid","residualsugar","chlorides","density","pH","sulphates","alcohol","quality","Expensive"
1.00,0.00,1.90,0.07,0.99,3.51,0.56,9.40,5.00,0.00
2.00,0.00,2.60,0.09,0.99,3.20,0.68,9.80,5.00,0.00
3.00,0.04,2.30,0.09,0.99,3.26,0.65,9.80,5.00,0.00
4.00,0.56,1.90,0.07,0.99,3.16,0.58,9.80,6.00,1.00
5.00,0.00,1.90,0.07,0.99,3.51,0.56,9.40,5.00,0.00
6.00,0.00,1.80,0.07,0.99,3.51,0.56,9.40,5.00,0.00
7.00,0.06,1.60,0.06,0.99,3.30,0.46,9.40,5.00,0.00
8.00,0.00,1.20,0.06,0.99,3.39,0.47,10.00,7.00,1.00
9.00,0.02,2.00,0.07,0.99,3.36,0.57,9.50,7.00,1.00
10.00,0.36,6.10,0.07,0.99,3.35,0.80,10.50,5.00,0.00
11.00,0.08,1.80,0.09,0.99,3.28,0.54,9.20,5.00,0.00
12.00,0.36,6.10,0.07,0.99,3.35,0.80,10.50,5.00,0.00
13.00,0.00,1.60,0.08,0.99,3.58,0.52,9.90,5.00,0.00
14.00,0.29,1.60,0.11,0.99,3.26,1.56,9.10,5.00,0.00
15.00,0.18,3.80,0.17,0.99,3.16,0.88,9.20,5.00,0.00
16.00,0.19,3.90,0.17,0.99,3.17,0.93,9.20,5.00,0.00
17.00,0.56,1.80,0.09,0.99,3.30,0.75,10.50,7.00,1.00
18.00,0.28,1.70,0.36,0.99,3.11,1.28,9.30,5.00,0.00
19.00,0.08,4.40,0.08,0.99,3.38,0.50,9.00,4.00,0.00
20.00,0.51,1.80,0.34,0.99,3.04,1.08,9.20,6.00,1.00
21.00,0.48,1.80,0.07,0.99,3.39,0.53,9.40,6.00,1.00
22.00,0.31,2.30,0.08,0.99,3.52,0.65,9.70,5.00,0.00
23.00,0.21,1.60,0.10,0.99,3.17,0.91,9.50,5.00,0.00
24.00,0.11,2.30,0.08,0.99,3.17,0.53,9.40,5.00,0.00
25.00,0.14,2.40,0.08,0.99,3.43,0.63,9.70,6.00,1.00
26.00,0.16,1.40,0.08,0.99,3.34,0.56,9.30,5.00,0.00
27.00,0.24,1.80,0.08,0.99,3.28,0.59,9.50,5.00,0.00
28.00,0.21,1.60,0.10,0.99,3.17,0.91,9.50,5.00,0.00
29.00,0.00,1.90,0.08,0.99,3.47,0.55,9.40,5.00,0.00
30.00,0.00,2.00,0.08,0.99,3.38,0.59,9.80,6.00,1.00
31.00,0.07,2.40,0.08,0.99,3.35,0.54,10.10,5.00,0.00
32.00,0.00,2.50,0.10,0.99,3.46,0.57,10.60,6.00,1.00
33.00,0.12,2.30,0.08,0.99,3.17,0.66,9.80,5.00,0.00
34.00,0.12,10.70,0.07,0.99,3.45,0.52,9.40,6.00,1.00
35.00,0.25,1.80,0.10,0.99,3.38,0.55,9.20,5.00,0.00
36.00,0.00,5.50,0.08,0.99,3.40,0.55,9.60,6.00,1.00
37.00,0.14,2.40,0.08,0.99,3.42,0.60,10.80,6.00,1.00
38.00,0.28,2.10,0.06,0.99,3.23,0.73,9.70,7.00,1.00
39.00,0.09,1.50,0.17,0.99,3.50,0.48,9.80,4.00,0.00
40.00,0.36,5.90,0.07,0.99,3.33,0.83,10.50,5.00,0.00
41.00,0.36,5.90,0.07,0.99,3.33,0.83,10.50,5.00,0.00
42.00,0.30,2.80,0.08,0.99,3.26,0.51,9.30,4.00,0.00
43.00,0.20,2.60,0.33,0.99,3.21,0.90,10.50,6.00,1.00
44.00,0.22,2.20,0.06,0.99,3.30,1.20,10.30,5.00,0.00
45.00,0.02,1.80,0.05,0.99,3.48,0.52,9.50,5.00,0.00
46.00,0.15,2.10,0.05,0.99,3.90,0.56,13.10,4.00,0.00
47.00,0.43,2.20,0.11,0.99,3.25,0.73,9.20,5.00,0.00
48.00,0.52,1.60,0.11,0.99,3.25,0.58,9.50,5.00,0.00
49.00,0.23,1.60,0.06,0.99,3.34,0.56,9.20,5.00,0.00
50.00,0.37,1.40,0.07,0.99,3.32,0.58,9.20,5.00,0.00
51.00,0.26,1.70,0.07,0.99,3.15,0.74,9.20,5.00,0.00
52.00,0.04,2.20,0.06,0.99,3.40,0.63,9.40,6.00,1.00
53.00,0.04,2.10,0.06,0.99,3.39,0.64,9.40,6.00,1.00
54.00,0.36,3.00,0.08,0.99,3.20,0.56,9.40,5.00,0.00
55.00,0.15,2.80,0.11,0.99,3.17,0.63,10.20,6.00,1.00
56.00,0.04,3.80,0.08,0.99,3.34,0.53,9.50,5.00,0.00
57.00,0.57,3.40,0.07,0.99,3.04,0.63,9.60,5.00,0.00
58.00,0.12,5.10,0.11,0.99,3.26,0.77,9.40,5.00,0.00
59.00,0.18,2.30,0.07,0.99,3.43,0.59,10.00,5.00,0.00
60.00,0.31,2.40,0.07,0.99,3.41,0.54,9.40,6.00,1.00
61.00,0.40,2.20,0.07,0.99,3.44,0.64,9.20,5.00,0.00
62.00,0.49,1.80,0.11,0.99,3.21,0.71,9.30,5.00,0.00
63.00,0.16,1.90,0.08,0.99,3.38,0.62,9.50,7.00,1.00
64.00,0.05,2.00,0.08,0.99,3.39,0.57,9.80,5.00,0.00
65.00,0.05,4.65,0.08,0.99,3.41,0.39,10.90,5.00,0.00
66.00,0.05,4.65,0.08,0.99,3.41,0.39,10.90,5.00,0.00
67.00,0.11,1.50,0.07,0.99,3.42,0.58,9.60,5.00,0.00
68.00,0.07,1.60,0.07,0.99,3.44,0.58,10.70,5.00,0.00
69.00,0.57,2.00,0.07,0.99,3.28,0.79,10.70,5.00,0.00
70.00,0.05,1.90,0.07,0.99,3.34,0.95,10.50,6.00,1.00
71.00,0.08,1.90,0.07,0.99,3.32,0.54,9.50,6.00,1.00
72.00,0.23,2.10,0.08,0.99,3.32,0.48,9.50,5.00,0.00
73.00,0.22,1.90,0.08,0.99,3.31,0.48,9.50,5.00,0.00
74.00,0.26,2.10,0.08,0.99,3.31,0.53,9.20,4.00,0.00
75.00,0.54,2.50,0.09,0.99,3.28,0.82,9.60,5.00,0.00
76.00,0.64,2.20,0.09,0.99,3.54,0.66,10.50,5.00,0.00
77.00,0.64,2.20,0.09,0.99,3.54,0.66,10.50,5.00,0.00
78.00,0.00,2.40,0.10,0.99,3.52,0.55,10.70,6.00,1.00
79.00,0.12,2.00,0.08,0.99,3.38,0.52,10.10,5.00,0.00
80.00,0.20,1.50,0.08,0.99,3.16,1.12,9.10,4.00,0.00
81.00,0.20,1.60,0.06,0.99,3.41,0.56,9.20,5.00,0.00
82.00,0.70,1.90,0.46,0.99,3.13,1.28,9.40,5.00,0.00
83.00,0.47,2.00,0.08,0.99,3.36,0.57,9.10,5.00,0.00
84.00,0.26,1.80,0.40,0.99,3.16,1.14,9.40,5.00,0.00
85.00,0.48,1.80,0.06,0.99,3.44,0.78,10.30,6.00,1.00
86.00,0.15,2.20,0.07,0.99,3.41,0.59,10.10,5.00,0.00
87.00,0.28,1.90,0.11,0.99,2.93,1.95,9.90,6.00,1.00
88.00,0.26,1.90,0.06,0.99,3.39,0.64,9.60,5.00,0.00
89.00,0.44,2.10,0.10,0.99,3.14,1.22,9.50,5.00,0.00
90.00,0.08,1.80,0.07,0.99,3.48,0.53,9.00,5.00,0.00
91.00,0.26,1.90,0.07,0.99,3.23,0.54,9.50,5.00,0.00
92.00,0.28,1.90,0.11,0.99,2.93,1.95,9.90,6.00,1.00
93.00,0.29,2.00,0.11,0.99,2.93,1.98,9.80,5.00,0.00
94.00,0.26,1.90,0.06,0.99,3.39,0.64,9.60,5.00,0.00
95.00,0.04,1.40,0.04,0.99,3.75,0.48,10.50,4.00,0.00
96.00,0.17,2.30,0.05,0.99,3.85,0.60,12.90,6.00,1.00
97.00,0.00,3.00,0.10,0.99,3.45,0.56,10.70,5.00,0.00
98.00,0.25,2.00,0.07,0.99,3.25,0.63,9.20,5.00,0.00
99.00,0.06,2.50,0.07,0.99,3.39,0.56,9.80,5.00,0.00
100.00,0.18,1.90,0.08,0.99,3.30,0.59,9.00,6.00,1.00
101.00,0.30,2.10,0.08,0.99,3.40,0.61,10.20,6.00,1.00
102.00,0.30,1.90,0.07,0.99,3.31,0.56,10.40,6.00,1.00
103.00,0.18,1.90,0.08,0.99,3.30,0.59,9.00,6.00,1.00
104.00,0.22,2.10,0.07,0.99,3.29,0.51,9.20,5.00,0.00
105.00,0.24,2.20,0.07,0.99,3.33,0.48,9.40,5.00,0.00
106.00,0.22,2.10,0.07,0.99,3.29,0.51,9.20,5.00,0.00
107.00,0.68,1.70,0.46,0.99,3.08,1.31,9.30,5.00,0.00
108.00,0.31,1.70,0.08,0.99,3.46,0.79,9.30,5.00,0.00
109.00,0.53,2.50,0.09,0.99,3.37,0.80,9.60,6.00,1.00
110.00,0.52,2.00,0.12,0.99,3.21,0.69,9.30,5.00,0.00
111.00,0.19,1.80,0.10,0.99,3.19,0.93,9.50,5.00,0.00
112.00,0.09,2.20,0.08,0.99,3.15,0.66,9.80,5.00,0.00
113.00,0.10,2.20,0.08,0.99,3.15,0.66,9.80,5.00,0.00
114.00,0.44,2.30,0.08,0.99,3.32,0.67,9.70,6.00,1.00
115.00,0.19,1.80,0.10,0.99,3.19,0.93,9.50,5.00,0.00
116.00,0.31,2.20,0.09,0.99,3.07,0.63,10.50,6.00,1.00
117.00,0.28,1.90,0.07,0.99,3.39,0.61,10.00,6.00,1.00
118.00,0.12,2.00,0.08,0.99,3.37,0.50,9.40,6.00,1.00
119.00,0.04,2.20,0.11,0.99,3.21,0.60,10.90,6.00,1.00
120.00,0.08,1.80,0.09,0.99,3.34,0.54,9.20,6.00,1.00
121.00,0.09,1.70,0.17,0.99,3.30,0.57,9.00,5.00,0.00
122.00,0.04,2.20,0.11,0.99,3.21,0.60,10.90,6.00,1.00
123.00,0.00,2.50,0.07,0.99,3.49,0.52,9.20,5.00,0.00
124.00,0.00,2.60,0.08,0.99,3.44,0.53,9.50,5.00,0.00
125.00,0.17,1.60,0.08,0.99,3.39,0.48,9.50,5.00,0.00
126.00,0.04,1.90,0.14,0.99,3.16,0.70,9.40,5.00,0.00
127.00,0.00,1.70,0.08,0.99,3.53,0.49,10.90,5.00,0.00
128.00,0.00,1.80,0.08,0.99,3.54,0.48,10.90,5.00,0.00
129.00,0.16,1.80,0.06,0.99,3.42,0.92,10.50,7.00,1.00
130.00,0.15,1.80,0.07,0.99,3.42,0.57,9.40,5.00,0.00
131.00,0.56,2.00,0.11,0.99,3.24,0.66,9.40,5.00,0.00
132.00,0.09,2.30,0.04,0.99,3.63,0.63,13.00,5.00,0.00
133.00,0.09,2.30,0.04,0.99,3.63,0.63,13.00,5.00,0.00
134.00,0.01,1.50,0.06,0.99,3.40,0.58,9.80,6.00,1.00
135.00,0.05,2.20,0.08,0.99,3.22,0.55,9.90,6.00,1.00
136.00,0.11,1.90,0.09,0.99,3.19,0.82,9.60,5.00,0.00
137.00,0.15,1.80,0.08,0.99,3.23,0.77,9.50,5.00,0.00
138.00,0.36,2.00,0.08,0.99,3.48,0.64,9.20,5.00,0.00
139.00,0.19,2.10,0.08,0.99,3.33,0.54,9.50,5.00,0.00
140.00,0.19,2.00,0.08,0.99,3.32,0.54,9.50,5.00,0.00
141.00,0.11,1.90,0.09,0.99,3.19,0.82,9.60,5.00,0.00
142.00,0.15,1.80,0.08,0.99,3.23,0.77,9.50,5.00,0.00
143.00,0.00,1.80,0.05,0.99,3.68,0.79,14.00,6.00,1.00
144.00,0.08,1.70,0.06,0.99,3.34,0.58,9.40,5.00,0.00
145.00,0.00,1.80,0.05,0.99,3.68,0.79,14.00,6.00,1.00
146.00,0.55,1.80,0.11,0.99,3.17,0.62,9.40,5.00,0.00
147.00,0.02,1.80,0.08,0.99,3.54,0.52,10.00,5.00,0.00
148.00,0.26,1.60,0.23,0.99,3.11,0.80,9.30,5.00,0.00
149.00,0.10,2.30,0.07,0.99,3.42,0.58,10.20,6.00,1.00
150.00,0.44,2.80,0.08,0.99,3.53,0.61,10.50,6.00,1.00
151.00,0.47,2.10,0.07,0.99,3.33,0.53,10.30,6.00,1.00
152.00,1.00,3.40,0.61,0.99,2.74,2.00,9.40,4.00,0.00
153.00,0.03,1.80,0.09,0.99,3.35,0.54,10.10,5.00,0.00
154.00,0.03,1.80,0.09,0.99,3.35,0.54,10.10,5.00,0.00
155.00,0.42,5.50,0.07,0.99,3.42,0.72,10.50,5.00,0.00
156.00,0.42,5.50,0.07,0.99,3.42,0.71,10.50,5.00,0.00
157.00,0.42,5.50,0.07,0.99,3.42,0.72,10.50,5.00,0.00
158.00,0.42,5.50,0.07,0.99,3.42,0.71,10.50,5.00,0.00
159.00,0.00,2.20,0.07,0.99,3.48,0.50,9.30,5.00,0.00
160.00,0.18,1.90,0.07,0.99,3.59,0.57,9.30,6.00,1.00
161.00,0.03,2.00,0.09,0.99,3.20,0.56,9.60,5.00,0.00
162.00,0.02,1.30,0.07,0.99,3.17,1.08,9.20,4.00,0.00
163.00,0.04,1.70,0.07,0.99,3.33,0.56,10.00,6.00,1.00
164.00,0.26,7.30,0.07,0.99,3.37,0.49,9.40,5.00,0.00
165.00,0.26,7.20,0.07,0.99,3.37,0.49,9.40,5.00,0.00
166.00,0.48,1.70,0.10,0.99,3.19,0.62,9.50,5.00,0.00
167.00,0.10,2.10,0.08,0.99,3.34,0.52,10.20,5.00,0.00
168.00,0.03,1.60,0.07,0.99,3.37,0.48,9.00,4.00,0.00
169.00,0.07,2.10,0.08,0.99,3.47,0.55,10.40,6.00,1.00
170.00,0.24,1.80,0.36,0.99,3.00,1.59,9.50,5.00,0.00
171.00,0.03,1.80,0.05,0.99,3.36,0.33,9.10,4.00,0.00
172.00,0.17,2.00,0.07,0.99,3.29,0.61,9.20,6.00,1.00
173.00,0.17,2.00,0.07,0.99,3.29,0.61,9.20,6.00,1.00
174.00,0.05,1.90,0.06,0.99,3.42,0.57,11.50,6.00,1.00
175.00,0.21,2.00,0.08,0.99,3.33,0.47,9.50,5.00,0.00
176.00,0.04,1.50,0.08,0.99,3.35,0.78,9.50,5.00,0.00
177.00,0.21,2.00,0.08,0.99,3.33,0.47,9.50,5.00,0.00
178.00,0.42,2.30,0.08,0.99,3.58,0.61,10.50,6.00,1.00
179.00,0.00,2.50,0.06,0.99,3.48,0.56,9.60,5.00,0.00
180.00,0.14,2.40,0.06,0.99,3.19,0.59,9.50,5.00,0.00
181.00,0.14,2.40,0.06,0.99,3.19,0.59,9.50,5.00,0.00
182.00,0.49,2.00,0.27,0.99,3.12,1.02,9.30,5.00,0.00
183.00,0.02,2.50,0.07,0.99,3.44,0.52,9.30,5.00,0.00
184.00,0.20,1.80,0.07,0.99,3.54,0.58,9.30,5.00,0.00
185.00,0.21,1.90,0.07,0.99,3.52,0.58,9.30,6.00,1.00
186.00,0.57,2.00,0.11,0.99,3.26,0.53,9.70,5.00,0.00
187.00,0.48,2.00,0.08,0.99,3.34,0.55,9.20,5.00,0.00
188.00,0.10,2.60,0.08,0.99,3.39,0.49,9.70,5.00,0.00
189.00,0.33,2.00,0.08,0.99,3.20,0.55,9.50,5.00,0.00
190.00,0.32,1.90,0.08,0.99,3.20,0.55,9.50,5.00,0.00
191.00,0.35,2.90,0.07,0.99,3.23,0.62,9.40,5.00,0.00
192.00,0.25,1.90,0.07,0.99,3.57,0.62,9.80,6.00,1.00
193.00,0.12,3.80,0.09,0.99,3.28,0.61,9.50,5.00,0.00
194.00,0.21,2.20,0.07,0.99,3.28,0.55,9.70,5.00,0.00
195.00,0.21,2.20,0.07,0.99,3.28,0.55,9.70,5.00,0.00
196.00,0.33,2.00,0.07,0.99,3.25,0.54,9.40,5.00,0.00
197.00,0.30,2.40,0.07,0.99,3.46,0.59,10.20,5.00,0.00
198.00,0.60,2.00,0.06,0.99,3.11,0.97,10.10,6.00,1.00
199.00,0.08,1.20,0.04,0.99,3.57,0.85,13.00,7.00,1.00
200.00,0.06,2.10,0.06,0.99,3.51,0.43,11.40,4.00,0.00
201.00,0.47,1.40,0.05,0.99,3.22,0.82,10.30,7.00,1.00
202.00,0.48,2.10,0.09,0.99,3.04,1.03,9.30,5.00,0.00
203.00,0.11,1.50,0.07,0.99,3.36,0.79,9.50,5.00,0.00
204.00,0.35,1.60,0.08,0.99,3.34,0.55,9.20,5.00,0.00
205.00,0.36,1.60,0.08,0.99,3.34,0.56,9.20,6.00,1.00
206.00,0.74,2.60,0.09,0.99,3.20,0.77,10.80,7.00,1.00
207.00,0.74,2.60,0.09,0.99,3.20,0.77,10.80,7.00,1.00
208.00,0.31,1.80,0.06,0.99,3.29,0.53,9.30,5.00,0.00
209.00,0.28,2.70,0.10,0.99,3.22,0.67,9.40,5.00,0.00
210.00,0.58,2.10,0.05,0.99,3.31,0.88,10.50,7.00,1.00
211.00,0.60,2.00,0.03,0.99,3.30,0.86,12.40,6.00,1.00
212.00,0.24,2.80,0.08,0.99,3.35,0.56,10.00,6.00,1.00
213.00,0.64,2.10,0.05,0.99,3.21,0.67,10.20,6.00,1.00
214.00,0.26,2.20,0.06,0.99,3.30,0.43,10.10,5.00,0.00
215.00,0.08,2.40,0.09,0.99,3.24,0.71,9.80,6.00,1.00
216.00,0.49,5.60,0.06,0.99,3.34,0.76,10.50,5.00,0.00
217.00,0.16,2.00,0.10,0.99,3.14,0.57,11.00,5.00,0.00
218.00,0.22,2.20,0.07,0.99,3.36,0.55,9.10,5.00,0.00
219.00,0.19,1.90,0.07,0.99,3.39,0.54,9.70,5.00,0.00
220.00,0.33,2.40,0.08,0.99,3.30,0.60,9.50,5.00,0.00
221.00,0.37,2.00,0.08,0.99,3.34,0.59,9.40,6.00,1.00
222.00,0.26,2.00,0.10,0.99,3.15,0.57,9.40,5.00,0.00
223.00,0.04,1.50,0.05,0.99,3.42,0.60,9.50,5.00,0.00
224.00,0.25,2.00,0.08,0.99,3.28,0.60,10.00,6.00,1.00
225.00,0.36,2.00,0.08,0.99,3.31,0.57,10.40,4.00,0.00
226.00,0.25,2.60,0.07,0.99,3.37,0.58,10.50,6.00,1.00
227.00,0.50,2.00,0.33,0.99,3.04,1.61,9.50,6.00,1.00
228.00,0.14,2.60,0.08,0.99,3.39,0.63,9.80,5.00,0.00
229.00,0.25,2.60,0.07,0.99,3.37,0.58,10.50,6.00,1.00
230.00,0.25,2.60,0.08,0.99,3.46,0.50,11.00,5.00,0.00
231.00,0.04,1.60,0.05,0.99,3.54,0.62,12.20,7.00,1.00
232.00,0.06,1.80,0.07,0.99,3.37,0.52,9.90,6.00,1.00
233.00,0.20,2.80,0.09,0.99,3.34,0.70,9.60,6.00,1.00
234.00,0.25,2.60,0.08,0.99,3.46,0.50,11.00,5.00,0.00
235.00,0.09,2.30,0.06,0.99,3.32,0.55,9.00,6.00,1.00
236.00,0.00,1.90,0.09,0.99,3.37,0.58,9.00,6.00,1.00
237.00,0.00,1.90,0.09,0.99,3.37,0.58,9.00,6.00,1.00
238.00,0.00,1.90,0.09,0.99,3.37,0.58,9.20,6.00,1.00
239.00,0.00,1.90,0.09,0.99,3.37,0.58,9.00,6.00,1.00
240.00,0.09,2.30,0.06,0.99,3.32,0.55,9.00,6.00,1.00
241.00,0.37,1.70,0.26,0.99,3.00,1.09,9.30,5.00,0.00
242.00,0.56,2.10,0.09,0.99,3.14,0.71,10.90,6.00,1.00
243.00,0.10,1.80,0.10,0.99,3.08,0.49,9.80,6.00,1.00
244.00,0.44,2.20,0.07,1.00,3.07,0.84,9.20,7.00,1.00
245.00,0.44,2.20,0.07,1.00,3.07,0.84,9.20,7.00,1.00
246.00,0.00,2.00,0.08,0.99,3.61,0.96,9.90,6.00,1.00
247.00,0.07,1.90,0.07,0.99,3.38,0.52,9.50,5.00,0.00
248.00,0.17,2.30,0.07,0.99,3.20,0.45,9.30,5.00,0.00
249.00,0.06,1.70,0.07,0.99,3.35,0.48,9.80,6.00,1.00
250.00,0.00,2.00,0.08,0.99,3.61,0.96,9.90,6.00,1.00
251.00,0.44,1.60,0.06,0.99,3.22,0.78,10.00,6.00,1.00
252.00,0.00,1.80,0.07,0.99,3.47,0.70,9.90,6.00,1.00
253.00,0.48,3.10,0.09,0.99,3.17,0.53,10.50,5.00,0.00
254.00,0.42,1.90,0.09,0.99,3.23,0.59,9.50,5.00,0.00
255.00,0.00,1.80,0.07,0.99,3.47,0.70,9.90,6.00,1.00
256.00,0.23,3.20,0.07,0.99,3.26,0.57,9.30,5.00,0.00
257.00,0.37,2.20,0.07,0.99,3.22,0.62,9.20,5.00,0.00
258.00,0.00,2.10,0.07,0.99,3.49,0.67,9.20,5.00,0.00
259.00,0.76,1.80,0.61,0.99,3.06,1.26,9.40,5.00,0.00
260.00,0.47,2.60,0.08,0.99,3.36,0.80,10.50,7.00,1.00
261.00,0.23,1.70,0.07,0.99,3.29,0.65,9.30,5.00,0.00
262.00,0.04,2.00,0.08,0.99,3.35,0.60,9.40,4.00,0.00
263.00,0.03,1.70,0.07,0.99,3.34,0.57,10.00,5.00,0.00
264.00,0.23,1.80,0.07,0.99,3.28,0.67,9.30,5.00,0.00
265.00,0.49,2.40,0.06,0.99,3.08,0.87,10.90,5.00,0.00
266.00,0.52,1.80,0.07,0.99,3.20,0.72,10.20,7.00,1.00
267.00,0.00,3.30,0.09,1.00,3.60,0.72,9.80,4.00,0.00
268.00,0.46,3.60,0.07,0.99,3.35,0.86,12.80,8.00,1.00
269.00,0.04,3.00,0.07,0.99,3.69,0.91,9.40,6.00,1.00
270.00,0.51,4.00,0.10,0.99,3.28,0.97,10.10,6.00,1.00
271.00,0.06,4.00,0.08,0.99,3.36,0.67,10.70,6.00,1.00
272.00,0.51,4.00,0.10,0.99,3.28,0.97,10.10,6.00,1.00
273.00,0.58,4.00,0.07,0.99,3.22,0.78,10.10,5.00,0.00
274.00,0.20,2.40,0.07,0.99,3.31,0.64,9.40,5.00,0.00
275.00,0.18,7.00,0.08,0.99,3.38,0.77,9.40,5.00,0.00
276.00,0.06,4.00,0.08,0.99,3.36,0.67,10.70,6.00,1.00
277.00,0.04,3.00,0.07,0.99,3.69,0.91,9.40,6.00,1.00
278.00,0.51,4.00,0.10,0.99,3.28,0.97,10.10,6.00,1.00
279.00,0.45,6.40,0.07,0.99,3.23,0.82,12.60,8.00,1.00
280.00,0.32,5.60,0.08,0.99,3.38,0.77,10.50,7.00,1.00
281.00,0.44,3.60,0.07,0.99,3.12,0.82,9.30,6.00,1.00
282.00,0.68,3.50,0.35,0.99,3.25,1.08,9.90,7.00,1.00
283.00,0.12,3.00,0.06,0.99,3.36,0.57,9.10,5.00,0.00
284.00,0.32,5.60,0.08,0.99,3.38,0.77,10.50,7.00,1.00
285.00,0.07,3.40,0.10,1.00,3.31,0.71,9.80,5.00,0.00
286.00,0.07,3.40,0.10,1.00,3.31,0.71,9.80,5.00,0.00
287.00,0.55,2.00,0.07,0.99,3.10,0.76,10.30,6.00,1.00
288.00,0.12,3.00,0.09,0.99,3.37,0.70,10.30,6.00,1.00
289.00,0.09,2.50,0.09,0.99,3.34,0.86,10.60,7.00,1.00
290.00,0.53,3.30,0.10,1.00,3.20,0.95,9.20,5.00,0.00
291.00,0.09,2.50,0.09,0.99,3.34,0.86,10.60,7.00,1.00
292.00,0.48,2.00,0.34,0.99,3.30,0.71,10.50,5.00,0.00
293.00,0.23,2.70,0.09,0.99,3.22,0.64,10.30,6.00,1.00
294.00,0.25,2.40,0.09,0.99,3.41,0.60,10.10,6.00,1.00
295.00,0.52,3.20,0.09,1.00,3.05,0.81,9.50,6.00,1.00
296.00,0.46,2.50,0.07,1.00,3.05,0.64,9.50,5.00,0.00
297.00,0.37,2.60,0.08,0.99,3.16,0.52,9.90,5.00,0.00
298.00,0.06,2.00,0.08,0.99,3.67,0.73,9.60,5.00,0.00
299.00,0.02,2.30,0.09,0.99,3.67,0.80,9.70,5.00,0.00
300.00,0.06,2.10,0.08,0.99,3.68,0.71,9.60,5.00,0.00
301.00,0.06,2.60,0.08,0.99,3.38,0.59,10.70,6.00,1.00
302.00,0.48,1.50,0.06,0.99,3.22,0.64,10.10,6.00,1.00
303.00,0.12,2.60,0.09,0.99,3.51,0.72,10.00,5.00,0.00
304.00,0.12,1.60,0.18,0.99,3.39,0.54,9.50,5.00,0.00
305.00,0.60,2.10,0.11,0.99,3.20,0.52,9.20,5.00,0.00
306.00,0.48,2.50,0.06,0.99,3.12,0.59,9.30,6.00,1.00
307.00,0.32,2.20,0.08,0.99,3.36,0.52,9.40,5.00,0.00
308.00,0.42,2.40,0.21,0.99,3.19,0.62,9.50,6.00,1.00
309.00,0.44,2.40,0.21,0.99,3.19,0.63,9.50,6.00,1.00
310.00,0.38,1.70,0.06,0.99,3.41,0.53,9.50,6.00,1.00
311.00,0.48,2.50,0.06,0.99,3.12,0.59,9.30,6.00,1.00
312.00,0.24,2.00,0.07,0.99,3.27,0.54,9.40,6.00,1.00
313.00,0.31,2.80,0.09,0.99,3.32,0.63,9.50,6.00,1.00
314.00,0.30,3.00,0.07,0.99,3.30,0.53,9.40,5.00,0.00
315.00,0.29,2.60,0.08,0.99,3.39,0.68,11.00,5.00,0.00
316.00,0.29,2.50,0.09,0.99,3.42,0.65,11.00,6.00,1.00
317.00,0.23,3.40,0.10,0.99,3.30,0.65,10.10,5.00,0.00
318.00,0.12,2.90,0.08,0.99,3.30,0.64,10.40,6.00,1.00
319.00,0.39,3.20,0.08,0.99,3.37,0.71,11.50,7.00,1.00
320.00,0.12,2.90,0.08,0.99,3.30,0.64,10.40,6.00,1.00
321.00,0.39,3.20,0.08,0.99,3.37,0.71,11.50,7.00,1.00
322.00,0.26,3.40,0.09,0.99,3.24,0.62,9.70,5.00,0.00
323.00,0.05,2.30,0.07,0.99,3.29,0.63,9.30,5.00,0.00
324.00,0.42,2.80,0.09,0.99,3.28,0.70,9.50,6.00,1.00
325.00,0.20,11.00,0.07,1.00,3.16,0.69,9.20,6.00,1.00
326.00,0.20,11.00,0.07,1.00,3.16,0.69,9.20,6.00,1.00
327.00,0.66,3.65,0.12,0.99,3.05,0.74,11.50,7.00,1.00
328.00,0.50,4.50,0.10,0.99,3.28,0.83,11.50,5.00,0.00
329.00,0.62,2.60,0.08,1.00,3.16,0.67,9.70,6.00,1.00
330.00,0.39,2.00,0.06,0.99,3.18,0.62,9.50,5.00,0.00
331.00,0.64,2.90,0.12,0.99,3.23,0.66,12.50,6.00,1.00
332.00,0.64,2.90,0.12,0.99,3.23,0.66,12.50,6.00,1.00
333.00,0.28,3.20,0.06,0.99,3.22,0.54,9.40,6.00,1.00
334.00,0.08,2.10,0.10,0.99,3.13,0.52,11.00,5.00,0.00
335.00,0.01,2.50,0.07,0.99,3.34,0.74,11.70,7.00,1.00
336.00,0.53,3.40,0.12,0.99,3.17,0.84,12.20,7.00,1.00
337.00,0.45,1.90,0.05,0.99,3.35,0.70,12.50,6.00,1.00
338.00,0.32,2.80,0.08,0.99,3.31,0.64,10.30,5.00,0.00
339.00,0.58,3.00,0.10,1.00,3.16,1.00,11.50,6.00,1.00
340.00,0.54,2.30,0.08,0.99,3.11,1.36,9.80,7.00,1.00
341.00,0.50,2.40,0.06,1.00,3.12,1.18,9.20,6.00,1.00
342.00,0.48,2.70,0.06,0.99,3.21,0.87,11.30,6.00,1.00
343.00,0.47,1.80,0.11,0.99,3.30,0.75,9.80,6.00,1.00
344.00,0.47,1.80,0.11,0.99,3.30,0.75,9.80,6.00,1.00
345.00,0.50,2.60,0.08,1.00,3.12,0.78,10.70,6.00,1.00
346.00,0.00,1.90,0.06,0.99,3.60,0.81,9.90,5.00,0.00
347.00,0.02,2.70,0.07,0.99,3.58,0.89,12.30,7.00,1.00
348.00,0.67,3.00,0.09,0.99,3.02,0.93,12.00,6.00,1.00
349.00,0.31,2.80,0.08,0.99,3.11,0.92,10.00,6.00,1.00
350.00,0.00,2.60,0.09,0.99,3.36,0.86,9.40,6.00,1.00
351.00,0.22,2.70,0.10,1.00,3.28,0.98,9.90,6.00,1.00
352.00,0.00,2.60,0.09,0.99,3.35,0.83,9.40,6.00,1.00
353.00,0.00,2.40,0.09,0.99,3.27,0.73,9.30,5.00,0.00
354.00,0.79,4.80,0.12,1.00,3.18,0.77,13.00,5.00,0.00
355.00,0.40,1.40,0.06,0.99,3.25,0.59,11.90,6.00,1.00
356.00,0.01,2.40,0.07,0.99,3.55,0.61,12.80,6.00,1.00
357.00,0.52,3.00,0.08,1.00,3.26,0.88,11.00,5.00,0.00
358.00,0.66,2.95,0.11,0.99,3.24,0.75,11.70,7.00,1.00
359.00,0.66,3.10,0.10,1.00,3.15,0.85,10.40,7.00,1.00
360.00,0.66,2.60,0.08,1.00,3.17,0.68,9.80,6.00,1.00
361.00,0.23,2.00,0.09,0.99,3.19,0.70,9.40,5.00,0.00
362.00,0.31,2.60,0.08,0.99,3.37,0.91,9.90,6.00,1.00
363.00,0.66,2.50,0.07,0.99,3.05,0.56,10.00,5.00,0.00
364.00,0.63,2.00,0.07,0.99,2.99,0.87,10.20,5.00,0.00
365.00,0.66,5.80,0.08,1.00,3.07,0.73,10.00,7.00,1.00
366.00,0.50,3.40,0.10,0.99,3.26,0.93,11.80,6.00,1.00
367.00,0.66,5.80,0.08,1.00,3.07,0.73,10.00,7.00,1.00
368.00,0.61,2.60,0.07,1.00,3.16,0.69,9.00,5.00,0.00
369.00,0.52,2.80,0.15,0.99,3.18,0.64,9.40,5.00,0.00
370.00,0.53,2.40,0.07,0.99,3.20,1.13,12.00,7.00,1.00
371.00,0.02,2.30,0.06,0.99,3.57,0.78,9.90,5.00,0.00
372.00,0.40,1.60,0.05,0.99,3.32,0.87,8.70,6.00,1.00
373.00,0.48,1.80,0.06,0.99,3.32,1.04,10.60,6.00,1.00
374.00,0.22,2.20,0.10,0.99,3.05,0.63,9.20,5.00,0.00
375.00,0.63,3.80,0.08,1.00,3.01,0.81,10.80,6.00,1.00
376.00,0.71,4.40,0.12,0.99,3.01,0.83,11.80,7.00,1.00
377.00,0.50,3.00,0.07,1.00,3.26,1.11,11.00,6.00,1.00
378.00,0.53,2.40,0.07,0.99,3.20,1.13,12.00,7.00,1.00
379.00,0.66,6.20,0.08,0.99,3.11,0.99,13.30,6.00,1.00
380.00,0.38,2.50,0.09,0.99,3.31,0.70,10.80,6.00,1.00
381.00,0.42,2.00,0.08,0.99,3.21,0.80,9.40,6.00,1.00
382.00,0.68,2.90,0.08,1.00,3.06,0.80,10.00,6.00,1.00
383.00,0.42,2.00,0.08,0.99,3.21,0.80,9.40,6.00,1.00
384.00,0.42,2.00,0.08,0.99,3.21,0.80,9.40,6.00,1.00
385.00,0.28,2.10,0.08,0.99,3.42,0.74,9.20,5.00,0.00
386.00,0.07,2.40,0.09,0.99,3.43,0.76,9.70,6.00,1.00
387.00,0.26,2.00,0.08,0.99,3.41,0.74,9.20,6.00,1.00
388.00,0.15,1.90,0.07,0.99,3.31,0.54,9.60,6.00,1.00
389.00,0.26,1.90,0.08,0.99,3.43,0.74,9.20,6.00,1.00
390.00,0.31,2.50,0.09,0.99,3.19,0.70,10.00,7.00,1.00
391.00,0.05,1.40,0.04,0.99,3.56,0.82,12.90,8.00,1.00
392.00,0.68,2.90,0.08,1.00,3.06,0.80,10.00,6.00,1.00
393.00,0.52,2.00,0.08,0.99,3.18,0.51,9.50,5.00,0.00
394.00,0.61,2.00,0.11,0.99,3.16,0.54,9.10,5.00,0.00
395.00,0.65,2.30,0.06,0.99,3.03,0.57,9.90,5.00,0.00
396.00,0.76,4.20,0.06,1.00,3.22,0.60,13.00,7.00,1.00
397.00,0.02,7.90,0.12,0.99,3.47,0.53,9.90,5.00,0.00
398.00,0.59,2.60,0.08,0.99,3.18,0.65,11.00,6.00,1.00
399.00,0.59,2.60,0.08,0.99,3.18,0.65,11.00,6.00,1.00
400.00,0.22,2.30,0.06,0.99,3.10,0.55,9.40,5.00,0.00
401.00,0.02,7.90,0.12,0.99,3.47,0.53,9.90,5.00,0.00
402.00,0.30,1.70,0.05,0.99,3.29,0.47,10.80,6.00,1.00
403.00,0.54,2.60,0.08,1.00,3.10,0.61,10.50,6.00,1.00
404.00,0.49,2.70,0.08,0.99,3.15,0.63,10.50,6.00,1.00
405.00,0.05,2.70,0.07,0.99,3.26,0.61,9.10,5.00,0.00
406.00,0.46,1.40,0.05,0.99,3.36,0.76,10.10,6.00,1.00
407.00,0.47,2.50,0.06,0.99,3.24,0.65,10.80,6.00,1.00
408.00,0.66,3.00,0.09,0.99,3.18,0.63,10.80,7.00,1.00
409.00,0.58,3.70,0.17,0.99,3.19,0.70,11.30,6.00,1.00
410.00,0.49,4.50,0.07,0.99,3.05,0.57,9.60,4.00,0.00
411.00,0.34,2.50,0.08,0.99,3.38,0.62,9.50,6.00,1.00
412.00,0.35,2.40,0.08,0.99,3.38,0.62,9.50,5.00,0.00
413.00,0.16,1.90,0.10,0.99,3.27,0.64,9.30,5.00,0.00
414.00,0.53,6.70,0.09,0.99,3.27,0.82,11.70,7.00,1.00
415.00,0.34,2.70,0.08,0.99,3.26,0.61,9.50,5.00,0.00
416.00,0.24,6.60,0.11,1.00,3.32,1.07,9.30,5.00,0.00
417.00,0.64,2.20,0.11,0.99,3.26,0.66,11.70,6.00,1.00
418.00,0.12,1.90,0.09,0.99,3.44,0.48,10.50,5.00,0.00
419.00,0.51,2.00,0.12,0.99,3.24,0.76,10.40,6.00,1.00
420.00,0.00,1.80,0.06,0.99,3.62,0.68,9.90,5.00,0.00
421.00,0.33,2.40,0.08,0.99,3.28,0.73,11.80,7.00,1.00
422.00,0.03,2.30,0.05,0.99,3.52,0.56,12.30,7.00,1.00
423.00,0.20,2.00,0.04,0.99,3.36,0.44,10.90,5.00,0.00
424.00,0.47,2.10,0.06,0.99,3.15,0.90,11.00,7.00,1.00
425.00,0.20,2.00,0.04,0.99,3.36,0.44,10.90,5.00,0.00
426.00,0.03,2.30,0.05,0.99,3.52,0.56,12.30,7.00,1.00
427.00,0.08,2.10,0.04,0.99,3.49,0.49,11.40,6.00,1.00
428.00,0.22,1.90,0.07,0.99,3.26,0.56,10.60,6.00,1.00
429.00,0.33,1.30,0.07,0.99,3.24,0.60,9.30,5.00,0.00
430.00,0.63,2.40,0.08,0.99,3.10,0.60,10.40,6.00,1.00
431.00,0.47,2.10,0.06,0.99,3.15,0.90,11.00,7.00,1.00
432.00,0.35,2.20,0.07,0.99,3.25,0.56,9.20,5.00,0.00
433.00,0.69,2.30,0.07,0.99,3.00,0.65,12.80,6.00,1.00
434.00,0.63,2.30,0.09,1.00,3.16,0.49,9.50,5.00,0.00
435.00,0.55,3.20,0.07,0.99,3.15,0.89,9.90,6.00,1.00
436.00,0.63,2.30,0.09,1.00,3.16,0.49,9.50,5.00,0.00
437.00,0.30,2.00,0.06,0.99,3.26,0.56,10.20,6.00,1.00
438.00,0.73,3.20,0.06,0.99,3.17,0.66,11.20,6.00,1.00
439.00,0.55,3.20,0.07,0.99,3.15,0.89,9.90,6.00,1.00
440.00,0.18,1.50,0.06,0.99,3.08,0.60,9.30,5.00,0.00
441.00,0.72,2.20,0.07,0.99,2.88,0.82,9.80,8.00,1.00
442.00,0.65,2.15,0.06,0.99,3.06,0.68,11.30,6.00,1.00
443.00,0.76,3.70,0.10,1.00,2.95,0.68,11.20,7.00,1.00
444.00,0.49,2.70,0.07,0.99,3.23,0.63,11.60,7.00,1.00
445.00,0.01,1.70,0.05,0.99,3.57,0.84,12.50,7.00,1.00
446.00,0.10,2.10,0.07,0.99,3.23,0.56,10.10,6.00,1.00
447.00,0.60,2.60,0.08,0.99,3.10,0.73,10.50,5.00,0.00
448.00,0.29,2.10,0.12,0.99,3.22,0.72,11.20,5.00,0.00
449.00,0.22,2.00,0.10,0.99,3.20,0.56,10.20,6.00,1.00
450.00,0.69,2.80,0.09,0.99,3.10,0.61,10.80,6.00,1.00
451.00,0.69,2.80,0.09,0.99,3.10,0.61,10.80,6.00,1.00
452.00,0.53,1.80,0.41,0.99,3.06,1.06,9.10,6.00,1.00
453.00,0.03,1.70,0.08,0.99,3.44,0.63,10.00,6.00,1.00
454.00,0.63,2.80,0.08,0.99,3.26,0.74,11.20,7.00,1.00
455.00,0.40,1.60,0.06,0.99,3.50,0.63,11.10,5.00,0.00
456.00,0.67,5.20,0.08,0.99,3.22,0.69,13.40,8.00,1.00
457.00,0.39,2.30,0.09,0.99,3.37,0.58,10.30,5.00,0.00
458.00,0.21,2.70,0.09,0.99,3.28,0.58,9.60,5.00,0.00
459.00,0.63,2.80,0.08,0.99,3.26,0.74,11.20,7.00,1.00
460.00,0.66,2.20,0.07,1.00,3.25,0.57,9.00,3.00,0.00
461.00,0.52,2.30,0.08,0.99,3.35,0.61,11.30,6.00,1.00
462.00,0.22,2.60,0.08,0.99,3.26,0.61,9.30,5.00,0.00
463.00,0.68,2.55,0.08,0.99,3.18,0.61,11.80,5.00,0.00
464.00,0.70,2.20,0.09,0.99,3.08,0.53,9.00,5.00,0.00
465.00,0.54,2.10,0.08,0.99,2.98,0.70,9.20,6.00,1.00
466.00,0.40,2.90,0.09,1.00,3.48,0.91,9.70,5.00,0.00
467.00,0.42,2.00,0.06,0.99,3.16,0.72,11.50,6.00,1.00
468.00,0.45,2.60,0.06,0.99,3.32,0.79,14.00,6.00,1.00
469.00,0.69,2.10,0.09,1.00,3.17,0.62,9.20,6.00,1.00
470.00,0.02,1.20,0.07,0.99,3.20,0.58,9.80,5.00,0.00
471.00,0.65,2.60,0.09,0.99,3.05,0.61,10.60,5.00,0.00
472.00,0.42,2.40,0.08,0.99,3.20,0.71,11.40,6.00,1.00
473.00,0.55,2.60,0.08,0.99,3.15,0.82,10.40,6.00,1.00
474.00,0.55,2.10,0.06,0.99,3.26,0.79,10.60,5.00,0.00
475.00,0.51,1.70,0.08,0.99,3.20,0.89,9.40,6.00,1.00
476.00,0.24,2.20,0.08,0.99,3.14,0.60,10.20,5.00,0.00
477.00,0.41,2.00,0.09,0.99,3.28,0.70,9.70,5.00,0.00
478.00,0.49,1.80,0.07,0.99,3.18,1.06,11.00,6.00,1.00
479.00,0.24,2.20,0.08,0.99,3.14,0.60,10.20,5.00,0.00
480.00,0.11,2.70,0.07,0.99,3.19,0.70,10.10,6.00,1.00
481.00,0.39,15.50,0.06,1.00,3.12,0.66,9.20,5.00,0.00
482.00,0.56,2.80,0.08,0.99,3.15,0.92,11.70,8.00,1.00
483.00,0.59,2.20,0.15,0.99,3.04,1.05,9.40,5.00,0.00
484.00,0.60,2.20,0.15,0.99,3.04,1.06,9.40,5.00,0.00
485.00,0.68,4.10,0.11,0.99,3.06,0.66,13.40,6.00,1.00
486.00,0.39,1.90,0.05,0.99,3.17,0.47,10.00,5.00,0.00
487.00,0.39,1.90,0.05,0.99,3.17,0.47,10.00,5.00,0.00
488.00,0.36,1.80,0.05,0.99,3.17,0.42,10.00,6.00,1.00
489.00,0.55,2.80,0.08,1.00,3.32,0.92,10.80,7.00,1.00
490.00,0.40,2.60,0.07,0.99,3.34,0.75,10.20,6.00,1.00
491.00,0.27,2.80,0.07,0.99,3.31,0.67,10.60,6.00,1.00
492.00,0.50,2.50,0.05,0.99,3.34,0.79,13.30,7.00,1.00
493.00,0.51,2.60,0.05,0.99,3.32,0.90,13.40,7.00,1.00
494.00,0.31,3.00,0.08,1.00,3.48,0.74,11.60,6.00,1.00
495.00,0.23,8.30,0.05,0.99,3.44,0.55,12.10,6.00,1.00
496.00,0.53,2.60,0.07,0.99,3.15,0.65,11.00,8.00,1.00
497.00,0.25,1.90,0.08,0.99,3.43,0.65,9.00,6.00,1.00
498.00,0.32,2.50,0.09,0.99,3.32,0.79,11.10,5.00,0.00
499.00,0.53,2.60,0.07,0.99,3.15,0.65,11.00,8.00,1.00
500.00,0.31,3.00,0.08,1.00,3.48,0.74,11.60,6.00,1.00
501.00,0.25,1.90,0.08,0.99,3.43,0.65,9.00,6.00,1.00
502.00,0.73,6.55,0.07,0.99,3.17,0.85,12.00,7.00,1.00
503.00,0.73,6.55,0.07,0.99,3.17,0.85,12.00,7.00,1.00
504.00,0.47,1.90,0.07,0.99,3.18,1.04,10.90,7.00,1.00
505.00,0.42,1.80,0.07,0.99,3.21,1.05,10.80,7.00,1.00
506.00,0.63,2.90,0.07,0.99,3.16,0.78,12.50,7.00,1.00
507.00,0.46,1.80,0.07,0.99,3.25,1.02,10.80,7.00,1.00
508.00,0.55,2.30,0.08,1.00,3.17,0.71,9.50,6.00,1.00
509.00,0.31,2.20,0.09,0.99,3.18,0.63,10.20,6.00,1.00
510.00,0.75,2.80,0.08,0.99,3.04,0.68,11.40,7.00,1.00
511.00,0.49,4.60,0.07,0.99,3.02,0.61,9.50,5.00,0.00
512.00,0.31,2.20,0.09,0.99,3.18,0.63,10.20,6.00,1.00
513.00,0.48,2.10,0.12,0.99,3.03,0.81,9.70,6.00,1.00
514.00,0.64,2.40,0.10,0.99,3.09,0.66,11.80,7.00,1.00
515.00,0.64,2.40,0.10,0.99,3.09,0.66,11.80,7.00,1.00
516.00,0.49,6.10,0.12,1.00,3.31,1.14,9.30,5.00,0.00
517.00,0.49,4.30,0.10,1.00,3.25,0.74,11.90,6.00,1.00
518.00,0.49,2.10,0.20,0.99,3.16,0.63,8.40,3.00,0.00
519.00,0.49,2.80,0.08,0.99,3.22,0.68,11.70,6.00,1.00
520.00,0.49,2.50,0.08,0.99,3.36,0.78,11.00,5.00,0.00
521.00,0.49,2.70,0.08,0.99,3.42,0.90,10.00,6.00,1.00
522.00,0.49,2.00,0.08,0.99,3.48,0.64,9.10,5.00,0.00
523.00,0.49,2.30,0.09,0.99,3.38,0.99,9.80,5.00,0.00
524.00,0.49,2.50,0.08,0.99,3.22,0.55,9.40,5.00,0.00
525.00,0.49,2.40,0.08,0.99,3.23,0.64,9.50,5.00,0.00
526.00,0.24,2.80,0.10,0.99,3.24,0.67,9.90,5.00,0.00
527.00,0.49,2.50,0.08,0.99,3.36,0.78,11.00,5.00,0.00
528.00,0.49,2.50,0.09,0.99,3.39,0.77,11.40,6.00,1.00
529.00,0.49,2.60,0.08,0.99,3.34,0.75,8.70,6.00,1.00
530.00,0.24,2.40,0.07,0.99,3.09,0.57,9.40,5.00,0.00
531.00,0.24,2.10,0.07,0.99,3.41,0.87,10.30,6.00,1.00
532.00,0.49,2.70,0.09,1.00,3.16,0.61,10.30,5.00,0.00
533.00,0.49,2.70,0.09,1.00,3.16,0.61,10.30,5.00,0.00
534.00,0.24,2.10,0.07,0.99,3.22,0.66,12.80,6.00,1.00
535.00,0.24,2.70,0.10,1.00,3.28,0.56,10.00,6.00,1.00
536.00,0.24,2.10,0.07,0.99,3.41,0.87,10.30,6.00,1.00
537.00,0.24,2.40,0.07,0.99,3.09,0.57,9.40,5.00,0.00
538.00,0.24,2.10,0.08,0.99,3.37,0.77,10.70,6.00,1.00
539.00,0.49,5.80,0.06,1.00,3.20,0.66,12.00,7.00,1.00
540.00,0.74,5.15,0.10,0.99,3.22,0.62,11.20,5.00,0.00
541.00,0.24,3.30,0.10,0.99,3.26,0.67,9.60,5.00,0.00
542.00,0.49,6.30,0.06,0.99,3.21,0.73,11.00,6.00,1.00
543.00,0.24,2.10,0.07,0.99,3.12,0.59,9.90,5.00,0.00
544.00,0.24,2.50,0.08,0.99,3.06,0.72,11.00,6.00,1.00
545.00,0.74,1.80,0.07,1.00,2.86,0.79,8.40,6.00,1.00
546.00,0.49,2.60,0.09,0.99,3.08,0.59,9.10,5.00,0.00
547.00,0.24,2.00,0.07,0.99,3.45,0.78,9.50,6.00,1.00
548.00,0.49,2.50,0.06,0.99,3.26,0.86,10.70,6.00,1.00
549.00,0.49,2.60,0.07,0.99,3.12,0.75,10.40,6.00,1.00
550.00,0.49,1.90,0.17,0.99,3.27,0.61,9.40,6.00,1.00
551.00,0.01,2.10,0.07,0.99,3.33,0.56,9.50,6.00,1.00
552.00,0.24,2.80,0.09,0.99,3.19,0.73,10.00,6.00,1.00
553.00,0.24,2.70,0.09,0.99,3.12,0.74,10.00,6.00,1.00
554.00,0.24,1.60,0.05,0.99,3.74,0.62,11.50,5.00,0.00
555.00,0.49,4.20,0.09,1.00,2.92,0.74,11.10,5.00,0.00
556.00,0.49,4.20,0.09,1.00,2.92,0.74,11.10,5.00,0.00
557.00,0.49,4.60,0.11,1.00,3.07,0.56,11.70,6.00,1.00
558.00,0.49,4.20,0.09,1.00,2.92,0.74,11.10,5.00,0.00
559.00,0.49,4.60,0.11,1.00,3.07,0.56,11.70,6.00,1.00
560.00,0.49,4.30,0.08,1.00,3.30,0.68,12.70,6.00,1.00
561.00,0.49,2.80,0.07,0.99,3.14,0.57,11.40,5.00,0.00
562.00,0.49,2.40,0.07,0.99,3.23,0.58,9.20,5.00,0.00
563.00,0.49,2.90,0.09,0.99,3.08,0.61,9.20,5.00,0.00
564.00,0.49,2.70,0.09,0.99,3.31,0.61,10.10,6.00,1.00
565.00,0.49,4.30,0.08,1.00,3.30,0.68,12.70,6.00,1.00
566.00,0.49,2.80,0.07,0.99,3.14,0.57,11.40,5.00,0.00
567.00,0.24,2.50,0.22,0.99,3.32,0.60,9.00,6.00,1.00
568.00,0.24,2.50,0.22,0.99,3.32,0.60,9.00,6.00,1.00
569.00,0.49,2.60,0.25,0.99,3.31,0.79,10.70,6.00,1.00
570.00,0.24,2.20,0.09,0.99,3.57,0.57,11.70,6.00,1.00
571.00,0.49,3.30,0.07,1.00,3.32,0.91,11.00,6.00,1.00
572.00,0.24,2.20,0.09,0.99,3.57,0.57,11.70,6.00,1.00
573.00,0.49,2.40,0.07,0.99,3.14,0.61,10.40,5.00,0.00
574.00,0.49,2.10,0.07,0.99,3.30,0.56,9.60,4.00,0.00
575.00,0.49,3.20,0.07,0.99,3.19,0.70,10.00,6.00,1.00
576.00,0.49,3.10,0.07,0.99,3.20,0.80,10.20,6.00,1.00
577.00,0.24,2.30,0.10,0.99,3.34,0.52,10.00,4.00,0.00
578.00,0.49,2.80,0.08,0.99,3.30,0.60,9.50,5.00,0.00
579.00,0.49,2.90,0.08,0.99,3.29,0.60,9.80,5.00,0.00
580.00,0.49,2.20,0.06,0.99,3.14,0.51,9.80,6.00,1.00
581.00,0.49,2.20,0.08,1.00,3.19,0.44,9.60,5.00,0.00
582.00,0.49,2.20,0.08,1.00,3.19,0.44,9.60,5.00,0.00
583.00,0.49,2.20,0.08,1.00,3.19,0.43,9.20,5.00,0.00
584.00,0.49,1.90,0.07,0.99,2.98,0.66,9.90,7.00,1.00
585.00,0.49,3.40,0.09,1.00,3.30,0.76,10.70,7.00,1.00
586.00,0.24,2.40,0.09,0.99,3.47,0.66,9.60,6.00,1.00
587.00,0.49,2.70,0.09,0.99,3.12,1.02,10.60,7.00,1.00
588.00,0.24,1.90,0.10,0.99,3.26,0.59,9.30,5.00,0.00
589.00,0.24,2.00,0.06,0.99,3.72,0.74,14.00,8.00,1.00
590.00,0.49,2.60,0.05,0.99,3.05,0.74,10.50,7.00,1.00
591.00,0.49,2.60,0.08,0.99,3.35,0.57,9.70,5.00,0.00
592.00,0.49,1.70,0.07,0.99,3.12,0.50,11.50,6.00,1.00
593.00,0.49,2.60,0.08,0.99,3.35,0.57,9.70,5.00,0.00
594.00,0.58,3.50,0.09,1.00,3.29,0.58,9.00,5.00,0.00
595.00,0.17,2.60,0.09,0.99,3.40,0.53,9.50,5.00,0.00
596.00,0.41,7.90,0.08,0.99,3.27,0.57,9.30,5.00,0.00
597.00,0.51,2.00,0.05,0.99,3.04,0.60,9.30,6.00,1.00
598.00,0.58,1.90,0.07,0.99,3.09,0.63,10.00,6.00,1.00
599.00,0.18,2.10,0.07,0.99,3.20,0.48,9.80,6.00,1.00
600.00,0.45,2.30,0.08,1.00,3.00,0.70,9.30,6.00,1.00
601.00,0.27,2.10,0.08,0.99,3.26,0.47,10.00,4.00,0.00
602.00,0.52,2.20,0.07,1.00,3.10,0.56,9.00,6.00,1.00
603.00,0.00,2.60,0.08,0.99,3.30,0.52,9.30,5.00,0.00
604.00,0.52,2.20,0.07,1.00,3.10,0.56,9.00,6.00,1.00
605.00,0.13,2.90,0.09,0.99,3.17,0.62,9.10,6.00,1.00
606.00,0.13,2.60,0.08,0.99,3.31,0.59,9.20,6.00,1.00
607.00,0.48,4.60,0.07,0.99,3.34,0.79,12.20,7.00,1.00
608.00,0.41,3.30,0.09,0.99,3.31,0.53,10.50,6.00,1.00
609.00,0.37,5.10,0.11,1.00,3.32,0.64,10.40,6.00,1.00
610.00,0.19,3.20,0.07,0.99,3.56,0.52,12.70,6.00,1.00
611.00,0.54,2.50,0.08,0.99,3.39,0.54,9.20,5.00,0.00
612.00,0.55,2.70,0.08,1.00,2.98,0.54,9.40,5.00,0.00
613.00,0.00,2.40,0.07,0.99,3.32,0.60,10.00,6.00,1.00
614.00,0.38,1.50,0.05,0.99,3.26,0.74,9.80,5.00,0.00
615.00,0.18,2.20,0.14,0.99,2.87,1.36,10.20,6.00,1.00
616.00,0.50,2.30,0.07,0.99,3.50,0.57,9.70,5.00,0.00
617.00,0.50,2.30,0.07,0.99,3.50,0.57,9.70,5.00,0.00
618.00,0.51,2.20,0.07,0.99,3.03,0.93,9.80,6.00,1.00
619.00,0.50,2.70,0.12,1.00,3.13,0.70,10.20,5.00,0.00
620.00,0.41,2.30,0.08,0.99,3.09,0.80,9.30,5.00,0.00
621.00,0.24,3.40,0.07,0.99,3.27,0.61,9.40,5.00,0.00
622.00,0.23,3.40,0.07,0.99,3.28,0.62,9.40,5.00,0.00
623.00,0.22,1.90,0.08,0.99,3.13,0.55,9.50,5.00,0.00
624.00,0.25,2.90,0.07,0.99,3.49,0.96,12.10,6.00,1.00
625.00,0.00,5.60,0.12,0.99,3.46,0.72,10.20,5.00,0.00
626.00,0.00,5.60,0.12,0.99,3.46,0.72,10.20,5.00,0.00
627.00,0.29,2.20,0.09,0.99,3.36,0.49,9.10,5.00,0.00
628.00,0.29,2.20,0.09,0.99,3.36,0.49,9.10,5.00,0.00
629.00,0.26,2.50,0.09,0.99,3.27,0.60,9.30,6.00,1.00
630.00,0.23,2.30,0.11,0.99,3.21,0.61,9.30,5.00,0.00
631.00,0.26,2.50,0.09,0.99,3.27,0.60,9.30,6.00,1.00
632.00,0.54,2.70,0.10,0.99,3.25,0.63,9.50,5.00,0.00
633.00,0.14,3.00,0.08,0.99,3.32,0.57,10.50,6.00,1.00
634.00,0.22,3.40,0.10,1.00,3.43,0.64,11.30,4.00,0.00
635.00,0.21,1.90,0.07,0.99,3.27,0.58,9.50,5.00,0.00
636.00,0.00,1.40,0.06,0.99,3.27,0.55,9.70,5.00,0.00
637.00,0.28,2.40,0.08,0.99,3.24,0.53,9.40,5.00,0.00
638.00,0.27,2.30,0.08,0.99,3.24,0.53,9.40,5.00,0.00
639.00,0.12,2.20,0.14,0.99,3.35,0.65,10.20,7.00,1.00
640.00,0.35,1.90,0.06,0.99,3.18,1.36,10.30,6.00,1.00
641.00,0.45,2.30,0.07,0.99,3.39,0.62,9.40,5.00,0.00
642.00,0.44,2.30,0.07,0.99,3.46,0.63,9.50,5.00,0.00
643.00,0.45,2.30,0.07,0.99,3.39,0.62,9.40,5.00,0.00
644.00,0.44,2.30,0.07,0.99,3.46,0.63,9.50,5.00,0.00
645.00,0.45,2.30,0.07,0.99,3.39,0.62,9.40,5.00,0.00
646.00,0.10,6.00,0.11,0.99,3.37,0.69,10.10,7.00,1.00
647.00,0.05,3.60,0.10,0.99,3.40,0.63,10.10,5.00,0.00
648.00,0.01,2.20,0.07,0.99,3.32,0.58,11.00,4.00,0.00
649.00,0.30,2.80,0.06,0.99,3.33,0.67,11.20,7.00,1.00
650.00,0.27,8.60,0.06,0.99,3.16,0.57,11.30,6.00,1.00
651.00,0.39,2.20,0.10,0.99,2.89,0.50,9.60,5.00,0.00
652.00,0.25,2.50,0.10,1.00,3.41,0.67,11.20,5.00,0.00
653.00,0.65,7.50,0.09,0.99,2.98,0.84,14.90,5.00,0.00
654.00,0.59,2.80,0.07,0.99,3.12,0.54,12.00,6.00,1.00
655.00,0.47,2.40,0.07,0.99,3.08,0.46,9.50,5.00,0.00
656.00,0.17,2.90,0.08,1.00,3.14,0.61,9.40,5.00,0.00
657.00,0.39,2.20,0.10,0.99,2.89,0.50,9.60,5.00,0.00
658.00,0.59,1.40,0.07,0.99,2.92,0.68,10.50,7.00,1.00
659.00,0.07,1.40,0.07,0.99,3.32,0.81,9.60,6.00,1.00
660.00,0.02,4.40,0.09,0.99,3.41,0.57,11.00,4.00,0.00
661.00,0.07,1.40,0.07,0.99,3.32,0.81,9.60,6.00,1.00
662.00,0.31,1.60,0.08,0.99,3.31,0.64,9.00,5.00,0.00
663.00,0.06,1.60,0.07,0.99,3.36,0.70,9.60,6.00,1.00
664.00,0.46,1.80,0.05,0.99,3.04,0.79,10.20,6.00,1.00
665.00,0.52,2.00,0.09,1.00,3.03,0.66,10.20,5.00,0.00
666.00,0.14,2.00,0.08,0.99,3.14,0.56,9.70,5.00,0.00
667.00,0.36,1.80,0.22,0.99,3.18,0.60,9.50,6.00,1.00
668.00,0.45,2.00,0.08,0.99,2.94,0.66,9.20,6.00,1.00
669.00,0.43,2.30,0.05,0.99,3.15,0.57,11.00,5.00,0.00
670.00,0.45,2.00,0.08,0.99,2.94,0.66,9.20,6.00,1.00
671.00,0.24,2.50,0.08,0.99,3.26,0.58,10.00,5.00,0.00
672.00,0.21,1.70,0.07,0.99,3.20,0.52,9.50,5.00,0.00
673.00,0.34,2.00,0.07,0.99,3.15,0.53,9.50,5.00,0.00
674.00,0.21,1.70,0.07,0.99,3.20,0.52,9.50,5.00,0.00
675.00,0.41,2.20,0.08,0.99,3.08,0.67,9.30,6.00,1.00
676.00,0.39,2.20,0.06,0.99,3.26,0.65,10.20,5.00,0.00
677.00,0.41,2.20,0.08,0.99,3.08,0.67,9.30,6.00,1.00
678.00,0.11,2.30,0.08,0.99,3.40,0.48,9.90,5.00,0.00
679.00,0.10,2.60,0.08,0.99,3.48,0.53,10.00,5.00,0.00
680.00,0.45,3.30,0.06,0.99,3.13,0.54,9.60,5.00,0.00
681.00,0.58,1.90,0.07,1.00,3.06,0.49,9.00,5.00,0.00
682.00,0.23,2.20,0.09,0.99,3.21,0.49,10.20,6.00,1.00
683.00,0.31,2.25,0.07,0.99,3.33,0.54,9.80,5.00,0.00
684.00,0.23,2.60,0.05,0.99,3.37,0.56,11.30,5.00,0.00
685.00,0.32,2.30,0.07,0.99,3.25,0.48,9.40,5.00,0.00
686.00,0.23,2.60,0.05,0.99,3.37,0.56,11.30,5.00,0.00
687.00,0.18,1.80,0.07,0.99,3.44,0.60,9.10,5.00,0.00
688.00,0.23,3.10,0.09,0.99,3.28,0.59,9.70,5.00,0.00
689.00,0.04,1.60,0.03,0.99,3.40,0.47,9.40,5.00,0.00
690.00,0.48,1.80,0.15,0.99,3.30,1.05,9.40,5.00,0.00
691.00,0.00,4.25,0.09,0.99,3.63,0.54,10.70,3.00,0.00
692.00,0.24,2.60,0.08,0.99,3.48,0.54,9.80,5.00,0.00
693.00,0.51,2.00,0.42,0.99,3.03,1.17,9.00,5.00,0.00
694.00,0.32,2.80,0.08,0.99,3.32,0.62,9.40,5.00,0.00
695.00,0.31,2.70,0.08,0.99,3.31,0.61,9.40,5.00,0.00
696.00,0.02,1.30,0.03,0.99,3.90,0.62,12.80,6.00,1.00
697.00,0.02,2.10,0.06,0.99,3.47,0.67,9.50,6.00,1.00
698.00,0.02,2.10,0.06,0.99,3.47,0.67,9.50,6.00,1.00
699.00,0.28,3.20,0.08,1.00,3.31,0.53,9.70,5.00,0.00
700.00,0.55,2.10,0.07,0.99,3.11,0.62,10.80,6.00,1.00
701.00,0.43,2.90,0.07,0.99,3.08,0.57,10.10,6.00,1.00
702.00,0.02,2.10,0.06,0.99,3.47,0.67,9.50,6.00,1.00
703.00,0.02,2.10,0.06,0.99,3.47,0.67,9.40,6.00,1.00
704.00,0.48,2.60,0.07,0.99,3.32,0.70,9.60,4.00,0.00
705.00,0.04,1.60,0.07,0.99,3.29,0.54,9.70,4.00,0.00
706.00,0.15,6.00,0.07,0.99,3.37,0.49,9.90,5.00,0.00
707.00,0.08,2.00,0.09,0.99,3.40,0.47,10.00,5.00,0.00
708.00,0.19,3.00,0.07,0.99,3.37,0.51,10.50,5.00,0.00
709.00,0.12,2.50,0.06,0.99,3.34,0.61,11.60,6.00,1.00
710.00,0.47,1.60,0.06,0.99,3.27,0.66,10.00,6.00,1.00
711.00,0.43,2.80,0.08,0.99,3.06,0.57,10.10,5.00,0.00
712.00,0.34,3.00,0.09,0.99,3.38,0.61,9.50,5.00,0.00
713.00,0.00,3.20,0.08,0.99,3.36,0.45,9.40,5.00,0.00
714.00,0.36,2.30,0.07,0.99,3.34,0.46,9.40,5.00,0.00
715.00,0.28,2.60,0.07,0.99,3.28,0.51,9.80,5.00,0.00
716.00,0.18,2.70,0.06,0.99,3.29,0.48,9.20,6.00,1.00
717.00,0.36,2.30,0.07,0.99,3.34,0.46,9.40,5.00,0.00
718.00,0.11,2.60,0.07,0.99,3.21,0.57,10.00,5.00,0.00
719.00,0.04,2.00,0.08,0.99,3.22,0.44,9.60,5.00,0.00
720.00,0.00,3.90,0.08,0.99,3.46,0.54,9.50,5.00,0.00
721.00,0.04,2.00,0.08,0.99,3.22,0.44,9.60,5.00,0.00
722.00,0.24,2.85,0.09,0.99,3.10,0.53,9.20,5.00,0.00
723.00,0.08,2.70,0.08,0.99,3.21,0.59,10.00,5.00,0.00
724.00,0.30,2.20,0.05,0.99,2.94,1.62,9.50,5.00,0.00
725.00,0.10,3.10,0.08,0.99,3.54,0.60,11.20,4.00,0.00
726.00,0.17,3.00,0.07,0.99,3.29,0.55,10.40,5.00,0.00
727.00,0.09,2.80,0.08,0.99,3.43,0.72,11.10,6.00,1.00
728.00,0.02,1.80,0.06,0.99,3.46,0.68,9.50,5.00,0.00
729.00,0.02,1.80,0.06,0.99,3.46,0.68,9.50,5.00,0.00
730.00,0.03,3.20,0.07,0.99,3.61,0.49,12.70,6.00,1.00
731.00,0.66,2.30,0.38,0.99,3.17,0.67,9.60,5.00,0.00
732.00,0.13,3.45,0.08,0.99,3.44,0.52,11.50,5.00,0.00
733.00,0.03,2.10,0.09,0.99,3.39,0.47,9.60,5.00,0.00
734.00,0.34,2.70,0.08,0.99,3.55,0.60,9.50,5.00,0.00
735.00,0.20,2.00,0.07,0.99,3.48,0.62,9.30,5.00,0.00
736.00,0.10,2.10,0.11,0.99,3.26,0.50,9.50,5.00,0.00
737.00,0.10,2.10,0.11,0.99,3.26,0.50,9.50,5.00,0.00
738.00,0.00,2.50,0.09,1.00,3.50,0.65,9.30,6.00,1.00
739.00,0.23,2.80,0.09,0.99,3.10,0.56,9.20,5.00,0.00
740.00,0.00,2.40,0.08,0.99,3.35,0.60,9.30,5.00,0.00
741.00,0.29,4.20,0.07,0.99,3.45,0.68,11.50,6.00,1.00
742.00,0.24,2.60,0.07,0.99,3.21,0.57,9.50,5.00,0.00
743.00,0.00,1.90,0.06,0.99,3.46,0.65,9.20,5.00,0.00
744.00,0.58,2.80,0.09,1.00,3.13,0.53,10.00,5.00,0.00
745.00,0.54,2.70,0.09,1.00,3.13,0.51,9.50,5.00,0.00
746.00,0.18,2.10,0.07,0.99,3.52,0.73,9.50,6.00,1.00
747.00,0.38,2.50,0.08,0.99,3.30,0.47,9.00,6.00,1.00
748.00,0.40,2.60,0.08,0.99,3.30,0.48,9.40,5.00,0.00
749.00,0.18,2.10,0.07,0.99,3.52,0.72,9.60,6.00,1.00
750.00,0.18,2.10,0.07,0.99,3.52,0.73,9.50,6.00,1.00
751.00,0.10,2.90,0.08,0.99,3.29,0.55,9.50,5.00,0.00
752.00,0.10,2.90,0.08,0.99,3.29,0.55,9.50,5.00,0.00
753.00,0.13,2.50,0.09,0.99,3.39,0.61,9.40,5.00,0.00
754.00,0.10,2.90,0.08,0.99,3.29,0.55,9.50,5.00,0.00
755.00,0.68,1.70,0.41,0.99,3.09,1.06,9.10,6.00,1.00
756.00,0.07,1.90,0.05,0.99,3.51,0.43,10.70,6.00,1.00
757.00,0.01,2.00,0.05,0.99,3.60,0.46,11.20,6.00,1.00
758.00,0.00,2.20,0.08,0.99,3.25,0.50,9.80,5.00,0.00
759.00,0.00,2.20,0.08,0.99,3.25,0.50,9.80,5.00,0.00
760.00,0.21,2.50,0.09,0.99,3.19,0.52,9.20,5.00,0.00
761.00,0.25,2.80,0.07,0.99,3.23,0.57,9.70,5.00,0.00
762.00,0.26,2.00,0.09,0.99,3.25,0.42,9.60,5.00,0.00
763.00,0.00,1.70,0.06,0.99,3.31,0.53,10.00,6.00,1.00
764.00,0.26,2.00,0.09,0.99,3.25,0.42,9.60,5.00,0.00
765.00,0.11,2.80,0.09,0.99,3.31,0.55,9.50,6.00,1.00
766.00,0.10,3.00,0.09,0.99,3.31,0.54,9.50,6.00,1.00
767.00,0.18,2.90,0.08,0.99,3.14,0.54,9.40,5.00,0.00
768.00,0.32,2.70,0.10,0.99,3.45,0.62,9.50,5.00,0.00
769.00,0.02,2.30,0.08,0.99,3.55,0.53,9.70,6.00,1.00
770.00,0.01,1.90,0.07,0.99,3.39,0.54,9.60,5.00,0.00
771.00,0.02,2.30,0.08,0.99,3.55,0.53,9.70,6.00,1.00
772.00,0.26,2.40,0.08,0.99,3.28,0.55,9.40,5.00,0.00
773.00,0.27,2.30,0.08,0.99,3.27,0.55,9.40,5.00,0.00
774.00,0.29,1.80,0.15,0.99,3.30,0.92,9.50,6.00,1.00
775.00,0.30,1.80,0.15,0.99,3.31,0.91,9.50,6.00,1.00
776.00,0.00,3.00,0.10,0.99,3.43,0.46,10.00,5.00,0.00
777.00,0.18,2.40,0.24,0.99,3.40,0.60,10.30,6.00,1.00
778.00,0.17,2.40,0.24,0.99,3.40,0.59,10.30,6.00,1.00
779.00,0.30,3.40,0.07,0.99,3.36,0.61,10.50,5.00,0.00
780.00,0.03,2.60,0.07,0.99,3.50,0.60,9.80,5.00,0.00
781.00,0.00,2.00,0.19,0.99,3.31,0.60,9.40,6.00,1.00
782.00,0.14,2.40,0.11,0.99,3.66,0.65,9.80,5.00,0.00
783.00,0.05,2.40,0.08,0.99,3.36,0.53,10.00,5.00,0.00
784.00,0.14,2.40,0.11,0.99,3.66,0.65,9.80,5.00,0.00
785.00,0.01,2.50,0.07,0.99,3.55,0.59,9.80,5.00,0.00
786.00,0.41,2.30,0.08,0.99,3.21,0.50,9.50,5.00,0.00
787.00,0.41,2.30,0.08,0.99,3.21,0.50,9.50,5.00,0.00
788.00,0.24,2.20,0.07,0.99,3.18,0.56,10.10,6.00,1.00
789.00,0.24,2.20,0.07,0.99,3.18,0.56,10.10,6.00,1.00
790.00,0.17,2.90,0.09,0.99,3.09,0.52,9.30,5.00,0.00
791.00,0.43,2.60,0.08,0.99,3.33,0.68,9.70,6.00,1.00
792.00,0.17,2.90,0.08,0.99,3.23,0.54,9.60,5.00,0.00
793.00,0.02,2.50,0.08,0.99,3.48,0.60,9.70,6.00,1.00
794.00,0.00,2.60,0.05,0.99,3.38,0.56,10.80,5.00,0.00
795.00,0.54,2.30,0.06,0.99,3.17,0.53,12.50,6.00,1.00
796.00,0.30,2.60,0.13,0.99,2.99,1.18,10.20,5.00,0.00
797.00,0.31,2.50,0.12,0.99,3.10,0.74,9.60,5.00,0.00
798.00,0.44,1.60,0.03,0.99,3.24,0.81,10.80,7.00,1.00
799.00,0.34,3.60,0.08,0.99,3.29,0.52,10.70,6.00,1.00
800.00,0.34,3.60,0.08,0.99,3.29,0.52,10.70,6.00,1.00
801.00,0.08,4.00,0.08,0.99,3.25,0.51,9.40,5.00,0.00
802.00,0.09,3.30,0.06,0.99,3.23,0.44,10.00,5.00,0.00
803.00,0.00,1.70,0.04,0.99,3.56,0.94,12.90,7.00,1.00
804.00,0.08,2.50,0.11,0.99,3.24,0.66,9.60,6.00,1.00
805.00,0.22,2.70,0.08,0.99,3.26,0.57,9.90,6.00,1.00
806.00,0.40,2.40,0.05,0.99,3.33,0.70,12.80,7.00,1.00
807.00,0.39,2.00,0.04,0.99,3.27,0.71,12.50,7.00,1.00
808.00,0.40,2.40,0.05,0.99,3.33,0.70,12.80,7.00,1.00
809.00,0.12,1.90,0.16,0.99,3.26,0.86,9.20,5.00,0.00
810.00,0.31,2.80,0.07,0.99,3.22,0.55,10.30,6.00,1.00
811.00,0.10,2.60,0.06,0.99,3.30,0.47,10.50,5.00,0.00
812.00,0.55,2.80,0.07,1.00,3.09,0.68,10.90,6.00,1.00
813.00,0.33,2.50,0.09,0.99,3.24,0.71,10.80,5.00,0.00
814.00,0.24,2.10,0.10,0.99,3.44,0.58,11.40,4.00,0.00
815.00,0.54,2.80,0.10,0.99,3.21,0.76,11.30,6.00,1.00
816.00,0.33,2.50,0.09,0.99,3.24,0.71,10.80,5.00,0.00
817.00,0.19,3.20,0.08,0.99,3.23,0.58,10.50,6.00,1.00
818.00,0.42,1.60,0.08,0.99,3.28,0.73,11.90,6.00,1.00
819.00,0.00,2.35,0.07,0.99,3.29,0.45,9.40,5.00,0.00
820.00,0.15,3.20,0.09,0.99,3.28,0.54,9.60,5.00,0.00
821.00,0.00,1.90,0.09,0.99,3.34,0.60,9.70,5.00,0.00
822.00,0.00,2.10,0.04,0.99,3.71,0.74,14.00,7.00,1.00
823.00,0.13,2.00,0.07,0.99,3.61,0.64,9.80,5.00,0.00
824.00,0.13,2.00,0.07,0.99,3.61,0.64,9.80,5.00,0.00
825.00,0.28,2.80,0.06,0.99,3.24,0.53,10.30,5.00,0.00
826.00,0.14,2.80,0.07,0.99,3.36,0.49,10.70,5.00,0.00
827.00,0.34,2.30,0.05,0.99,3.40,0.64,11.00,7.00,1.00
828.00,0.14,2.80,0.07,0.99,3.36,0.49,10.70,5.00,0.00
829.00,0.09,2.30,0.06,0.99,3.46,0.74,12.70,8.00,1.00
830.00,0.08,2.10,0.07,0.99,3.56,0.77,11.10,6.00,1.00
831.00,0.07,2.50,0.05,0.99,3.38,0.55,10.90,4.00,0.00
832.00,0.08,2.10,0.07,0.99,3.56,0.77,11.10,6.00,1.00
833.00,0.42,1.50,0.14,0.99,3.38,0.86,9.90,3.00,0.00
834.00,0.44,1.60,0.14,0.99,3.38,0.86,9.90,4.00,0.00
835.00,0.26,1.60,0.08,0.99,3.32,0.47,9.40,5.00,0.00
836.00,0.10,1.50,0.06,0.99,3.39,0.51,9.30,5.00,0.00
837.00,0.28,2.40,0.01,0.99,3.26,0.39,11.70,7.00,1.00
838.00,0.28,2.40,0.01,0.99,3.26,0.39,11.70,7.00,1.00
839.00,0.35,1.60,0.07,0.99,3.24,0.83,11.20,7.00,1.00
840.00,0.04,2.20,0.09,0.99,3.46,0.47,10.00,5.00,0.00
841.00,0.47,2.65,0.08,0.99,3.24,0.77,12.10,7.00,1.00
842.00,0.00,3.00,0.11,0.99,3.45,0.63,10.30,5.00,0.00
843.00,0.45,2.60,0.11,0.99,3.23,0.72,10.90,6.00,1.00
844.00,0.35,2.00,0.08,0.99,3.28,0.62,9.40,5.00,0.00
845.00,0.46,1.70,0.06,0.99,3.18,0.83,10.60,6.00,1.00
846.00,0.21,1.80,0.08,0.99,3.59,0.66,9.80,5.00,0.00
847.00,0.21,1.80,0.08,0.99,3.59,0.66,9.80,5.00,0.00
848.00,0.16,1.80,0.07,0.99,3.50,0.70,9.90,6.00,1.00
849.00,0.21,1.80,0.08,0.99,3.59,0.66,9.80,5.00,0.00
850.00,0.21,1.60,0.08,0.99,3.58,0.66,9.80,5.00,0.00
851.00,0.44,1.90,0.08,0.99,3.28,0.55,9.50,5.00,0.00
852.00,0.44,1.90,0.08,0.99,3.28,0.55,9.50,5.00,0.00
853.00,0.32,2.50,0.08,0.99,3.22,1.07,9.70,5.00,0.00
854.00,0.39,1.50,0.08,0.99,3.47,0.73,10.90,6.00,1.00
855.00,0.39,1.50,0.08,0.99,3.47,0.73,10.90,6.00,1.00
856.00,0.02,2.50,0.07,0.99,3.51,0.71,11.70,7.00,1.00
857.00,0.39,1.50,0.08,0.99,3.47,0.73,10.90,6.00,1.00
858.00,0.34,2.50,0.07,0.99,3.40,0.78,11.30,7.00,1.00
859.00,0.47,1.70,0.05,0.99,3.15,0.67,10.60,7.00,1.00
860.00,0.22,1.80,0.07,0.99,3.40,0.82,11.20,6.00,1.00
861.00,0.06,2.70,0.07,0.99,3.51,0.54,9.50,5.00,0.00
862.00,0.66,2.00,0.03,0.99,3.66,0.60,11.50,6.00,1.00
863.00,0.32,2.70,0.06,0.99,3.24,0.44,10.40,5.00,0.00
864.00,0.06,2.50,0.07,0.99,3.51,0.53,9.70,5.00,0.00
865.00,0.06,2.70,0.07,0.99,3.51,0.54,9.50,5.00,0.00
866.00,0.07,2.60,0.07,0.99,3.51,0.54,9.70,5.00,0.00
867.00,0.22,2.30,0.07,0.99,3.41,0.83,11.30,6.00,1.00
868.00,0.23,2.00,0.07,0.99,3.40,0.84,11.20,6.00,1.00
869.00,0.22,1.80,0.07,0.99,3.40,0.82,11.20,6.00,1.00
870.00,0.03,2.00,0.08,0.99,3.44,0.64,10.90,6.00,1.00
871.00,0.01,2.10,0.06,0.99,3.41,0.57,11.80,6.00,1.00
872.00,0.03,1.50,0.08,0.99,3.53,0.57,10.60,5.00,0.00
873.00,0.24,2.00,0.06,0.99,3.43,0.54,10.00,4.00,0.00
874.00,0.37,1.60,0.06,0.99,3.23,0.58,11.10,7.00,1.00
875.00,0.46,2.10,0.10,0.99,3.12,0.65,11.80,7.00,1.00
876.00,0.40,2.80,0.10,0.99,3.31,0.79,11.80,7.00,1.00
877.00,0.00,2.20,0.06,0.99,3.40,0.58,10.90,4.00,0.00
878.00,0.01,2.10,0.06,0.99,3.41,0.57,11.80,6.00,1.00
879.00,0.19,4.00,0.09,0.99,3.22,0.50,10.00,6.00,1.00
880.00,0.04,2.50,0.07,0.99,3.53,0.55,9.50,5.00,0.00
881.00,0.18,1.60,0.07,0.99,3.15,0.49,9.90,5.00,0.00
882.00,0.00,2.10,0.06,0.99,3.48,0.65,11.40,6.00,1.00
883.00,0.29,3.10,0.19,0.99,3.22,0.78,12.00,6.00,1.00
884.00,0.04,2.50,0.07,0.99,3.53,0.55,9.50,5.00,0.00
885.00,0.19,4.00,0.09,0.99,3.22,0.50,10.00,6.00,1.00
886.00,0.14,2.50,0.08,0.99,3.34,0.64,10.50,5.00,0.00
887.00,0.12,2.40,0.08,0.99,3.33,0.65,10.40,6.00,1.00
888.00,0.38,2.60,0.06,0.99,3.15,0.79,12.10,7.00,1.00
889.00,0.00,2.50,0.07,0.99,3.43,0.56,11.20,6.00,1.00
890.00,0.34,6.60,0.11,1.00,3.22,0.68,9.30,5.00,0.00
891.00,0.24,2.00,0.07,0.99,3.44,0.58,10.10,5.00,0.00
892.00,0.03,2.30,0.07,0.99,3.53,0.57,9.70,5.00,0.00
893.00,0.23,1.90,0.08,0.99,3.22,0.65,9.30,6.00,1.00
894.00,0.03,2.30,0.07,0.99,3.53,0.57,9.70,5.00,0.00
895.00,0.03,2.20,0.08,0.99,3.53,0.58,9.80,6.00,1.00
896.00,0.01,2.30,0.08,0.99,3.42,0.58,10.70,6.00,1.00
897.00,0.39,2.40,0.07,0.99,3.31,0.77,12.50,7.00,1.00
898.00,0.01,2.30,0.08,0.99,3.42,0.58,10.70,6.00,1.00
899.00,0.39,2.40,0.07,0.99,3.31,0.77,12.50,7.00,1.00
900.00,0.02,3.40,0.08,0.99,3.48,0.49,11.00,3.00,0.00
901.00,0.36,2.60,0.05,0.99,3.40,0.69,11.80,5.00,0.00
902.00,0.10,2.40,0.08,0.99,3.58,0.69,10.80,7.00,1.00
903.00,0.10,2.40,0.08,0.99,3.58,0.69,10.80,7.00,1.00
904.00,0.06,6.00,0.06,0.99,3.41,0.59,10.80,7.00,1.00
905.00,0.06,6.00,0.06,0.99,3.41,0.59,10.80,7.00,1.00
906.00,0.20,3.00,0.08,0.99,3.23,0.59,9.50,5.00,0.00
907.00,0.27,2.60,0.08,0.99,3.39,0.71,11.00,5.00,0.00
908.00,0.00,2.20,0.07,0.99,3.59,0.54,11.50,6.00,1.00
909.00,0.13,2.40,0.07,0.99,3.43,0.59,10.80,6.00,1.00
910.00,0.39,1.20,0.05,0.99,3.29,0.52,11.50,6.00,1.00
911.00,0.48,3.80,0.13,0.99,3.23,0.57,13.20,6.00,1.00
912.00,0.46,9.00,0.11,0.99,3.18,0.60,10.90,6.00,1.00
913.00,0.44,2.90,0.06,0.99,3.33,0.62,12.20,6.00,1.00
914.00,0.46,4.60,0.09,0.99,3.27,0.64,12.20,7.00,1.00
915.00,0.39,1.20,0.05,0.99,3.29,0.52,11.50,6.00,1.00
916.00,0.40,2.20,0.07,0.99,3.27,0.67,11.90,6.00,1.00
917.00,0.19,1.50,0.16,0.99,3.62,0.61,11.00,5.00,0.00
918.00,0.31,8.80,0.08,0.99,3.38,0.64,10.10,6.00,1.00
919.00,0.32,2.20,0.08,0.99,3.30,0.72,11.00,6.00,1.00
920.00,0.12,1.80,0.07,0.99,3.38,0.89,11.80,6.00,1.00
921.00,0.37,2.30,0.09,0.99,3.24,0.56,10.50,5.00,0.00
922.00,0.32,2.20,0.08,0.99,3.30,0.72,11.00,6.00,1.00
923.00,0.12,1.80,0.07,0.99,3.38,0.89,11.80,6.00,1.00
924.00,0.31,8.80,0.08,0.99,3.38,0.64,10.10,6.00,1.00
925.00,0.27,2.30,0.05,0.99,3.18,0.80,11.20,5.00,0.00
926.00,0.36,1.90,0.06,0.99,3.47,0.87,11.00,7.00,1.00
927.00,0.33,2.30,0.06,0.99,3.47,0.90,10.20,6.00,1.00
928.00,0.19,2.20,0.09,0.99,3.20,0.59,9.20,4.00,0.00
929.00,0.27,2.30,0.05,0.99,3.18,0.80,11.20,5.00,0.00
930.00,0.38,3.30,0.06,0.99,3.30,0.73,12.00,7.00,1.00
931.00,0.01,1.90,0.08,0.99,3.69,0.73,10.50,5.00,0.00
932.00,0.01,2.00,0.07,0.99,3.48,0.65,9.80,5.00,0.00
933.00,0.29,1.90,0.07,0.99,3.45,0.59,9.50,6.00,1.00
934.00,0.01,2.00,0.07,0.99,3.48,0.65,9.80,5.00,0.00
935.00,0.01,1.90,0.08,0.99,3.69,0.73,10.50,5.00,0.00
936.00,0.38,2.30,0.06,0.99,3.39,0.72,11.80,6.00,1.00
937.00,0.38,2.30,0.06,0.99,3.39,0.72,11.80,6.00,1.00
938.00,0.50,1.40,0.07,0.99,3.07,0.60,10.40,4.00,0.00
939.00,0.38,2.80,0.06,0.99,3.34,0.72,12.90,7.00,1.00
940.00,0.17,1.60,0.07,0.99,3.61,0.54,11.40,5.00,0.00
941.00,0.52,2.20,0.07,0.99,3.36,0.76,12.40,7.00,1.00
942.00,0.49,5.00,0.08,0.99,3.19,0.52,12.50,7.00,1.00
943.00,0.40,2.60,0.09,0.99,3.22,0.64,10.00,7.00,1.00
944.00,0.34,2.30,0.09,0.99,3.24,0.60,9.70,7.00,1.00
945.00,0.49,3.80,0.09,0.99,3.27,0.64,12.10,7.00,1.00
946.00,0.42,2.00,0.07,0.99,3.14,0.79,11.10,7.00,1.00
947.00,0.58,4.10,0.09,0.99,3.29,0.99,12.00,7.00,1.00
948.00,0.48,2.10,0.09,0.99,3.26,0.62,12.40,7.00,1.00
949.00,0.45,1.80,0.07,0.99,3.41,0.76,11.90,7.00,1.00
950.00,0.45,1.80,0.07,0.99,3.41,0.76,11.90,7.00,1.00
951.00,0.45,1.80,0.07,0.99,3.41,0.76,11.90,7.00,1.00
952.00,0.48,2.10,0.09,0.99,3.26,0.62,12.40,7.00,1.00
953.00,0.40,2.20,0.05,0.99,3.31,0.68,11.20,7.00,1.00
954.00,0.48,2.10,0.05,0.99,3.20,0.69,12.10,7.00,1.00
955.00,0.40,2.70,0.08,0.99,3.44,0.54,12.20,6.00,1.00
956.00,0.52,1.90,0.09,0.99,3.36,0.67,10.40,5.00,0.00
957.00,0.52,2.10,0.11,0.99,3.31,0.62,11.30,6.00,1.00
958.00,0.52,2.00,0.08,0.99,3.29,0.58,11.10,6.00,1.00
959.00,0.12,2.30,0.12,0.99,3.47,0.71,11.30,7.00,1.00
960.00,0.05,2.00,0.08,0.99,3.36,0.61,10.00,5.00,0.00
961.00,0.27,1.90,0.05,0.99,3.16,0.85,11.10,6.00,1.00
962.00,0.14,1.60,0.07,0.99,3.27,0.62,9.30,5.00,0.00
963.00,0.02,2.10,0.11,0.99,3.38,0.69,9.50,5.00,0.00
964.00,0.39,2.00,0.10,0.99,3.15,0.69,11.20,6.00,1.00
965.00,0.27,1.90,0.05,0.99,3.16,0.85,11.10,6.00,1.00
966.00,0.40,2.40,0.06,0.99,3.34,0.86,11.00,6.00,1.00
967.00,0.41,2.40,0.10,0.99,3.13,0.58,11.90,7.00,1.00
968.00,0.20,2.10,0.09,0.99,3.13,0.48,9.20,5.00,0.00
969.00,0.43,2.40,0.06,0.99,3.20,0.60,12.20,6.00,1.00
970.00,0.09,2.90,0.07,0.99,3.46,0.61,10.20,5.00,0.00
971.00,0.48,1.90,0.06,0.99,3.33,0.87,10.90,6.00,1.00
972.00,0.48,1.90,0.06,0.99,3.33,0.87,10.90,6.00,1.00
973.00,0.50,2.40,0.10,0.99,3.22,0.65,11.60,7.00,1.00
974.00,0.44,1.70,0.07,0.99,3.52,0.63,10.70,5.00,0.00
975.00,0.41,5.90,0.07,0.99,3.30,0.62,12.10,7.00,1.00
976.00,0.30,2.10,0.08,0.99,3.44,0.52,9.40,5.00,0.00
977.00,0.30,2.10,0.08,0.99,3.44,0.52,9.40,5.00,0.00
978.00,0.29,2.60,0.10,0.99,3.15,0.50,9.10,5.00,0.00
979.00,0.32,3.60,0.06,0.99,3.28,0.49,11.30,7.00,1.00
980.00,0.49,1.40,0.07,0.99,3.13,0.63,10.40,5.00,0.00
981.00,0.30,1.90,0.06,0.99,3.32,0.71,10.50,6.00,1.00
982.00,0.26,1.90,0.07,0.99,3.25,0.62,10.00,5.00,0.00
983.00,0.32,2.10,0.07,0.99,3.34,0.82,12.90,6.00,1.00
984.00,0.30,1.90,0.06,0.99,3.32,0.71,10.50,6.00,1.00
985.00,0.49,1.40,0.07,0.99,3.13,0.63,10.40,5.00,0.00
986.00,0.00,2.00,0.06,0.99,3.45,0.58,11.30,6.00,1.00
987.00,0.39,1.40,0.06,0.99,3.19,0.55,11.40,7.00,1.00
988.00,0.30,1.60,0.08,0.99,3.44,0.50,9.40,5.00,0.00
989.00,0.12,1.70,0.09,0.99,3.16,0.49,9.40,5.00,0.00
990.00,0.40,1.50,0.07,0.99,3.14,0.51,10.90,6.00,1.00
991.00,0.12,1.70,0.09,0.99,3.16,0.49,9.40,5.00,0.00
992.00,0.28,2.00,0.08,0.99,3.45,0.48,9.40,5.00,0.00
993.00,0.10,2.00,0.07,0.99,3.36,0.48,9.40,6.00,1.00
994.00,0.28,2.00,0.08,0.99,3.45,0.48,9.40,5.00,0.00
995.00,0.45,2.50,0.09,0.99,3.15,0.43,9.40,5.00,0.00
996.00,0.06,2.00,0.07,0.99,3.39,0.62,10.10,6.00,1.00
997.00,0.00,2.20,0.08,0.99,3.71,0.63,12.80,7.00,1.00
998.00,0.00,2.20,0.08,0.99,3.71,0.63,12.80,7.00,1.00
999.00,0.34,1.40,0.05,0.99,3.12,0.48,9.10,6.00,1.00
1000.00,0.00,1.65,0.05,0.99,3.47,0.53,12.90,6.00,1.00
1001.00,0.30,2.20,0.06,0.99,3.44,0.72,11.50,7.00,1.00
1002.00,0.38,1.50,0.05,0.99,3.26,0.82,10.60,7.00,1.00
1003.00,0.33,2.05,0.06,0.99,3.26,0.84,11.70,7.00,1.00
1004.00,0.32,1.80,0.06,0.99,3.36,0.55,12.80,7.00,1.00
1005.00,0.29,1.60,0.08,0.99,3.25,0.54,10.30,5.00,0.00
1006.00,0.32,1.80,0.06,0.99,3.36,0.55,12.80,7.00,1.00
1007.00,0.33,2.05,0.06,0.99,3.26,0.84,11.70,7.00,1.00
1008.00,0.34,2.00,0.06,0.99,3.26,0.84,11.70,7.00,1.00
1009.00,0.40,3.60,0.11,0.99,3.23,0.70,12.00,7.00,1.00
1010.00,0.36,2.80,0.11,0.99,3.18,0.68,10.90,5.00,0.00
1011.00,0.45,1.70,0.06,0.99,3.25,0.55,12.30,7.00,1.00
1012.00,0.31,2.00,0.08,0.99,3.17,0.55,10.40,6.00,1.00
1013.00,0.15,2.10,0.10,0.99,3.23,0.48,10.00,5.00,0.00
1014.00,0.00,1.60,0.09,0.99,3.38,0.58,10.00,6.00,1.00
1015.00,0.16,2.00,0.12,0.99,3.22,0.58,11.20,6.00,1.00
1016.00,0.46,2.20,0.07,0.99,3.06,0.84,11.40,6.00,1.00
1017.00,0.40,2.20,0.06,0.99,3.27,0.75,12.60,7.00,1.00
1018.00,0.37,0.90,0.04,0.99,2.89,0.44,12.70,6.00,1.00
1019.00,0.37,0.90,0.04,0.99,2.89,0.44,12.70,6.00,1.00
1020.00,0.14,1.80,0.07,0.99,3.53,0.61,10.40,5.00,0.00
1021.00,0.66,2.40,0.12,0.99,3.20,0.53,11.90,6.00,1.00
1022.00,0.66,2.40,0.12,0.99,3.20,0.53,11.90,6.00,1.00
1023.00,0.09,2.10,0.06,0.99,3.35,0.54,10.50,5.00,0.00
1024.00,0.42,2.30,0.09,0.99,3.27,0.55,12.30,6.00,1.00
1025.00,0.01,1.80,0.08,0.99,3.32,0.56,10.50,7.00,1.00
1026.00,0.00,2.80,0.09,0.99,3.33,0.60,10.40,6.00,1.00
1027.00,0.32,1.90,0.06,0.99,3.41,0.56,12.60,6.00,1.00
1028.00,0.00,2.20,0.06,0.99,3.49,0.52,11.60,5.00,0.00
1029.00,0.21,2.50,0.07,0.99,3.37,0.54,10.10,6.00,1.00
1030.00,0.01,1.80,0.08,0.99,3.32,0.56,10.50,7.00,1.00
1031.00,0.00,2.10,0.09,0.99,3.42,0.55,11.50,7.00,1.00
1032.00,0.01,1.80,0.09,0.99,3.35,0.58,11.00,7.00,1.00
1033.00,0.00,4.10,0.09,0.99,3.36,0.53,9.60,5.00,0.00
1034.00,0.08,2.60,0.08,0.99,3.30,0.59,10.40,6.00,1.00
1035.00,0.18,2.50,0.07,0.99,3.20,0.47,9.70,6.00,1.00
1036.00,0.34,2.40,0.08,0.99,3.17,0.65,10.60,7.00,1.00
1037.00,0.34,2.50,0.08,0.99,3.22,0.59,12.50,7.00,1.00
1038.00,0.10,1.80,0.07,0.99,3.35,0.56,9.20,5.00,0.00
1039.00,0.41,6.20,0.07,0.99,3.24,0.77,12.60,7.00,1.00
1040.00,0.21,2.20,0.08,0.99,3.33,0.83,11.10,6.00,1.00
1041.00,0.00,2.20,0.08,0.99,3.58,0.67,10.20,5.00,0.00
1042.00,0.19,1.70,0.07,0.99,3.38,0.64,9.80,6.00,1.00
1043.00,0.21,2.20,0.08,0.99,3.33,0.83,11.10,6.00,1.00
1044.00,0.41,8.90,0.06,0.99,3.29,0.81,10.90,7.00,1.00
1045.00,0.33,3.30,0.04,0.99,3.36,0.62,12.20,6.00,1.00
1046.00,0.00,1.40,0.07,0.99,3.32,0.58,11.40,6.00,1.00
1047.00,0.00,1.70,0.07,0.99,3.31,0.62,10.70,6.00,1.00
1048.00,0.17,1.80,0.08,0.99,3.49,0.64,10.40,5.00,0.00
1049.00,0.36,1.70,0.08,0.99,3.27,0.78,10.90,6.00,1.00
1050.00,0.36,1.80,0.08,0.99,3.27,0.77,10.80,6.00,1.00
1051.00,0.17,1.80,0.08,0.99,3.49,0.64,10.40,5.00,0.00
1052.00,0.59,1.40,0.41,0.99,3.03,1.34,9.20,5.00,0.00
1053.00,0.05,2.40,0.07,0.99,3.56,0.55,12.90,5.00,0.00
1054.00,0.42,2.30,0.07,0.99,3.38,0.77,12.70,7.00,1.00
1055.00,0.27,2.00,0.09,0.99,3.13,0.62,9.10,6.00,1.00
1056.00,0.27,2.00,0.09,0.99,3.13,0.62,9.10,6.00,1.00
1057.00,0.53,4.00,0.10,0.99,3.21,0.59,12.10,7.00,1.00
1058.00,0.25,3.90,0.10,0.99,3.15,0.57,9.10,5.00,0.00
1059.00,0.57,2.40,0.09,0.99,3.19,0.76,11.60,7.00,1.00
1060.00,0.53,4.00,0.10,0.99,3.21,0.59,12.10,7.00,1.00
1061.00,0.57,1.80,0.07,0.99,3.14,0.70,9.90,6.00,1.00
1062.00,0.50,1.80,0.07,0.99,3.21,0.69,12.50,8.00,1.00
1063.00,0.44,1.90,0.09,0.99,3.30,0.64,11.40,6.00,1.00
1064.00,0.65,2.40,0.07,0.99,3.22,0.63,11.80,6.00,1.00
1065.00,0.09,2.00,0.06,0.99,3.28,0.57,11.80,6.00,1.00
1066.00,0.18,2.40,0.08,0.99,3.29,0.60,10.20,6.00,1.00
1067.00,0.08,2.40,0.07,0.99,3.40,0.72,12.50,7.00,1.00
1068.00,0.53,2.20,0.06,0.99,3.02,0.83,10.90,7.00,1.00
1069.00,0.53,2.20,0.06,0.99,3.02,0.83,10.90,7.00,1.00
1070.00,0.35,2.80,0.08,0.99,3.31,0.62,10.80,5.00,0.00
1071.00,0.45,1.50,0.05,0.99,3.18,0.89,11.10,7.00,1.00
1072.00,0.20,8.10,0.09,0.99,3.20,0.58,9.20,5.00,0.00
1073.00,0.26,1.80,0.08,0.99,3.40,0.58,9.50,6.00,1.00
1074.00,0.33,2.70,0.08,0.99,3.31,0.58,10.70,6.00,1.00
1075.00,0.20,8.10,0.09,0.99,3.20,0.58,9.20,5.00,0.00
1076.00,0.34,2.00,0.07,0.99,3.44,0.86,10.20,7.00,1.00
1077.00,0.56,2.00,0.07,0.99,3.15,0.73,11.40,6.00,1.00
1078.00,0.65,6.40,0.08,0.99,3.27,0.58,11.00,5.00,0.00
1079.00,0.65,6.40,0.08,0.99,3.27,0.58,11.00,5.00,0.00
1080.00,0.68,8.30,0.05,0.99,3.01,0.51,12.30,7.00,1.00
1081.00,0.56,1.40,0.04,0.99,3.16,0.51,11.80,6.00,1.00
1082.00,0.68,8.30,0.05,0.99,3.01,0.51,12.30,7.00,1.00
1083.00,0.30,1.80,0.07,0.99,3.42,0.59,9.50,6.00,1.00
1084.00,0.45,2.40,0.07,0.99,3.33,0.77,12.00,6.00,1.00
1085.00,0.30,1.80,0.07,0.99,3.42,0.59,9.50,6.00,1.00
1086.00,0.08,1.80,0.07,0.99,3.12,0.49,9.60,5.00,0.00
1087.00,0.40,4.70,0.05,0.99,3.38,0.66,11.60,7.00,1.00
1088.00,0.42,1.60,0.05,0.99,3.29,0.69,11.20,6.00,1.00
1089.00,0.54,1.50,0.09,0.99,3.02,0.76,9.90,7.00,1.00
1090.00,0.54,1.50,0.09,0.99,3.02,0.76,9.90,7.00,1.00
1091.00,0.54,1.90,0.08,0.99,2.98,0.63,11.80,8.00,1.00
1092.00,0.42,2.00,0.08,0.99,3.35,0.60,11.40,6.00,1.00
1093.00,0.09,2.00,0.08,0.99,3.43,0.59,11.50,6.00,1.00
1094.00,0.36,2.20,0.07,0.99,3.33,0.86,12.00,7.00,1.00
1095.00,0.09,5.50,0.11,0.99,3.35,0.49,10.80,6.00,1.00
1096.00,0.47,2.50,0.08,0.99,3.15,0.50,10.50,5.00,0.00
1097.00,0.09,5.50,0.11,0.99,3.35,0.49,10.80,6.00,1.00
1098.00,0.38,1.50,0.09,0.99,3.20,0.52,9.40,5.00,0.00
1099.00,0.45,2.10,0.21,0.99,3.15,0.81,12.50,7.00,1.00
1100.00,0.38,1.50,0.09,0.99,3.20,0.52,9.40,5.00,0.00
1101.00,0.42,2.10,0.07,0.99,3.11,0.78,12.40,6.00,1.00
1102.00,0.27,2.10,0.07,0.99,3.35,0.63,12.00,6.00,1.00
1103.00,0.09,1.70,0.07,0.99,3.45,0.54,11.20,6.00,1.00
1104.00,0.27,2.10,0.07,0.99,3.35,0.63,12.00,6.00,1.00
1105.00,0.34,2.20,0.07,0.99,3.28,0.66,12.40,6.00,1.00
1106.00,0.28,2.10,0.04,0.99,3.41,0.60,12.80,5.00,0.00
1107.00,0.42,1.90,0.06,0.99,3.21,0.54,12.30,6.00,1.00
1108.00,0.41,2.00,0.06,0.99,3.27,0.85,11.70,7.00,1.00
1109.00,0.10,3.30,0.09,0.99,3.36,0.49,9.50,5.00,0.00
1110.00,0.43,2.10,0.17,0.99,3.17,0.76,10.80,6.00,1.00
1111.00,0.00,1.40,0.07,0.99,3.25,0.64,10.00,6.00,1.00
1112.00,0.27,2.00,0.09,0.99,3.78,0.64,12.30,7.00,1.00
1113.00,0.41,1.50,0.05,0.99,3.29,0.71,11.00,6.00,1.00
1114.00,0.39,1.60,0.07,0.99,3.12,0.59,9.50,6.00,1.00
1115.00,0.50,4.30,0.04,0.99,3.49,0.66,13.60,6.00,1.00
1116.00,0.07,2.50,0.09,0.99,3.38,0.60,11.30,6.00,1.00
1117.00,0.07,2.50,0.09,0.99,3.38,0.60,11.30,6.00,1.00
1118.00,0.07,2.50,0.09,0.99,3.38,0.60,11.30,6.00,1.00
1119.00,0.12,2.10,0.06,0.99,3.30,0.53,13.30,6.00,1.00
1120.00,0.00,2.50,0.06,0.99,3.52,0.58,12.90,5.00,0.00
1121.00,0.34,2.50,0.07,0.99,3.20,0.72,13.10,8.00,1.00
1122.00,0.00,1.80,0.06,0.99,3.44,0.55,12.30,6.00,1.00
1123.00,0.00,1.40,0.05,0.99,3.45,0.48,12.30,6.00,1.00
1124.00,0.37,1.90,0.08,0.99,3.12,0.65,11.20,6.00,1.00
1125.00,0.00,2.20,0.09,0.99,3.62,0.62,11.50,4.00,0.00
1126.00,0.35,1.70,0.05,0.99,3.14,0.59,11.30,7.00,1.00
1127.00,0.26,1.70,0.06,0.99,3.39,0.54,13.50,6.00,1.00
1128.00,0.00,2.90,0.07,0.99,3.51,0.60,11.50,6.00,1.00
1129.00,0.33,2.70,0.09,0.99,3.22,0.68,10.00,5.00,0.00
1130.00,0.35,3.30,0.09,0.99,3.21,0.69,10.50,6.00,1.00
1131.00,0.00,1.90,0.05,0.99,3.18,0.63,10.40,6.00,1.00
1132.00,0.21,1.70,0.04,0.99,3.32,0.44,9.50,5.00,0.00
1133.00,0.34,1.80,0.07,0.99,3.38,0.88,13.60,7.00,1.00
1134.00,0.07,5.50,0.08,0.99,3.37,0.68,11.20,7.00,1.00
1135.00,0.35,1.70,0.06,0.99,3.30,0.74,11.80,7.00,1.00
1136.00,0.43,1.70,0.06,0.99,3.38,0.60,11.90,6.00,1.00
1137.00,0.45,2.00,0.08,0.99,3.22,0.76,11.40,6.00,1.00
1138.00,0.45,2.00,0.08,0.99,3.22,0.76,11.40,6.00,1.00
1139.00,0.15,3.70,0.10,0.99,3.14,0.58,9.10,5.00,0.00
1140.00,0.24,2.00,0.07,0.99,3.34,0.64,9.50,6.00,1.00
1141.00,0.30,1.70,0.08,0.99,3.41,0.65,9.50,6.00,1.00
1142.00,0.32,2.50,0.08,0.99,3.27,0.85,11.00,6.00,1.00
1143.00,0.11,2.40,0.04,0.99,3.30,0.65,11.40,6.00,1.00
1144.00,0.30,1.80,0.06,0.99,3.61,0.82,10.00,6.00,1.00
1145.00,0.23,2.30,0.06,0.99,3.43,0.62,10.10,5.00,0.00
1146.00,0.43,2.50,0.07,0.99,3.53,0.81,10.40,6.00,1.00
1147.00,0.12,1.80,0.17,0.99,3.28,0.87,9.80,6.00,1.00
1148.00,0.45,6.20,0.07,0.99,3.21,0.49,11.80,7.00,1.00
1149.00,0.42,2.00,0.08,0.99,3.39,0.66,11.60,6.00,1.00
1150.00,0.47,2.00,0.06,0.99,3.23,0.52,12.00,6.00,1.00
1151.00,0.32,2.80,0.06,0.99,3.30,0.76,12.80,7.00,1.00
1152.00,0.23,2.50,0.04,0.99,3.46,0.65,12.50,6.00,1.00
1153.00,0.25,2.20,0.11,0.99,3.15,0.53,9.80,5.00,0.00
1154.00,0.35,2.10,0.08,0.99,3.23,0.66,11.10,6.00,1.00
1155.00,0.00,2.20,0.10,0.99,3.59,0.68,11.40,6.00,1.00
1156.00,0.25,2.20,0.11,0.99,3.15,0.53,9.80,5.00,0.00
1157.00,0.51,1.75,0.07,0.99,3.33,0.76,11.80,7.00,1.00
1158.00,0.18,2.10,0.04,0.99,3.46,0.87,12.90,7.00,1.00
1159.00,0.43,2.80,0.07,0.99,3.42,1.16,10.60,6.00,1.00
1160.00,0.43,2.20,0.11,0.99,3.16,0.67,10.80,5.00,0.00
1161.00,0.57,2.30,0.08,0.99,3.14,0.72,11.10,7.00,1.00
1162.00,0.43,1.40,0.07,0.99,3.21,0.75,10.20,6.00,1.00
1163.00,0.42,2.30,0.07,0.99,3.14,0.71,11.80,7.00,1.00
1164.00,0.24,1.70,0.07,0.99,3.29,0.67,10.00,5.00,0.00
1165.00,0.24,1.70,0.07,0.99,3.29,0.67,10.00,5.00,0.00
1166.00,0.50,1.90,0.36,0.99,3.01,1.10,9.40,5.00,0.00
1167.00,0.26,2.00,0.11,0.99,2.94,0.98,10.20,5.00,0.00
1168.00,0.39,2.50,0.07,0.99,3.32,0.88,12.40,7.00,1.00
1169.00,0.27,2.80,0.06,0.99,3.21,0.56,12.00,6.00,1.00
1170.00,0.29,2.30,0.08,0.99,3.32,0.62,11.50,6.00,1.00
1171.00,0.34,1.60,0.06,0.99,3.20,0.67,10.50,6.00,1.00
1172.00,0.00,2.20,0.07,0.99,3.42,0.68,10.80,6.00,1.00
1173.00,0.46,2.10,0.07,0.99,3.27,0.74,12.30,6.00,1.00
1174.00,0.31,1.70,0.07,0.99,3.46,0.62,9.50,6.00,1.00
1175.00,0.31,1.70,0.07,0.99,3.46,0.62,9.50,6.00,1.00
1176.00,0.00,2.20,0.09,0.99,3.61,0.70,11.50,6.00,1.00
1177.00,0.03,5.60,0.07,0.99,3.58,0.50,11.20,4.00,0.00
1178.00,0.00,2.40,0.05,0.99,3.35,0.66,12.70,7.00,1.00
1179.00,0.00,2.10,0.04,0.99,3.68,0.73,11.40,5.00,0.00
1180.00,0.33,2.40,0.07,0.99,3.27,0.81,11.00,6.00,1.00
1181.00,0.33,2.40,0.07,0.99,3.27,0.81,11.00,6.00,1.00
1182.00,0.43,1.65,0.06,0.99,3.19,0.46,11.40,5.00,0.00
1183.00,0.40,2.50,0.06,0.99,3.38,0.86,10.50,6.00,1.00
1184.00,0.07,1.60,0.07,0.99,3.29,0.60,9.30,5.00,0.00
1185.00,0.23,2.10,0.08,0.99,3.36,0.70,10.90,5.00,0.00
1186.00,0.30,2.00,0.08,0.99,3.33,0.46,11.90,6.00,1.00
1187.00,0.03,7.80,0.07,0.99,3.52,0.50,12.20,5.00,0.00
1188.00,0.30,2.00,0.08,0.99,3.33,0.46,11.90,6.00,1.00
1189.00,0.23,2.10,0.08,0.99,3.36,0.70,10.90,5.00,0.00
1190.00,0.05,1.80,0.07,0.99,3.30,0.44,9.60,4.00,0.00
1191.00,0.57,4.60,0.08,0.99,3.28,0.57,12.50,6.00,1.00
1192.00,0.00,2.30,0.16,0.99,3.56,0.51,10.80,5.00,0.00
1193.00,0.37,2.50,0.06,0.99,3.52,0.80,12.40,7.00,1.00
1194.00,0.00,2.30,0.16,0.99,3.56,0.51,10.80,5.00,0.00
1195.00,0.12,1.80,0.11,0.99,3.22,0.59,9.50,6.00,1.00
1196.00,0.22,1.80,0.07,0.99,3.52,0.60,9.50,6.00,1.00
1197.00,0.23,2.30,0.07,0.99,3.21,0.58,9.50,6.00,1.00
1198.00,0.21,1.50,0.06,0.99,3.16,0.54,9.80,6.00,1.00
1199.00,0.26,2.00,0.05,0.99,3.15,0.79,10.90,6.00,1.00
1200.00,0.23,2.30,0.07,0.99,3.21,0.58,9.50,6.00,1.00
1201.00,0.21,1.50,0.06,0.99,3.16,0.54,9.80,6.00,1.00
1202.00,0.36,1.90,0.06,0.99,3.27,0.54,11.20,7.00,1.00
1203.00,0.39,1.80,0.06,0.99,3.35,0.69,11.70,8.00,1.00
1204.00,0.19,5.80,0.11,0.99,3.14,0.55,9.40,5.00,0.00
1205.00,0.46,2.10,0.07,0.99,3.40,0.85,11.00,7.00,1.00
1206.00,0.46,2.10,0.07,0.99,3.40,0.85,11.00,7.00,1.00
1207.00,0.46,2.10,0.07,0.99,3.40,0.85,11.00,7.00,1.00
1208.00,0.55,1.70,0.13,0.99,3.35,0.94,10.00,5.00,0.00
1209.00,0.46,2.10,0.07,0.99,3.40,0.85,11.00,7.00,1.00
1210.00,0.43,2.00,0.07,0.99,3.45,0.87,11.20,7.00,1.00
1211.00,0.02,2.10,0.07,0.99,3.35,0.62,10.40,6.00,1.00
1212.00,0.15,2.10,0.07,0.99,3.32,0.62,9.30,5.00,0.00
1213.00,0.02,2.10,0.07,0.99,3.35,0.62,10.40,6.00,1.00
1214.00,0.42,1.90,0.07,0.99,3.15,0.75,10.50,6.00,1.00
1215.00,0.46,1.90,0.08,0.99,3.10,0.48,10.40,6.00,1.00
1216.00,0.46,2.10,0.09,0.99,3.26,0.56,11.30,6.00,1.00
1217.00,0.31,2.00,0.07,0.99,3.29,0.69,9.50,6.00,1.00
1218.00,0.37,1.90,0.05,0.99,3.23,0.81,12.00,6.00,1.00
1219.00,0.31,1.90,0.08,0.99,3.24,0.69,10.60,6.00,1.00
1220.00,0.40,1.30,0.04,0.99,3.20,0.83,10.90,6.00,1.00
1221.00,0.52,1.80,0.13,0.99,3.28,0.77,11.50,6.00,1.00
1222.00,0.52,1.80,0.13,0.99,3.28,0.77,11.50,6.00,1.00
1223.00,0.22,2.20,0.07,0.99,3.26,0.46,9.60,6.00,1.00
1224.00,0.47,2.20,0.07,0.99,3.23,0.76,12.00,6.00,1.00
1225.00,0.49,2.50,0.08,0.99,3.07,0.82,10.30,6.00,1.00
1226.00,0.23,2.60,0.09,0.99,3.15,0.51,9.40,5.00,0.00
1227.00,0.03,4.10,0.08,0.99,3.02,0.47,9.20,5.00,0.00
1228.00,0.25,2.00,0.10,0.99,3.27,0.72,9.60,5.00,0.00
1229.00,0.00,1.80,0.04,0.99,3.68,0.73,13.60,7.00,1.00
1230.00,0.29,2.10,0.07,0.99,3.40,0.64,9.50,5.00,0.00
1231.00,0.34,2.70,0.06,0.99,3.37,0.78,11.80,6.00,1.00
1232.00,0.01,2.60,0.07,0.99,3.38,0.62,10.80,5.00,0.00
1233.00,0.29,2.10,0.07,0.99,3.40,0.64,9.50,5.00,0.00
1234.00,0.37,2.20,0.05,0.99,3.23,0.49,9.30,4.00,0.00
1235.00,0.01,2.20,0.05,0.99,3.39,0.40,12.80,6.00,1.00
1236.00,0.32,12.90,0.05,0.99,3.30,0.56,11.50,4.00,0.00
1237.00,0.00,1.70,0.07,0.99,3.26,0.64,9.40,6.00,1.00
1238.00,0.01,2.20,0.05,0.99,3.39,0.40,12.80,6.00,1.00
1239.00,0.00,2.50,0.08,0.99,3.38,0.46,9.60,4.00,0.00
1240.00,0.00,4.30,0.05,0.99,3.45,0.56,11.80,4.00,0.00
1241.00,0.20,1.70,0.07,0.99,3.10,0.40,9.30,5.00,0.00
1242.00,0.39,2.50,0.07,0.99,3.16,0.59,9.80,5.00,0.00
1243.00,0.41,2.00,0.05,0.99,3.22,0.60,12.20,6.00,1.00
1244.00,0.22,2.40,0.08,0.99,3.37,0.62,9.50,5.00,0.00
1245.00,0.25,13.40,0.06,0.99,3.33,0.54,10.30,6.00,1.00
1246.00,0.19,1.80,0.08,0.99,3.49,0.68,10.50,5.00,0.00
1247.00,0.07,1.70,0.08,0.99,3.12,0.48,10.00,5.00,0.00
1248.00,0.19,1.80,0.08,0.99,3.49,0.68,10.50,5.00,0.00
1249.00,0.33,2.20,0.08,0.99,3.41,0.75,11.10,6.00,1.00
1250.00,0.01,2.30,0.07,0.99,3.40,0.61,10.90,6.00,1.00
1251.00,0.01,2.30,0.07,0.99,3.40,0.61,10.90,6.00,1.00
1252.00,0.14,2.20,0.07,0.99,3.28,0.59,9.80,5.00,0.00
1253.00,0.00,1.80,0.12,0.99,3.45,0.58,9.80,5.00,0.00
1254.00,0.00,1.40,0.09,0.99,3.43,0.58,9.50,5.00,0.00
1255.00,0.06,1.90,0.07,0.99,3.40,0.69,10.90,5.00,0.00
1256.00,0.02,2.40,0.06,0.99,3.47,0.45,11.00,5.00,0.00
1257.00,0.22,1.80,0.08,0.99,3.10,0.42,9.20,5.00,0.00
1258.00,0.28,4.80,0.08,0.99,3.32,0.70,11.00,6.00,1.00
1259.00,0.00,2.70,0.12,0.99,3.44,0.63,11.30,6.00,1.00
1260.00,0.00,2.70,0.12,0.99,3.44,0.63,11.30,6.00,1.00
1261.00,0.68,1.80,0.40,0.99,3.02,1.15,9.30,5.00,0.00
1262.00,0.00,2.00,0.08,0.99,3.59,0.55,11.20,4.00,0.00
1263.00,0.38,2.50,0.08,0.99,3.15,0.58,9.80,5.00,0.00
1264.00,0.00,2.20,0.08,0.99,3.37,0.46,9.60,4.00,0.00
1265.00,0.32,1.80,0.06,0.99,3.38,0.72,11.80,6.00,1.00
1266.00,0.05,2.30,0.08,0.99,3.38,0.60,10.30,6.00,1.00
1267.00,0.05,2.30,0.08,0.99,3.38,0.60,10.30,6.00,1.00
1268.00,0.50,2.30,0.06,0.99,3.10,0.87,11.40,6.00,1.00
1269.00,0.31,2.00,0.07,0.99,3.47,0.55,9.50,6.00,1.00
1270.00,0.03,1.80,0.04,0.99,3.50,0.82,14.00,8.00,1.00
1271.00,0.01,1.60,0.04,0.99,3.70,0.75,14.00,6.00,1.00
1272.00,0.20,1.60,0.04,0.99,3.38,0.57,11.70,6.00,1.00
1273.00,0.00,1.90,0.07,0.99,3.50,0.53,11.20,5.00,0.00
1274.00,0.20,2.00,0.07,0.99,3.10,0.43,9.30,5.00,0.00
1275.00,0.13,2.10,0.10,0.99,3.24,0.53,11.20,6.00,1.00
1276.00,0.22,2.30,0.07,0.99,3.24,0.54,9.50,6.00,1.00
1277.00,0.40,6.30,0.05,0.99,3.28,0.56,12.00,4.00,0.00
1278.00,0.00,1.90,0.11,0.99,3.35,0.60,9.70,6.00,1.00
1279.00,0.22,2.30,0.07,0.99,3.24,0.54,9.50,6.00,1.00
1280.00,0.39,1.70,0.06,0.99,3.14,0.57,11.50,7.00,1.00
1281.00,0.20,1.90,0.07,0.99,3.37,0.64,10.40,6.00,1.00
1282.00,0.20,1.90,0.07,0.99,3.37,0.64,10.40,6.00,1.00
1283.00,0.00,2.00,0.08,0.99,3.33,0.68,10.90,6.00,1.00
1284.00,0.28,2.70,0.09,0.99,3.26,0.63,10.20,6.00,1.00
1285.00,0.19,2.30,0.07,0.99,3.39,0.56,10.90,5.00,0.00
1286.00,0.50,1.80,0.09,0.99,3.15,0.57,10.50,5.00,0.00
1287.00,0.44,2.50,0.06,0.99,3.35,0.54,12.40,6.00,1.00
1288.00,0.08,2.60,0.05,0.99,3.22,0.37,13.00,5.00,0.00
1289.00,0.30,4.50,0.06,0.99,3.30,1.17,10.20,5.00,0.00
1290.00,0.30,4.50,0.06,0.99,3.30,1.17,10.20,5.00,0.00
1291.00,0.00,1.90,0.10,0.99,3.36,0.59,11.00,5.00,0.00
1292.00,0.10,2.10,0.07,0.99,3.29,0.75,10.90,6.00,1.00
1293.00,0.13,2.40,0.05,0.99,3.62,0.67,12.40,6.00,1.00
1294.00,0.00,1.90,0.08,0.99,3.34,0.49,9.70,4.00,0.00
1295.00,0.10,2.10,0.07,0.99,3.29,0.75,10.90,6.00,1.00
1296.00,0.00,4.30,0.09,0.99,3.20,0.45,9.50,5.00,0.00
1297.00,0.00,4.30,0.09,0.99,3.20,0.45,9.50,5.00,0.00
1298.00,0.14,2.10,0.06,0.99,3.35,0.61,12.10,6.00,1.00
1299.00,0.00,1.40,0.06,0.99,3.45,0.56,12.20,6.00,1.00
1300.00,0.00,2.10,0.13,0.99,3.50,0.40,10.90,3.00,0.00
1301.00,0.00,2.15,0.08,0.99,3.78,0.61,12.50,6.00,1.00
1302.00,0.07,2.00,0.10,0.99,3.60,0.74,11.70,6.00,1.00
1303.00,0.32,2.10,0.06,0.99,3.30,0.80,11.20,6.00,1.00
1304.00,0.44,1.80,0.08,0.99,3.36,0.66,11.20,5.00,0.00
1305.00,0.21,2.30,0.08,0.99,3.12,0.44,9.20,5.00,0.00
1306.00,0.26,1.90,0.07,0.99,3.30,0.53,9.80,5.00,0.00
1307.00,0.32,2.50,0.08,0.99,3.29,0.62,10.10,5.00,0.00
1308.00,0.09,3.90,0.06,0.99,3.41,0.52,11.10,4.00,0.00
1309.00,0.32,2.50,0.08,0.99,3.29,0.62,10.10,5.00,0.00
1310.00,0.10,1.40,0.07,0.99,3.28,0.61,9.20,5.00,0.00
1311.00,0.26,1.90,0.07,0.99,3.30,0.53,9.80,5.00,0.00
1312.00,0.15,3.00,0.06,0.99,3.33,0.59,12.80,6.00,1.00
1313.00,0.21,1.90,0.08,0.99,3.34,0.47,10.50,5.00,0.00
1314.00,0.21,2.30,0.08,0.99,3.40,0.54,10.10,6.00,1.00
1315.00,0.21,2.40,0.08,0.99,3.40,0.53,10.10,6.00,1.00
1316.00,0.27,2.00,0.08,0.99,3.26,0.58,9.80,6.00,1.00
1317.00,0.00,1.20,0.04,0.99,4.01,0.59,12.50,6.00,1.00
1318.00,0.46,2.20,0.09,0.99,3.18,0.69,11.90,6.00,1.00
1319.00,0.27,2.00,0.08,0.99,3.26,0.58,9.80,6.00,1.00
1320.00,0.68,1.70,0.41,0.99,2.90,1.33,9.10,6.00,1.00
1321.00,0.34,2.60,0.09,0.99,3.26,0.66,10.10,5.00,0.00
1322.00,0.00,1.20,0.04,0.99,4.01,0.59,12.50,6.00,1.00
1323.00,0.42,1.80,0.05,0.99,3.18,0.55,11.40,5.00,0.00
1324.00,0.39,1.80,0.06,0.99,3.18,0.82,11.00,7.00,1.00
1325.00,0.24,1.70,0.07,0.99,3.39,0.60,10.60,6.00,1.00
1326.00,0.24,1.70,0.07,0.99,3.39,0.60,10.60,6.00,1.00
1327.00,0.24,1.70,0.07,0.99,3.39,0.60,10.60,6.00,1.00
1328.00,0.24,1.70,0.07,0.99,3.39,0.60,10.60,6.00,1.00
1329.00,0.11,1.80,0.07,0.99,3.34,0.52,9.30,5.00,0.00
1330.00,0.26,2.10,0.08,0.99,3.29,0.56,9.80,6.00,1.00
1331.00,0.26,2.10,0.08,0.99,3.29,0.56,9.80,6.00,1.00
1332.00,0.26,3.80,0.10,0.99,3.26,0.46,9.20,5.00,0.00
1333.00,0.10,1.70,0.07,0.99,3.09,0.43,9.70,6.00,1.00
1334.00,0.22,2.20,0.07,0.99,3.18,0.51,9.60,5.00,0.00
1335.00,0.00,2.00,0.16,0.99,3.39,0.52,10.00,5.00,0.00
1336.00,0.02,2.40,0.06,0.99,3.38,0.66,12.60,6.00,1.00
1337.00,0.00,1.40,0.05,0.99,3.36,0.45,9.50,5.00,0.00
1338.00,0.00,1.40,0.05,0.99,3.36,0.45,9.50,5.00,0.00
1339.00,0.00,1.40,0.05,0.99,3.36,0.45,9.50,5.00,0.00
1340.00,0.02,1.70,0.08,0.99,3.36,0.54,10.50,6.00,1.00
1341.00,0.02,1.70,0.08,0.99,3.36,0.54,10.50,6.00,1.00
1342.00,0.02,1.70,0.08,0.99,3.36,0.54,10.50,6.00,1.00
1343.00,0.02,1.70,0.08,0.99,3.37,0.51,10.40,6.00,1.00
1344.00,0.02,1.70,0.08,0.99,3.36,0.54,10.50,6.00,1.00
1345.00,0.48,2.60,0.07,0.99,3.09,0.53,11.00,5.00,0.00
1346.00,0.24,2.30,0.06,0.99,3.25,0.53,10.20,6.00,1.00
1347.00,0.01,2.10,0.05,0.99,3.52,0.56,11.40,5.00,0.00
1348.00,0.03,1.80,0.07,0.99,3.34,0.39,9.50,5.00,0.00
1349.00,0.03,1.80,0.07,0.99,3.34,0.39,9.50,5.00,0.00
1350.00,0.00,2.80,0.08,0.99,3.41,0.52,10.80,5.00,0.00
1351.00,0.29,2.00,0.06,0.99,3.34,0.57,10.00,5.00,0.00
1352.00,0.01,2.30,0.06,0.99,3.32,0.51,11.80,6.00,1.00
1353.00,0.03,1.90,0.08,0.99,3.37,0.46,10.30,5.00,0.00
1354.00,0.03,1.90,0.08,0.99,3.37,0.46,10.30,5.00,0.00
1355.00,0.03,2.30,0.07,0.99,3.35,0.52,10.00,5.00,0.00
1356.00,0.25,1.80,0.08,0.99,3.36,0.44,10.10,5.00,0.00
1357.00,0.25,1.80,0.08,0.99,3.36,0.44,10.10,5.00,0.00
1358.00,0.24,2.50,0.07,0.99,3.60,0.59,11.10,6.00,1.00
1359.00,0.17,5.40,0.16,0.99,3.28,0.50,9.50,5.00,0.00
1360.00,0.40,1.40,0.09,0.99,3.07,0.65,10.03,6.00,1.00
1361.00,0.31,2.30,0.11,0.99,3.24,0.56,10.90,5.00,0.00
1362.00,0.14,2.50,0.09,0.99,3.36,0.54,10.10,5.00,0.00
1363.00,0.40,1.40,0.09,0.99,3.07,0.65,10.03,6.00,1.00
1364.00,0.27,2.00,0.08,0.99,3.29,0.48,9.80,4.00,0.00
1365.00,0.02,1.90,0.09,0.99,3.46,0.53,11.80,6.00,1.00
1366.00,0.09,2.20,0.11,0.99,3.18,0.62,9.50,5.00,0.00
1367.00,0.08,1.70,0.09,0.99,3.24,0.50,9.80,5.00,0.00
1368.00,0.30,2.20,0.08,0.99,3.25,1.18,10.50,6.00,1.00
1369.00,0.32,2.10,0.07,0.99,3.27,0.50,9.80,6.00,1.00
1370.00,0.00,1.60,0.06,0.99,3.33,0.37,10.40,4.00,0.00
1371.00,0.51,1.70,0.41,0.99,3.00,1.17,9.20,5.00,0.00
1372.00,0.56,3.10,0.15,0.99,3.21,1.03,11.60,6.00,1.00
1373.00,0.51,1.70,0.41,0.99,3.00,1.17,9.20,5.00,0.00
1374.00,0.27,3.80,0.11,0.99,3.24,0.45,9.30,5.00,0.00
1375.00,0.00,1.20,0.26,0.99,3.32,0.51,9.80,3.00,0.00
1376.00,0.26,2.00,0.08,0.99,3.26,0.52,9.90,5.00,0.00
1377.00,0.20,1.40,0.08,0.99,3.11,0.46,10.00,5.00,0.00
1378.00,0.26,2.30,0.09,0.99,3.71,0.62,12.20,6.00,1.00
1379.00,0.15,2.00,0.07,0.99,3.29,0.51,9.90,6.00,1.00
1380.00,0.02,2.60,0.07,0.99,3.36,0.62,10.80,6.00,1.00
1381.00,0.02,2.60,0.07,0.99,3.36,0.62,10.80,6.00,1.00
1382.00,0.09,1.80,0.07,0.99,3.38,0.45,9.60,5.00,0.00
1383.00,0.22,2.10,0.08,0.99,3.30,0.49,9.90,5.00,0.00
1384.00,0.22,2.10,0.08,0.99,3.30,0.49,9.90,5.00,0.00
1385.00,0.15,1.80,0.10,0.99,3.19,0.50,9.50,5.00,0.00
1386.00,0.25,3.40,0.07,0.99,3.19,0.42,9.20,5.00,0.00
1387.00,0.07,1.80,0.10,0.99,3.30,0.58,9.60,5.00,0.00
1388.00,0.07,1.80,0.10,0.99,3.30,0.58,9.60,5.00,0.00
1389.00,0.31,6.10,0.08,0.99,3.35,0.68,10.30,5.00,0.00
1390.00,0.02,2.20,0.08,0.99,3.10,0.53,9.70,5.00,0.00
1391.00,0.00,2.30,0.06,0.99,3.58,0.59,12.50,6.00,1.00
1392.00,0.22,2.40,0.09,0.99,3.37,0.58,11.00,5.00,0.00
1393.00,0.06,1.30,0.07,0.99,3.17,0.48,9.80,5.00,0.00
1394.00,0.25,2.00,0.07,0.99,3.30,0.48,10.20,5.00,0.00
1395.00,0.14,3.90,0.07,0.99,3.32,0.48,9.20,5.00,0.00
1396.00,0.10,1.60,0.09,0.99,3.31,0.65,9.55,6.00,1.00
1397.00,0.10,1.60,0.09,0.99,3.31,0.65,9.55,5.00,0.00
1398.00,0.26,2.00,0.08,0.99,3.28,0.52,9.90,5.00,0.00
1399.00,0.12,2.20,0.08,0.99,3.52,0.62,10.20,7.00,1.00
1400.00,0.00,2.20,0.06,0.99,3.42,0.72,11.10,6.00,1.00
1401.00,0.21,2.10,0.08,0.99,3.25,0.51,9.90,5.00,0.00
1402.00,0.21,2.10,0.08,0.99,3.25,0.51,9.90,5.00,0.00
1403.00,0.42,2.00,0.05,0.99,3.44,0.82,11.90,6.00,1.00
1404.00,0.33,1.70,0.06,0.99,3.23,1.10,10.00,8.00,1.00
1405.00,0.39,2.60,0.08,0.99,3.43,0.62,10.70,6.00,1.00
1406.00,0.30,2.00,0.06,0.99,3.28,0.90,11.30,7.00,1.00
1407.00,0.34,5.10,0.06,0.99,3.22,0.94,10.90,6.00,1.00
1408.00,0.00,2.10,0.06,0.99,3.54,0.93,10.70,6.00,1.00
1409.00,0.36,2.20,0.04,0.99,3.27,1.01,12.40,7.00,1.00
1410.00,0.00,2.10,0.06,0.99,3.54,0.93,10.70,6.00,1.00
1411.00,0.00,1.80,0.08,0.99,3.50,0.44,11.90,6.00,1.00
1412.00,0.40,2.40,0.07,0.99,3.56,0.73,10.60,6.00,1.00
1413.00,0.34,5.10,0.06,0.99,3.22,0.94,10.90,6.00,1.00
1414.00,0.25,2.00,0.10,0.99,3.04,0.90,10.10,5.00,0.00
1415.00,0.59,2.20,0.07,0.99,3.20,0.78,9.60,5.00,0.00
1416.00,0.00,1.60,0.06,0.99,3.56,0.84,9.40,5.00,0.00
1417.00,0.59,2.20,0.07,0.99,3.20,0.78,9.60,5.00,0.00
1418.00,0.33,2.50,0.06,0.99,3.35,0.77,12.10,7.00,1.00
1419.00,0.01,1.60,0.07,0.99,3.16,0.46,9.80,5.00,0.00
1420.00,0.21,2.20,0.07,0.99,3.27,0.45,9.90,5.00,0.00
1421.00,0.01,1.60,0.07,0.99,3.16,0.46,9.80,5.00,0.00
1422.00,0.18,1.60,0.07,0.99,3.34,0.58,9.40,5.00,0.00
1423.00,0.00,2.10,0.07,0.99,3.39,0.84,11.40,6.00,1.00
1424.00,0.09,3.90,0.12,0.99,3.50,0.67,11.00,4.00,0.00
1425.00,0.37,1.40,0.07,0.99,3.26,0.70,9.60,6.00,1.00
1426.00,0.37,1.40,0.07,0.99,3.26,0.70,9.60,6.00,1.00
1427.00,0.37,1.80,0.04,0.99,3.41,0.71,12.10,6.00,1.00
1428.00,0.33,2.50,0.07,0.99,3.30,0.58,11.20,5.00,0.00
1429.00,0.00,1.90,0.07,0.99,3.31,0.63,11.00,5.00,0.00
1430.00,0.40,2.20,0.04,0.99,3.33,0.93,11.30,5.00,0.00
1431.00,0.24,1.80,0.06,0.99,3.37,0.62,10.40,5.00,0.00
1432.00,0.31,2.10,0.06,0.99,3.26,0.54,9.90,6.00,1.00
1433.00,0.00,1.60,0.04,0.99,3.48,0.85,11.70,6.00,1.00
1434.00,0.16,1.80,0.06,0.99,3.42,0.74,10.10,7.00,1.00
1435.00,0.37,15.40,0.21,1.00,3.18,0.77,9.00,6.00,1.00
1436.00,0.37,15.40,0.21,1.00,3.18,0.77,9.00,6.00,1.00
1437.00,0.38,1.60,0.16,0.99,3.15,0.65,8.50,5.00,0.00
1438.00,0.29,4.80,0.07,0.99,3.53,0.54,11.10,5.00,0.00
1439.00,0.00,1.70,0.05,0.99,3.41,0.47,10.30,5.00,0.00
1440.00,0.02,2.20,0.07,0.99,3.32,0.68,11.06,6.00,1.00
1441.00,0.32,2.00,0.06,0.99,3.23,0.73,11.30,7.00,1.00
1442.00,0.19,5.20,0.09,0.99,3.16,0.52,9.56,6.00,1.00
1443.00,0.02,1.90,0.07,0.99,3.40,0.75,9.80,5.00,0.00
1444.00,0.20,1.75,0.05,0.99,3.38,0.49,11.70,5.00,0.00
1445.00,0.02,2.20,0.07,0.99,3.32,0.68,11.10,6.00,1.00
1446.00,0.19,5.20,0.09,0.99,3.16,0.52,9.60,6.00,1.00
1447.00,0.02,1.90,0.07,0.99,3.40,0.75,9.80,5.00,0.00
1448.00,0.00,1.90,0.08,0.99,3.40,0.74,9.70,5.00,0.00
1449.00,0.01,1.90,0.08,0.99,3.40,0.73,9.70,5.00,0.00
1450.00,0.31,2.00,0.05,0.99,3.23,0.76,11.30,8.00,1.00
1451.00,0.32,2.00,0.06,0.99,3.23,0.73,11.30,7.00,1.00
1452.00,0.44,2.70,0.10,0.99,3.33,0.78,11.00,7.00,1.00
1453.00,0.02,2.00,0.06,0.99,3.35,0.76,11.60,7.00,1.00
1454.00,0.33,1.90,0.07,0.99,3.41,0.58,9.00,5.00,0.00
1455.00,0.63,2.20,0.07,0.99,3.21,0.69,10.90,6.00,1.00
1456.00,0.00,1.60,0.05,0.99,3.50,0.63,10.90,6.00,1.00
1457.00,0.06,1.80,0.05,0.99,3.30,0.50,10.55,6.00,1.00
1458.00,0.33,1.90,0.07,0.99,3.41,0.58,9.00,5.00,0.00
1459.00,0.40,1.70,0.06,0.99,3.39,0.60,10.50,5.00,0.00
1460.00,0.35,1.70,0.05,0.99,3.32,0.80,11.90,7.00,1.00
1461.00,0.09,2.30,0.05,0.99,3.41,0.68,10.40,6.00,1.00
1462.00,0.00,2.10,0.06,0.99,3.59,0.61,10.00,4.00,0.00
1463.00,0.03,2.30,0.07,0.99,3.36,0.58,10.40,6.00,1.00
1464.00,0.01,2.40,0.07,0.99,3.34,0.53,10.80,6.00,1.00
1465.00,0.10,1.70,0.06,0.99,3.41,0.67,9.70,5.00,0.00
1466.00,0.10,1.70,0.06,0.99,3.41,0.67,9.70,5.00,0.00
1467.00,0.32,2.10,0.06,0.99,3.30,0.65,10.00,7.00,1.00
1468.00,0.08,2.30,0.06,0.99,3.52,0.57,11.00,4.00,0.00
1469.00,0.32,2.10,0.06,0.99,3.30,0.65,10.00,7.00,1.00
1470.00,0.05,2.10,0.06,0.99,3.31,0.55,9.70,3.00,0.00
1471.00,0.11,1.40,0.08,0.99,2.88,0.47,9.70,5.00,0.00
1472.00,0.08,3.75,0.06,0.99,3.43,0.52,12.60,5.00,0.00
1473.00,0.60,2.60,0.07,0.99,3.38,0.79,11.10,6.00,1.00
1474.00,0.08,1.80,0.07,0.99,3.38,0.54,11.00,5.00,0.00
1475.00,0.50,13.80,0.20,1.00,3.16,0.75,8.80,5.00,0.00
1476.00,0.11,2.20,0.04,0.99,3.54,0.88,13.56,7.00,1.00
1477.00,0.50,13.80,0.20,1.00,3.16,0.75,8.80,5.00,0.00
1478.00,0.11,2.20,0.04,0.99,3.54,0.88,13.60,7.00,1.00
1479.00,0.05,5.70,0.08,0.99,3.40,0.52,10.20,3.00,0.00
1480.00,0.60,3.00,0.10,0.99,3.39,0.68,10.60,5.00,0.00
1481.00,0.03,1.50,0.08,0.99,3.66,0.62,10.10,4.00,0.00
1482.00,0.60,3.00,0.10,0.99,3.39,0.68,10.60,5.00,0.00
1483.00,0.54,2.10,0.11,0.99,3.33,0.57,10.30,4.00,0.00
1484.00,0.44,1.50,0.04,0.99,3.35,0.61,10.70,5.00,0.00
1485.00,0.06,2.00,0.06,0.99,3.53,0.64,10.90,4.00,0.00
1486.00,0.16,2.10,0.07,0.99,3.37,0.55,9.70,5.00,0.00
1487.00,0.21,2.10,0.07,0.99,3.38,0.60,10.30,5.00,0.00
1488.00,0.05,1.90,0.06,0.99,3.52,0.78,10.60,5.00,0.00
1489.00,0.04,1.70,0.04,0.99,3.72,0.58,11.40,5.00,0.00
1490.00,0.10,2.10,0.04,0.99,3.44,0.76,10.80,6.00,1.00
1491.00,0.49,1.80,0.03,0.99,3.39,0.56,12.40,6.00,1.00
1492.00,0.04,1.70,0.04,0.99,3.72,0.58,11.40,5.00,0.00
1493.00,0.06,1.60,0.05,0.99,3.57,0.54,11.95,5.00,0.00
1494.00,0.26,1.90,0.08,0.99,3.26,0.59,9.70,5.00,0.00
1495.00,0.09,1.40,0.06,0.99,3.42,0.70,10.00,7.00,1.00
1496.00,0.02,1.90,0.08,0.99,3.35,0.81,10.60,6.00,1.00
1497.00,0.26,1.90,0.08,0.99,3.26,0.59,9.70,5.00,0.00
1498.00,0.03,2.30,0.05,0.99,3.45,0.63,11.50,6.00,1.00
1499.00,0.04,2.30,0.06,0.99,3.53,0.58,10.80,6.00,1.00
1500.00,0.03,2.30,0.05,0.99,3.45,0.63,11.50,6.00,1.00
1501.00,0.04,1.50,0.07,0.99,3.26,0.53,9.60,5.00,0.00
1502.00,0.29,4.30,0.08,0.99,3.16,0.53,9.40,5.00,0.00
1503.00,0.18,2.40,0.07,0.99,3.31,0.54,9.80,5.00,0.00
1504.00,0.39,2.50,0.07,0.99,3.51,0.69,11.00,6.00,1.00
1505.00,0.57,2.30,0.10,0.99,3.36,0.55,11.40,6.00,1.00
1506.00,0.02,1.80,0.07,0.99,3.55,0.63,9.95,3.00,0.00
1507.00,0.05,2.00,0.07,0.99,3.51,0.66,10.80,6.00,1.00
1508.00,0.57,2.30,0.10,0.99,3.36,0.55,11.40,6.00,1.00
1509.00,0.60,2.10,0.07,0.99,3.38,0.72,10.60,6.00,1.00
1510.00,0.40,1.80,0.06,0.99,3.28,0.70,11.10,5.00,0.00
1511.00,0.21,2.20,0.04,0.99,3.47,0.77,9.70,6.00,1.00
1512.00,0.04,2.10,0.06,0.99,3.44,0.67,9.80,5.00,0.00
1513.00,0.04,2.20,0.06,0.99,3.53,0.65,10.40,6.00,1.00
1514.00,0.15,1.80,0.07,0.99,3.33,0.60,10.50,6.00,1.00
1515.00,0.21,4.10,0.07,0.99,3.53,0.72,9.23,6.00,1.00
1516.00,0.21,4.10,0.07,0.99,3.53,0.72,9.25,6.00,1.00
1517.00,0.25,2.30,0.07,0.99,3.42,0.97,10.60,5.00,0.00
1518.00,0.06,2.00,0.06,0.99,3.38,0.83,10.30,6.00,1.00
1519.00,0.46,2.20,0.11,0.99,3.32,0.63,10.50,5.00,0.00
1520.00,0.08,2.60,0.10,0.99,3.44,0.58,10.20,5.00,0.00
1521.00,0.06,2.00,0.06,0.99,3.38,0.83,10.30,6.00,1.00
1522.00,0.20,1.90,0.08,0.99,3.39,0.43,9.05,4.00,0.00
1523.00,0.25,2.30,0.07,0.99,3.42,0.97,10.60,5.00,0.00
1524.00,0.25,2.00,0.07,0.99,3.34,0.60,10.40,5.00,0.00
1525.00,0.19,2.00,0.07,0.99,3.39,0.78,10.00,6.00,1.00
1526.00,0.08,2.10,0.06,0.99,3.33,0.64,9.70,5.00,0.00
1527.00,0.08,2.20,0.06,0.99,3.30,0.65,9.60,6.00,1.00
1528.00,0.07,1.70,0.07,0.99,3.29,0.66,10.80,6.00,1.00
1529.00,0.49,2.20,0.09,0.99,3.31,0.67,10.10,6.00,1.00
1530.00,0.08,2.10,0.06,0.99,3.42,0.60,10.20,6.00,1.00
1531.00,0.09,2.20,0.06,0.99,3.42,0.69,11.30,6.00,1.00
1532.00,0.10,2.80,0.08,0.99,3.60,0.66,10.20,5.00,0.00
1533.00,0.13,2.00,0.05,0.99,3.21,0.68,9.90,6.00,1.00
1534.00,0.30,1.90,0.07,0.99,3.39,0.61,9.00,5.00,0.00
1535.00,0.14,2.40,0.06,0.99,3.42,0.62,11.70,7.00,1.00
1536.00,0.13,2.20,0.07,0.99,3.36,0.59,9.70,6.00,1.00
1537.00,0.08,1.90,0.07,0.99,3.60,0.68,10.30,6.00,1.00
1538.00,0.08,1.90,0.05,0.99,3.50,0.64,10.20,6.00,1.00
1539.00,0.09,2.50,0.08,0.99,3.57,0.63,12.00,5.00,0.00
1540.00,0.32,1.80,0.06,0.99,3.46,0.78,9.90,5.00,0.00
1541.00,0.08,4.40,0.07,0.99,3.56,0.63,11.60,6.00,1.00
1542.00,0.29,2.20,0.05,0.99,3.40,0.76,10.90,7.00,1.00
1543.00,0.02,1.90,0.06,0.99,3.30,0.56,10.75,6.00,1.00
1544.00,0.42,2.20,0.06,0.99,3.25,0.57,10.40,6.00,1.00
1545.00,0.43,2.30,0.06,0.99,3.17,0.81,11.20,7.00,1.00
1546.00,0.33,1.80,0.05,0.99,3.36,0.64,10.10,6.00,1.00
1547.00,0.02,2.00,0.07,0.99,3.36,0.61,10.20,5.00,0.00
1548.00,0.10,1.60,0.04,0.99,3.55,0.51,12.10,5.00,0.00
1549.00,0.50,2.00,0.09,0.99,3.10,0.58,10.40,5.00,0.00
1550.00,0.30,1.80,0.07,0.99,3.24,0.70,11.40,8.00,1.00
1551.00,0.00,2.30,0.08,0.99,3.45,0.53,9.50,5.00,0.00
1552.00,0.00,2.30,0.08,0.99,3.44,0.54,9.40,5.00,0.00
1553.00,0.01,3.70,0.10,0.99,3.51,0.66,11.30,6.00,1.00
1554.00,0.00,2.20,0.08,0.99,3.41,0.60,9.40,5.00,0.00
1555.00,0.02,2.40,0.06,0.99,3.54,0.60,11.00,6.00,1.00
1556.00,0.17,1.70,0.06,0.99,3.44,0.68,10.55,7.00,1.00
1557.00,0.04,2.20,0.06,0.99,3.53,0.56,9.90,5.00,0.00
1558.00,0.02,2.40,0.06,0.99,3.54,0.60,11.00,6.00,1.00
1559.00,0.33,6.70,0.23,0.99,3.22,0.56,9.50,5.00,0.00
1560.00,0.26,2.00,0.08,0.99,3.21,0.52,9.90,5.00,0.00
1561.00,0.26,2.00,0.08,0.99,3.21,0.52,9.90,5.00,0.00
1562.00,0.26,2.00,0.08,0.99,3.21,0.52,9.90,5.00,0.00
1563.00,0.13,2.00,0.07,0.99,3.29,0.54,10.10,5.00,0.00
1564.00,0.13,2.00,0.07,0.99,3.29,0.54,10.10,5.00,0.00
1565.00,0.13,2.00,0.07,0.99,3.29,0.54,10.10,5.00,0.00
1566.00,0.02,1.90,0.06,0.99,3.39,0.82,10.90,6.00,1.00
1567.00,0.64,2.10,0.05,0.99,3.34,0.71,11.20,6.00,1.00
1568.00,0.13,2.00,0.07,0.99,3.29,0.54,10.10,5.00,0.00
1569.00,0.13,1.60,0.07,0.99,3.34,0.59,9.20,5.00,0.00
1570.00,0.14,1.90,0.05,0.99,3.48,0.57,11.50,6.00,1.00
1571.00,0.53,2.20,0.23,0.99,3.37,0.93,12.40,6.00,1.00
1572.00,0.14,2.20,0.03,0.99,3.44,0.65,11.10,6.00,1.00
1573.00,0.32,2.20,0.06,0.99,3.33,0.51,9.50,5.00,0.00
1574.00,0.20,2.40,0.07,0.99,3.58,0.67,12.50,6.00,1.00
1575.00,0.78,13.90,0.07,0.99,3.39,0.48,10.50,6.00,1.00
1576.00,0.40,2.20,0.06,0.99,3.26,0.64,11.80,6.00,1.00
1577.00,0.63,1.60,0.08,0.99,3.30,0.78,10.80,6.00,1.00
1578.00,0.15,5.10,0.07,0.99,3.54,0.60,11.90,6.00,1.00
1579.00,0.15,1.80,0.11,0.99,3.42,0.67,11.30,6.00,1.00
1580.00,0.09,1.70,0.05,0.99,3.54,0.60,11.30,5.00,0.00
1581.00,0.33,2.40,0.06,0.99,3.36,0.60,11.90,6.00,1.00
1582.00,0.09,1.70,0.05,0.99,3.54,0.60,11.30,5.00,0.00
1583.00,0.10,2.60,0.05,0.99,3.57,0.50,11.90,5.00,0.00
1584.00,0.29,2.10,0.07,0.99,3.33,0.62,9.80,5.00,0.00
1585.00,0.44,2.40,0.06,0.99,3.29,0.80,11.60,7.00,1.00
1586.00,0.44,2.60,0.06,0.99,3.30,0.84,11.50,6.00,1.00
1587.00,0.41,2.40,0.06,0.99,3.34,0.85,11.40,6.00,1.00
1588.00,0.11,1.80,0.06,0.99,3.55,0.66,10.90,6.00,1.00
1589.00,0.33,2.50,0.06,0.99,3.27,0.78,12.80,6.00,1.00
1590.00,0.20,7.80,0.07,0.99,3.29,0.54,9.20,5.00,0.00
1591.00,0.15,1.80,0.07,0.99,3.32,0.82,11.60,6.00,1.00
1592.00,0.09,1.70,0.08,0.99,3.67,0.56,11.60,6.00,1.00
1593.00,0.13,2.30,0.07,0.99,3.42,0.75,11.00,6.00,1.00
1594.00,0.08,1.90,0.06,0.99,3.42,0.82,9.50,6.00,1.00
1595.00,0.08,2.00,0.09,0.99,3.45,0.58,10.50,5.00,0.00
1596.00,0.10,2.20,0.06,0.99,3.52,0.76,11.20,6.00,1.00
1597.00,0.13,2.30,0.07,0.99,3.42,0.75,11.00,6.00,1.00
1598.00,0.12,2.00,0.07,0.99,3.57,0.71,10.20,5.00,0.00
1599.00,0.47,3.60,0.06,0.99,3.39,0.66,11.00,6.00,1.00
